task_id,arrival_time_min,cpu_demand_pct,duration_min,latency_sla_min,node_id,queue_wait_min,start_time_min,end_time_min,completion_latency_min,migrated,sla_breached
0,1.325932710663873,9.628684762026435,21.125370690788728,6.21333509135472,0,0.0,1.325932710663873,22.451303401452602,21.125370690788728,False,False
1,2.9056430350028086,18.10152167697087,8.008370838946817,3.859700506072453,1,0.0,2.9056430350028086,10.914013873949626,8.008370838946817,False,False
2,5.497503045186936,33.75677639724336,15.504496234401206,6.479146590752004,2,0.0,5.497503045186936,21.00199927958814,15.504496234401206,False,False
3,8.582331333012286,11.889680899965658,5.691022098022589,5.743610715290003,3,0.0,8.582331333012286,14.273353431034876,5.691022098022589,False,False
4,11.40057731182291,6.661862274927803,6.889961186203875,1.3736735283902277,4,0.0,11.40057731182291,18.290538498026784,6.889961186203873,False,False
5,11.676437036398575,10.444952287895722,8.628856390923088,2.745713030825483,5,0.0,11.676437036398575,20.305293427321665,8.62885639092309,False,False
6,11.940807016608773,32.74525607054186,4.775167964236514,6.905024661184269,6,0.0,11.940807016608773,16.71597498084529,4.775167964236516,False,False
7,17.204776154188778,18.6295388552524,25.111186313496994,3.067513177408629,7,0.0,17.204776154188778,42.31596246768577,25.111186313496994,False,False
8,17.954661229709387,5.162895023861013,3.44642167640317,5.241476243534094,8,0.0,17.954661229709387,21.401082906112556,3.446421676403169,False,False
9,19.13562994918297,11.053463321571662,5.497863020558006,4.531716931350905,9,0.0,19.13562994918297,24.633492969740978,5.4978630205580075,False,False
10,26.255002083095725,32.8238137551208,14.549805191192402,3.152745506945503,10,0.0,26.255002083095725,40.80480727428812,14.549805191192398,False,False
11,26.30025146573154,13.340663198024416,21.684937039568993,5.436388411484841,11,0.0,26.30025146573154,47.985188505300535,21.684937039568993,False,False
12,27.78438176001652,28.320293825875357,15.711592770873365,7.8987811864644835,12,0.0,27.78438176001652,43.49597453088988,15.711592770873363,False,False
13,28.531780868132266,16.181070239202025,3.3635572247878356,1.764976037801906,13,0.0,28.531780868132266,31.895338092920102,3.3635572247878365,False,False
14,28.930564848964547,20.438880263490496,20.96404718220312,1.2072510239002925,14,0.0,28.930564848964547,49.89461203116767,20.96404718220312,False,False
15,32.48183963283449,12.381998345148155,3.834852149714708,4.185824896882337,15,0.0,32.48183963283449,36.3166917825492,3.834852149714706,False,False
16,32.72623989894872,8.362111129960926,26.157407784744585,1.008631437583357,16,0.0,32.72623989894872,58.883647683693304,26.157407784744585,False,False
17,33.605807395776395,10.649659244340555,2.8759383612460474,1.7744062729354229,17,0.0,33.605807395776395,36.481745757022445,2.8759383612460496,False,False
18,34.32418070632282,30.601083780271,19.335334419955274,2.1392044027347032,18,0.0,34.32418070632282,53.659515126278094,19.335334419955274,False,False
19,35.205010290823,15.394359662215427,2.5329561388896242,2.1584143030724254,19,0.0,35.205010290823,37.73796642971262,2.532956138889624,False,False
20,36.10910165366308,34.792537457915195,18.369887355756635,1.888369828629592,0,0.0,36.10910165366308,54.47898900941972,18.36988735575664,False,False
21,36.47372446080311,22.83702826672593,10.253145409677364,5.645347326622463,1,0.0,36.47372446080311,46.72686987048048,10.253145409677366,False,False
22,36.54349887164302,22.871413240571822,8.475855111231862,7.1172194853266095,2,0.0,36.54349887164302,45.019353982874875,8.475855111231859,False,False
23,37.367292978347415,28.88085668931135,16.56644187728783,3.8557300125239564,3,0.0,37.367292978347415,53.933734855635244,16.56644187728783,False,False
24,38.877363505835675,34.37673901121839,12.56005104995906,6.035187735835765,4,0.0,38.877363505835675,51.43741455579473,12.560051049959057,False,False
25,43.02503097508583,8.568599322206339,27.67175541361748,3.250730940376322,5,0.0,43.02503097508583,70.69678638870332,27.671755413617483,False,False
26,44.79836421813356,18.488980652680418,26.989655311245137,6.247330332460073,6,0.0,44.79836421813356,71.78801952937869,26.98965531124513,False,False
27,50.0448119124741,18.089499790827894,23.689468676182436,1.2438684519594096,7,0.0,50.0448119124741,73.73428058865653,23.68946867618243,False,False
28,52.565247994418584,23.04675357368047,15.613378117423714,2.82129258740094,8,0.0,52.565247994418584,68.1786261118423,15.613378117423721,False,False
29,53.19474540842167,11.368314165222289,27.046321936125867,5.524035342599914,9,0.0,53.19474540842167,80.24106734454753,27.046321936125864,False,False
30,53.89585476345136,15.721088705061625,9.41460096500423,5.2733954713925195,10,0.0,53.89585476345136,63.310455728455594,9.414600965004233,False,False
31,57.1450512703228,33.365596730657195,12.989572559418427,7.46730280381801,11,0.0,57.1450512703228,70.13462382974123,12.989572559418427,False,False
32,57.21677271136434,6.156259979703071,21.051726558757814,4.9386760968235315,12,0.0,57.21677271136434,78.26849927012216,21.05172655875782,False,False
33,57.545039917806804,28.59949137480798,11.260049868890952,7.151345338477777,13,0.0,57.545039917806804,68.80508978669775,11.260049868890945,False,False
34,59.19894703623921,20.61372331301683,14.98292001108203,5.830887387049218,14,0.0,59.19894703623921,74.18186704732125,14.982920011082037,False,False
35,62.09423677619659,9.725700239524384,7.7629542043642115,7.830152170727624,15,0.0,62.09423677619659,69.8571909805608,7.762954204364213,False,False
36,62.413873207107805,9.608054976132756,3.7731974036716265,2.365869687646355,16,0.0,62.413873207107805,66.18707061077943,3.773197403671624,False,False
37,64.49226824151097,34.441613037590045,15.132142212354822,7.277287601134889,17,0.0,64.49226824151097,79.62441045386579,15.132142212354822,False,False
38,71.80665605685844,22.13502086167223,29.8341776286666,1.2705101687881921,18,0.0,71.80665605685844,101.64083368552504,29.834177628666595,False,False
39,73.314585123003,9.858247107488936,19.89900952997276,6.480336919202068,19,0.0,73.314585123003,93.21359465297576,19.89900952997276,False,False
40,73.44539912394438,31.02270618447751,10.562406404679887,5.332414668214681,0,0.0,73.44539912394438,84.00780552862427,10.56240640467989,False,False
41,76.71614041608018,11.60473673456899,21.933698696480203,4.944662658786761,1,0.0,76.71614041608018,98.64983911256039,21.933698696480207,False,False
42,76.76423488922802,15.448276503843687,26.222806493498155,1.2162498592522253,2,0.0,76.76423488922802,102.98704138272618,26.222806493498155,False,False
43,77.52456708576084,33.755458819263566,21.880472641529455,5.448922478071294,3,0.0,77.52456708576084,99.40503972729029,21.88047264152945,False,False
44,84.74262938590002,14.490843720101456,6.956039511397549,5.591110026879884,4,0.0,84.74262938590002,91.69866889729757,6.956039511397549,False,False
45,85.00705063497801,10.358125270913533,27.30931728627341,4.8464552896004065,5,0.0,85.00705063497801,112.31636792125143,27.309317286273412,False,False
46,85.69204194401459,15.566374806953725,21.919461735872783,1.1290646201263566,6,0.0,85.69204194401459,107.61150367988738,21.919461735872787,False,False
47,86.88906600897,32.748874181208365,28.65400612226542,1.0843630411114764,7,0.0,86.88906600897,115.54307213123542,28.654006122265415,False,False
48,90.01221931821395,23.431583196055573,12.464104080705837,5.559344991180325,8,0.0,90.01221931821395,102.47632339891979,12.464104080705837,False,False
49,90.037359783742,12.448827436558783,14.783325043833461,3.7585038191792712,9,0.0,90.037359783742,104.82068482757546,14.783325043833457,False,False
50,90.4081877984473,23.041182884340436,23.387633884074027,2.993653120549226,10,0.0,90.4081877984473,113.79582168252134,23.387633884074035,False,False
51,92.22330353077942,19.838006719233586,5.470265524344578,2.6692651060101977,11,0.0,92.22330353077942,97.693569055124,5.470265524344583,False,False
52,93.12051667741865,8.24748324424571,8.726970551829968,2.9173431802423164,12,0.0,93.12051667741865,101.84748722924861,8.726970551829965,False,False
53,96.56495173267271,22.935680996186107,24.845234032966637,1.4726912009263735,13,0.0,96.56495173267271,121.41018576563934,24.84523403296663,False,False
54,98.04723299298986,24.611914177307618,11.49244401205129,5.5882157490400095,14,0.0,98.04723299298986,109.53967700504116,11.492444012051294,False,False
55,98.30078608398006,16.06635142212412,9.127380809563899,3.7014490402425038,15,0.0,98.30078608398006,107.42816689354396,9.127380809563903,False,False
56,99.07538574999023,17.872966144077708,21.552915420320467,7.906983387137399,16,0.0,99.07538574999023,120.62830117031069,21.55291542032046,False,False
57,99.90769221266181,21.68570890393368,8.05554067433144,7.022421235472484,17,0.0,99.90769221266181,107.96323288699325,8.05554067433144,False,False
58,100.71118495823642,26.884852635829375,28.56846520017551,6.295521334091173,18,0.0,100.71118495823642,129.27965015841193,28.56846520017551,False,False
59,101.85815390186173,7.009340393959698,13.291660322049635,1.5619412428282597,19,0.0,101.85815390186173,115.14981422391136,13.291660322049637,False,False
60,103.08032392163709,6.688664389459735,25.90164484810855,2.6429244233632705,0,0.0,103.08032392163709,128.98196876974563,25.901644848108546,False,False
61,104.35309873477405,27.86754044910535,29.641217297167426,1.3141622573339362,1,0.0,104.35309873477405,133.99431603194148,29.64121729716743,False,False
62,104.63032680033436,22.85568056376278,29.754849587920777,2.8033219598694705,2,0.0,104.63032680033436,134.38517638825513,29.754849587920774,False,False
63,107.11807479811257,17.12829368991347,18.3233913378357,5.096339459134739,3,0.0,107.11807479811257,125.44146613594827,18.3233913378357,False,False
64,108.76383337447012,9.290222039791553,7.404705307102378,3.613684802810723,4,0.0,108.76383337447012,116.1685386815725,7.404705307102375,False,False
65,109.31083522659158,32.69908070773636,26.742655884029524,4.654990130463013,5,0.0,109.31083522659158,136.0534911106211,26.74265588402953,False,False
66,109.82940966507371,33.21054237614541,28.23775629663164,4.726907237990085,6,0.0,109.82940966507371,138.06716596170534,28.23775629663163,False,False
67,111.36615785056269,20.292039796293317,16.20132334084601,4.058925018180163,7,0.0,111.36615785056269,127.56748119140869,16.201323340846002,False,False
68,111.77423921430761,12.871654182008736,14.984152383904597,1.2169635193679413,8,0.0,111.77423921430761,126.75839159821221,14.9841523839046,False,False
69,119.15665741168587,11.758920163470002,22.272343061161752,6.861684348137978,9,0.0,119.15665741168587,141.42900047284763,22.272343061161763,False,False
70,120.87489917648654,22.875738521929556,5.332676199500721,2.7133553048927705,10,0.0,120.87489917648654,126.20757537598726,5.332676199500725,False,False
71,121.0789697281373,5.848769169143438,17.64288030130157,2.9777408090069772,11,0.0,121.0789697281373,138.72185002943885,17.64288030130156,False,False
72,121.57592454309018,33.67581602566776,29.46120910143386,6.1735224031148865,12,0.0,121.57592454309018,151.03713364452403,29.46120910143385,False,False
73,122.06457834033563,28.608234074363715,14.123950024754787,4.067668499613015,13,0.0,122.06457834033563,136.1885283650904,14.123950024754777,False,False
74,123.17872294483324,12.48644527816161,5.317587065934443,2.517559020120113,14,0.0,123.17872294483324,128.49631001076767,5.317587065934433,False,False
75,123.37936029558969,9.856080818862225,4.61985879704642,4.847713794839207,15,0.0,123.37936029558969,127.99921909263611,4.619858797046419,False,False
76,123.40472055360051,33.241007038107405,5.032627393291833,1.8880112357320176,16,0.0,123.40472055360051,128.43734794689234,5.032627393291833,False,False
77,124.23490753816758,26.26586235322437,29.982921022406753,1.0523809727473663,17,0.0,124.23490753816758,154.21782856057433,29.982921022406757,False,False
78,124.7885001342789,34.59877752574893,8.229503059604719,6.704131598797609,18,0.0,124.7885001342789,133.01800319388363,8.229503059604724,False,False
79,126.84960549289883,12.238803550685907,3.699801168853528,4.842213123045969,19,0.0,126.84960549289883,130.54940666175236,3.6998011688535257,False,False
80,129.11066296424534,12.616732637671571,8.4428883136055,7.897551935177555,0,0.0,129.11066296424534,137.55355127785083,8.442888313605494,False,False
81,130.76089124197378,33.92041107079391,24.84138112467158,6.064915478642623,1,0.0,130.76089124197378,155.60227236664537,24.841381124671585,False,False
82,131.93723431378595,7.506860964454347,12.927731969625608,2.803809638910981,2,0.0,131.93723431378595,144.86496628341155,12.927731969625597,False,False
83,133.67707142838702,22.955854671297985,11.90804190105335,1.8665113178199637,3,0.0,133.67707142838702,145.58511332944036,11.908041901053338,False,False
84,133.71060396715902,32.480787644973326,10.738876981903493,7.875614882315094,4,0.0,133.71060396715902,144.44948094906252,10.738876981903502,False,False
85,134.6844288616239,20.21702532682462,28.236420024535384,2.8013148103648824,5,0.0,134.6844288616239,162.9208488861593,28.23642002453539,False,False
86,135.7860041953675,6.877133475384781,5.065645119622825,1.6674741722800217,6,0.0,135.7860041953675,140.8516493149903,5.065645119622815,False,False
87,135.92002549667518,13.41765861598248,11.25681551594738,2.9197187465267205,7,0.0,135.92002549667518,147.17684101262256,11.25681551594738,False,False
88,137.13349016333075,29.120034807892026,4.840181423923786,3.161239419521035,8,0.0,137.13349016333075,141.97367158725453,4.840181423923781,False,False
89,137.22392030172682,7.379506975443447,21.49125801316436,1.502439651425381,9,0.0,137.22392030172682,158.71517831489118,21.491258013164355,False,False
90,137.56254533363327,13.269051532501049,4.638436204490807,2.335090101259026,10,0.0,137.56254533363327,142.20098153812407,4.638436204490802,False,False
91,138.2167603988497,5.765046918805936,18.789329186360334,1.5009515004336627,11,0.0,138.2167603988497,157.00608958521002,18.789329186360334,False,False
92,138.59909888349134,27.123813355754464,4.850007684972489,1.598903487128752,12,0.0,138.59909888349134,143.44910656846383,4.850007684972496,False,False
93,138.67579093746198,18.02106847268948,21.815065482242147,6.609442519953573,13,0.0,138.67579093746198,160.49085641970413,21.815065482242147,False,False
94,141.72342389297125,32.46190811268896,14.737906365360558,7.679877937324305,14,0.0,141.72342389297125,156.46133025833183,14.737906365360573,False,False
95,142.32265497750433,27.213360643343805,27.954050151670668,1.5234707395914455,15,0.0,142.32265497750433,170.27670512917499,27.954050151670657,False,False
96,142.35856182971773,30.032682564534696,16.655867739656987,7.350381613356288,16,0.0,142.35856182971773,159.01442956937473,16.655867739656998,False,False
97,143.15316709724985,13.985374708239377,8.498252898754059,5.340220798981694,17,0.0,143.15316709724985,151.6514199960039,8.49825289875406,False,False
98,143.44128900235754,30.508510554661527,26.101495458728927,3.3958835200161595,18,0.0,143.44128900235754,169.54278446108646,26.10149545872892,False,False
99,144.73049743746915,34.7259753231819,23.90394985809966,7.562956811410629,19,0.0,144.73049743746915,168.6344472955688,23.90394985809965,False,False
100,144.8469326594965,28.755418693732217,14.63208083231233,6.52690742800459,0,0.0,144.8469326594965,159.47901349180884,14.63208083231234,False,False
101,146.66803883219958,30.678875264410458,19.080686236457538,1.9039543218874229,1,0.0,146.66803883219958,165.7487250686571,19.080686236457524,False,False
102,147.1449858116231,24.346193440335867,22.108922179582226,4.969765558421546,2,0.0,147.1449858116231,169.25390799120532,22.108922179582237,False,False
103,148.25850019117945,19.204262059829798,6.602604325884423,5.935881621994553,3,0.0,148.25850019117945,154.86110451706386,6.602604325884414,False,False
104,150.30008286157997,27.972173225451826,24.176650799233645,3.811891428517374,4,0.0,150.30008286157997,174.4767336608136,24.17665079923364,False,False
105,151.35543750279837,34.930263421094665,26.344799450571294,7.179932524263427,5,0.0,151.35543750279837,177.70023695336965,26.344799450571287,False,False
106,151.80123820118817,9.295902132293648,8.90132388633595,2.3926969811523655,6,0.0,151.80123820118817,160.70256208752411,8.901323886335945,False,False
107,152.6407983243498,29.663818217123204,8.066074995801408,6.631822044225629,7,0.0,152.6407983243498,160.7068733201512,8.066074995801415,False,False
108,152.75188620046868,27.676331924776424,11.801210226443406,3.72533803914155,8,0.0,152.75188620046868,164.55309642691208,11.801210226443402,False,False
109,153.15564387671543,11.380241202800919,27.433678915164695,7.230102719119452,9,0.0,153.15564387671543,180.58932279188014,27.433678915164705,False,False
110,154.416819040041,23.008198441732453,4.583213946190432,4.797808497332684,10,0.0,154.416819040041,159.00003298623142,4.583213946190426,False,False
111,154.6370377613583,5.743336254847904,14.040743950074594,7.183416894920775,11,0.0,154.6370377613583,168.67778171143289,14.040743950074585,False,False
112,154.74923653254348,9.593011274101313,11.275750215747877,5.690652219039993,12,0.0,154.74923653254348,166.02498674829135,11.275750215747877,False,False
113,157.56462786025216,28.700893074917477,16.351481551150954,3.3589063320676065,13,0.0,157.56462786025216,173.9161094114031,16.351481551150954,False,False
114,158.22008691766902,27.740632494509207,28.931324201386293,1.594823271880169,14,0.0,158.22008691766902,187.15141111905533,28.931324201386303,False,False
115,158.50450015943593,9.605650427935966,17.74522584369683,5.57163046412928,15,0.0,158.50450015943593,176.24972600313276,17.74522584369683,False,False
116,159.3514475531395,17.926546922325585,12.927241610521472,3.9946966655405918,16,0.0,159.3514475531395,172.27868916366097,12.927241610521463,False,False
117,161.63030763842482,33.587863718780426,2.5594378784347542,3.9301028788817356,17,0.0,161.63030763842482,164.18974551685957,2.55943787843475,False,False
118,161.9753438297632,34.60676607614024,25.78296344783629,7.502510119884514,18,0.0,161.9753438297632,187.7583072775995,25.782963447836295,False,False
119,163.99514853587735,10.569730868521109,7.344784104022263,5.2581052987995545,19,0.0,163.99514853587735,171.33993263989962,7.344784104022267,False,False
120,165.93322547432052,11.603932406992847,15.06908192573032,7.933095252477256,0,0.0,165.93322547432052,181.00230740005085,15.06908192573033,False,False
121,166.04005502326817,14.707203117480006,8.656002510387363,1.0988860243689822,1,0.0,166.04005502326817,174.69605753365553,8.656002510387367,False,False
122,166.99273319385767,21.954443380876615,17.35138757133143,2.7542621208214184,2,0.0,166.99273319385767,184.3441207651891,17.35138757133143,False,False
123,172.93077099465654,16.489938265080305,15.283649256994032,2.7864622971935717,3,0.0,172.93077099465654,188.21442025165058,15.283649256994039,False,False
124,173.17632594906536,32.230877106152676,3.9904471144622753,4.156473231211962,4,0.0,173.17632594906536,177.16677306352764,3.9904471144622846,False,False
125,173.46317323419865,17.12463606839828,17.021621707632125,4.216830058832252,5,0.0,173.46317323419865,190.48479494183078,17.021621707632136,False,False
126,174.7035748201015,19.797346242338524,4.261609257805885,6.0657483560228584,6,0.0,174.7035748201015,178.96518407790737,4.261609257805873,False,False
127,175.03590393045903,18.464191513166526,7.6695896668472905,5.894895663097566,7,0.0,175.03590393045903,182.70549359730632,7.669589666847287,False,False
128,175.8988352054144,10.156080926940547,12.760586454910811,7.077083785703475,8,0.0,175.8988352054144,188.65942166032522,12.760586454910822,False,False
129,176.45628686010687,10.87314806629174,24.40559840502209,3.3818074832487057,9,0.0,176.45628686010687,200.86188526512896,24.40559840502209,False,False
130,176.54861405591097,18.95504407510529,28.77324762150177,2.9530686238988846,10,0.0,176.54861405591097,205.32186167741276,28.77324762150178,False,False
131,177.89720144981905,17.142452065657388,25.988627164229726,3.0237229683615716,11,0.0,177.89720144981905,203.88582861404876,25.98862716422971,False,False
132,177.92796380915075,15.660932969607131,19.234467453228234,1.9083003305063582,12,0.0,177.92796380915075,197.162431262379,19.234467453228234,False,False
133,178.40167495691676,6.958317034359796,4.097807495265125,5.129249231036663,13,0.0,178.40167495691676,182.4994824521819,4.09780749526513,False,False
134,179.69547810340399,11.046550915231764,17.427003634379474,1.4116074047644835,14,0.0,179.69547810340399,197.12248173778346,17.427003634379474,False,False
135,179.93064079822574,19.22168647783446,25.52702857757873,1.4921779699511877,15,0.0,179.93064079822574,205.45766937580447,25.527028577578733,False,False
136,179.9336885893996,20.338107183081007,24.724708848706562,1.8919866975081976,16,0.0,179.9336885893996,204.65839743810616,24.72470884870657,False,False
137,182.26571374654773,13.193996378200207,15.113456798170784,5.16881065101757,17,0.0,182.26571374654773,197.3791705447185,15.113456798170773,False,False
138,182.64885108439975,27.274678731668665,6.218277208121563,2.7991401095392043,18,0.0,182.64885108439975,188.86712829252133,6.218277208121577,False,False
139,182.84265863782684,20.31981895219691,10.538754384977455,2.2621801219662396,19,0.0,182.84265863782684,193.3814130228043,10.538754384977466,False,False
140,183.2401456450827,14.243808861088054,27.254731325090237,6.819534881181198,0,0.0,183.2401456450827,210.49487697017292,27.254731325090233,False,False
141,183.616885619333,14.440635898675765,26.581585744464196,7.383913533000367,1,0.0,183.616885619333,210.1984713637972,26.581585744464206,False,False
142,183.7318225402342,30.26726743763482,29.262594048853476,5.573833684025496,2,0.0,183.7318225402342,212.99441658908768,29.262594048853487,False,False
143,183.89479040022724,29.735077030756216,13.785527585177233,3.903279569133824,3,0.0,183.89479040022724,197.68031798540446,13.78552758517722,False,False
144,184.35464819792963,19.86961923728567,20.32795905581149,4.7542384405583995,4,0.0,184.35464819792963,204.68260725374114,20.327959055811505,False,False
145,185.08989716781647,18.650652817495637,19.306067470834485,4.222769109651164,5,0.0,185.08989716781647,204.39596463865095,19.306067470834478,False,False
146,186.9304466634897,34.68975490015231,15.81720223257877,3.4886331304467246,6,0.0,186.9304466634897,202.74764889606848,15.81720223257878,False,False
147,187.09119929683482,25.49829843553824,2.0456637336362165,5.730239580923986,7,0.0,187.09119929683482,189.13686303047103,2.045663733636218,False,False
148,187.57112993149576,21.612862827956786,18.124563239004722,3.1241002817425594,8,0.0,187.57112993149576,205.69569317050048,18.124563239004715,False,False
149,190.9679298253242,13.43737900622724,20.48329374869686,1.9959808498961462,9,0.0,190.9679298253242,211.45122357402107,20.483293748696866,False,False
150,191.06980456256377,27.802153446306207,22.64024890808154,7.978365972270283,10,0.0,191.06980456256377,213.7100534706453,22.64024890808153,False,False
151,191.75840678548036,17.836827895377414,6.686003540709368,3.424847221820861,11,0.0,191.75840678548036,198.44441032618974,6.686003540709379,False,False
152,192.86576187531648,8.936148821473274,19.87351898667056,2.4660298556838214,12,0.0,192.86576187531648,212.73928086198703,19.873518986670547,False,False
153,193.0359068578704,6.092958419295833,14.408983642868058,5.319900043792522,13,0.0,193.0359068578704,207.44489050073847,14.408983642868066,False,False
154,194.95517515465107,17.918297074425023,4.2937567571891755,2.9296580365101637,14,0.0,194.95517515465107,199.24893191184026,4.293756757189186,False,False
155,195.6988039969173,18.87890958448193,24.81370975850937,6.107773955160196,15,0.0,195.6988039969173,220.51251375542665,24.81370975850936,False,False
156,196.15369525532785,12.091206062269535,16.016992026986365,4.784002963220634,16,0.0,196.15369525532785,212.17068728231422,16.016992026986372,False,False
157,196.87780011865848,5.322611528000766,5.443181633697472,2.092058434792568,17,0.0,196.87780011865848,202.32098175235595,5.443181633697463,False,False
158,201.84931027709746,22.856470655499486,29.546974006484977,4.720533122899241,18,0.0,201.84931027709746,231.39628428358245,29.546974006484987,False,False
159,202.84711749512584,23.636995346409904,19.546345096093912,1.4956033024156121,19,0.0,202.84711749512584,222.39346259121976,19.546345096093916,False,False
160,205.73447203502002,5.2236929427140915,25.84597113630896,1.3249683134433554,0,0.0,205.73447203502002,231.58044317132897,25.845971136308947,False,False
161,207.4238079688121,23.432097531929603,25.113127331437347,4.153778638581617,1,0.0,207.4238079688121,232.53693530024944,25.11312733143734,False,False
162,208.1604936297715,18.18445299736677,7.9869083341824645,7.416865546597449,2,0.0,208.1604936297715,216.14740196395397,7.986908334182459,False,False
163,208.5858165754359,6.19656808139432,8.36694647743976,6.899398943266002,3,0.0,208.5858165754359,216.95276305287567,8.366946477439768,False,False
164,209.2620755698761,19.218026422771818,8.085290460433741,1.4393429455142202,4,0.0,209.2620755698761,217.34736603030984,8.085290460433754,False,False
165,210.28267359337212,25.216734632229112,3.5201504569415523,7.063193015724208,5,0.0,210.28267359337212,213.8028240503137,3.5201504569415647,False,False
166,211.27910172299656,6.5626632490907,28.03676723068304,1.5107293881209503,6,0.0,211.27910172299656,239.3158689536796,28.03676723068304,False,False
167,213.00794268763673,14.836427623393515,26.355988011924122,7.418696101032491,7,0.0,213.00794268763673,239.36393069956085,26.355988011924126,False,False
168,214.79423919517484,23.9668861126496,29.963473790570717,3.0618454765299474,8,0.0,214.79423919517484,244.75771298574557,29.96347379057073,False,False
169,215.26668111188275,9.358174020981064,6.098915208813805,5.21592398743455,9,0.0,215.26668111188275,221.36559632069654,6.098915208813793,False,False
170,219.59529205121325,25.454501769389566,7.6337259475244394,3.6894560224314503,10,0.0,219.59529205121325,227.22901799873767,7.633725947524425,False,False
171,220.06557616897325,33.798272580331954,6.137096462019008,3.4738488351716397,11,0.0,220.06557616897325,226.20267263099225,6.137096462019002,False,False
172,220.21952528902983,32.97416154008224,20.087704885684314,7.654542154042549,12,0.0,220.21952528902983,240.30723017471414,20.087704885684303,False,False
173,221.36137888890414,22.23386580617473,22.930164857390682,2.2218666850268987,13,0.0,221.36137888890414,244.29154374629482,22.93016485739068,False,False
174,221.68137844685504,25.559457272577266,5.099456732553845,1.7435221386350472,14,0.0,221.68137844685504,226.78083517940888,5.099456732553847,False,False
175,221.7988709675305,29.29307537143864,24.292165242139173,1.989753996544362,15,0.0,221.7988709675305,246.09103620966965,24.292165242139163,False,False
176,221.84564993900358,23.977136593579615,3.762040363175304,7.611365994259231,16,0.0,221.84564993900358,225.6076903021789,3.7620403631753163,False,False
177,222.12735798854683,15.511012841448439,12.252378298467757,7.186860652690421,17,0.0,222.12735798854683,234.3797362870146,12.252378298467761,False,False
178,222.65575502706906,12.647027114077114,6.793738382815921,4.547788763522848,18,0.0,222.65575502706906,229.44949340988498,6.793738382815917,False,False
179,224.68151145188494,10.240520147619245,28.116890128208826,2.72983501858314,19,0.0,224.68151145188494,252.79840158009378,28.116890128208837,False,False
180,225.22672993177005,20.036995685788288,26.15635077136217,3.281937317909373,0,0.0,225.22672993177005,251.38308070313224,26.156350771362185,False,False
181,226.52109444125426,22.938515393592702,14.016250116616549,5.963305411641061,1,0.0,226.52109444125426,240.53734455787082,14.016250116616561,False,False
182,226.80063240446782,18.28726493962489,10.729600845781675,5.4915197523814285,2,0.0,226.80063240446782,237.5302332502495,10.729600845781675,False,False
183,226.94732541071576,23.23086528255389,22.575790311578228,6.381110226811028,3,0.0,226.94732541071576,249.523115722294,22.57579031157823,False,False
184,227.09365392064885,8.396518490211548,20.723453359615746,2.838007228121085,4,0.0,227.09365392064885,247.8171072802646,20.723453359615746,False,False
185,227.2428219422959,21.881091591305086,12.960562580431528,6.578799743408257,5,0.0,227.2428219422959,240.20338452272745,12.960562580431542,False,False
186,227.9160193801633,18.038128523558303,7.116375083067056,7.1836682746406595,6,0.0,227.9160193801633,235.03239446323036,7.116375083067055,False,False
187,230.22185345800486,10.8583154061977,23.541238866508266,7.244276612236238,7,0.0,230.22185345800486,253.76309232451314,23.54123886650828,False,False
188,230.61618242062735,29.71023469473693,4.721953857978306,1.4429854338142591,8,0.0,230.61618242062735,235.33813627860565,4.721953857978292,False,False
189,230.83686857127225,23.48261725823517,23.623487289808832,4.853434058424664,9,0.0,230.83686857127225,254.46035586108107,23.62348728980882,False,False
190,231.38646272902582,27.901611624298504,3.8019198880631078,1.4799208124539323,10,0.0,231.38646272902582,235.18838261708893,3.801919888063111,False,False
191,233.21416633709345,16.47344503848255,23.27083571166389,6.270200625604816,11,0.0,233.21416633709345,256.48500204875734,23.270835711663892,False,False
192,233.27319550803068,7.400582765798287,27.505002592437428,6.2125217494107385,12,0.0,233.27319550803068,260.7781981004681,27.50500259243742,False,False
193,235.731509178497,25.37030084508559,22.0631254320544,4.665390186812791,13,0.0,235.731509178497,257.7946346105514,22.06312543205439,False,False
194,237.20638781864582,28.56012654463248,29.85611930188105,7.045200488979079,14,0.0,237.20638781864582,267.0625071205269,29.85611930188108,False,False
195,237.3941752760961,24.380351719125187,22.564147245007263,5.71118384598279,15,0.0,237.3941752760961,259.95832252110336,22.564147245007263,False,False
196,238.25057095634892,28.314582482210287,5.264913275918463,6.885446692583025,16,0.0,238.25057095634892,243.5154842322674,5.264913275918474,False,False
197,238.3107727907479,29.99735116403973,2.764795277995046,1.9685948502552244,17,0.0,238.3107727907479,241.07556806874294,2.7647952779950344,False,False
198,239.84964018386012,12.925749897059063,3.5976496740949133,5.672002829091238,18,0.0,239.84964018386012,243.44728985795504,3.5976496740949244,False,False
199,239.95495461217612,17.90679579038011,19.949802167225673,4.822365722528037,19,0.0,239.95495461217612,259.9047567794018,19.94980216722567,False,False
200,240.03583768432622,9.667866712527356,15.931670404863667,3.172811613210481,0,0.0,240.03583768432622,255.9675080891899,15.931670404863667,False,False
201,240.24646643611914,21.063365631766427,29.871453723246006,7.7829430646383955,1,0.0,240.24646643611914,270.11792015936516,29.87145372324602,False,False
202,240.62596653156305,16.340453220090467,28.60096496971577,4.382837374618919,2,0.0,240.62596653156305,269.22693150127884,28.60096496971579,False,False
203,241.57283748824318,9.692364563169662,25.052180520369006,6.20694575170015,3,0.0,241.57283748824318,266.6250180086122,25.052180520369006,False,False
204,243.16949265098964,6.1467633584822226,5.7567265485920345,4.9933808936308175,4,0.0,243.16949265098964,248.92621919958168,5.756726548592042,False,False
205,243.88004091423738,5.385387456676827,7.123690138752325,6.67611812537438,5,0.0,243.88004091423738,251.0037310529897,7.123690138752323,False,False
206,244.02784909737898,30.684744874765045,7.373039619511408,1.2314144038158028,6,0.0,244.02784909737898,251.4008887168904,7.373039619511417,False,False
207,244.04002116797807,7.872855555795026,24.410556881510704,4.441267125225968,7,0.0,244.04002116797807,268.4505780494888,24.41055688151073,False,False
208,244.0775565942713,8.494418477996298,19.25533697973595,5.248802141269751,8,0.0,244.0775565942713,263.33289357400724,19.255336979735944,False,False
209,244.7711392646573,16.47966511442411,9.312818352464541,7.6643515467669285,9,0.0,244.7711392646573,254.08395761712185,9.312818352464546,False,False
210,245.07578283872456,6.678226219233501,12.20276336511721,5.808287788631156,10,0.0,245.07578283872456,257.27854620384176,12.202763365117193,False,False
211,245.10195460291007,14.535201012024464,8.859464051724544,1.0379385987273857,11,0.0,245.10195460291007,253.9614186546346,8.85946405172453,False,False
212,246.64995482650417,18.538415046978415,3.2079475266667155,1.0276217201903615,12,0.0,246.64995482650417,249.85790235317089,3.2079475266667146,False,False
213,247.60880779258332,20.8344920606375,24.718666642637412,5.623974552452574,13,0.0,247.60880779258332,272.3274744352207,24.7186666426374,False,False
214,249.36561412169848,28.75064435531948,6.677069808356019,1.638186748729267,14,0.0,249.36561412169848,256.0426839300545,6.677069808356038,False,False
215,250.27483946740807,19.465783689749074,8.869194254273589,7.194409642291373,15,0.0,250.27483946740807,259.14403372168164,8.869194254273566,False,False
216,250.30636952194163,26.13287100650235,14.69201009910828,6.868554213221591,16,0.0,250.30636952194163,264.99837962104993,14.692010099108302,False,False
217,250.32644474080797,18.83947255193089,8.19615611105825,5.156030949045714,17,0.0,250.32644474080797,258.52260085186623,8.196156111058258,False,False
218,250.33616681263987,26.814454885158213,7.884624549784727,5.594919865625135,18,0.0,250.33616681263987,258.2207913624246,7.884624549784746,False,False
219,250.53699013138385,28.092618633927177,9.51579410291601,3.726821707398238,19,0.0,250.53699013138385,260.05278423429985,9.515794102916004,False,False
220,251.97005934337582,25.79293336540133,25.761233896137835,3.445774975576797,0,0.0,251.97005934337582,277.73129323951366,25.76123389613784,False,False
221,256.74430920974845,20.739024691858642,7.451087512134626,6.0696980300882935,1,0.0,256.74430920974845,264.19539672188307,7.45108751213462,False,False
222,257.8485704678816,8.433580915096694,13.059896684831763,4.266946270574644,2,0.0,257.8485704678816,270.90846715271334,13.059896684831756,False,False
223,257.96624567713775,32.49979880587202,18.77608597245581,3.7197487131939746,3,0.0,257.96624567713775,276.74233164959355,18.776085972455803,False,False
224,259.83953936239186,28.70943529232085,13.861593111251691,2.7276902344043608,4,0.0,259.83953936239186,273.70113247364355,13.861593111251693,False,False
225,260.40127219211837,34.73320173288795,9.308171046472705,5.653565655365088,5,0.0,260.40127219211837,269.70944323859106,9.308171046472694,False,False
226,260.7321875583856,18.25931414256222,15.217053430871877,3.618634992811151,6,0.0,260.7321875583856,275.9492409892575,15.217053430871886,False,False
227,261.74289397110124,11.587546983989979,11.588182510531455,7.996425830062101,7,0.0,261.74289397110124,273.3310764816327,11.588182510531453,False,False
228,261.7902498436341,20.38764732666008,4.340950779271358,2.9184731908700527,8,0.0,261.7902498436341,266.13120062290545,4.340950779271338,False,False
229,262.27664589331204,21.78528132418882,22.205402980839064,2.9598438100930027,9,0.0,262.27664589331204,284.4820488741511,22.20540298083904,False,False
230,262.6293095012196,9.79782775605294,12.667568349253429,6.978388589587254,10,0.0,262.6293095012196,275.29687785047304,12.667568349253429,False,False
231,262.7949154097865,33.329292185574204,14.268992141061977,5.832318829493362,11,0.0,262.7949154097865,277.06390755084846,14.268992141061972,False,False
232,264.59579587506585,13.150872418180109,6.476157725465461,6.1251136965050765,12,0.0,264.59579587506585,271.0719536005313,6.476157725465441,False,False
233,264.6296646386752,5.303199332937756,22.0257401210201,2.796317221569794,13,0.0,264.6296646386752,286.6554047596953,22.02574012102008,False,False
234,265.0324982041071,34.55887769708748,5.510772693958748,3.8834814864931477,14,0.0,265.0324982041071,270.5432708980659,5.5107726939587565,False,False
235,265.1278821531148,17.837411614698496,2.3509858709972997,7.368545986805568,15,0.0,265.1278821531148,267.4788680241121,2.350985870997306,False,False
236,265.3507721209809,31.425395924317176,18.223574162034552,6.547268167270271,16,0.0,265.3507721209809,283.5743462830154,18.223574162034538,False,False
237,265.5978037743791,29.547620739615937,7.770629377252339,3.3732235932824173,17,0.0,265.5978037743791,273.36843315163145,7.770629377252362,False,False
238,265.6453027695882,7.159872984153894,2.7197056041076793,7.416479021676188,18,0.0,265.6453027695882,268.3650083736959,2.7197056041076735,False,False
239,267.2596909406732,18.720149994599794,20.494895058785886,7.213977609293897,19,0.0,267.2596909406732,287.7545859994591,20.494895058785914,False,False
240,267.8090907457855,31.771313118697005,24.908186235629394,4.19375801309507,0,0.0,267.8090907457855,292.7172769814149,24.908186235629387,False,False
241,269.3374466949749,13.2539226597902,23.053395292726073,5.0456189998673775,1,0.0,269.3374466949749,292.390841987701,23.053395292726066,False,False
242,269.99285981869775,7.84586090333565,4.755468635361311,5.27622844175625,2,0.0,269.99285981869775,274.74832845405905,4.7554686353612965,False,False
243,270.1551852505273,13.129504442471928,23.76699647605358,7.36983974561983,3,0.0,270.1551852505273,293.9221817265809,23.766996476053578,False,False
244,270.171742983872,28.961862176854638,26.78477213163654,3.895621894856036,4,0.0,270.171742983872,296.9565151155085,26.784772131636544,False,False
245,270.24239914437163,22.732484656845678,27.476345735749977,5.74521617864228,5,0.0,270.24239914437163,297.7187448801216,27.476345735749987,False,False
246,270.9358196736311,24.660647543454385,16.13922208044324,4.171182800006491,6,0.0,270.9358196736311,287.07504175407433,16.139222080443233,False,False
247,272.26438006010557,20.05414445228204,7.383283755541878,5.43930122614761,7,0.0,272.26438006010557,279.64766381564743,7.383283755541868,False,False
248,272.7114911409514,30.837261332054947,19.35917905725989,6.212838185633022,8,0.0,272.7114911409514,292.0706701982113,19.359179057259894,False,False
249,273.5995680187306,11.650474706676224,13.691126605997782,2.4127294549413167,9,0.0,273.5995680187306,287.2906946247284,13.691126605997795,False,False
250,274.2927048751828,14.742699312657034,16.796597046073792,3.481588593248498,10,0.0,274.2927048751828,291.08930192125655,16.79659704607377,False,False
251,274.36668077486013,24.457089000931333,17.77740644356969,5.766763860982841,11,0.0,274.36668077486013,292.14408721842983,17.777406443569703,False,False
252,274.7675326530128,14.847224842979772,20.98042421980682,1.7610192778045148,12,0.0,274.7675326530128,295.7479568728196,20.98042421980682,False,False
253,275.7365454054856,32.78849963214719,2.387734087271102,5.213004174654252,13,0.0,275.7365454054856,278.12427949275667,2.387734087271099,False,False
254,277.90603095769285,13.124763033406987,21.83013145144539,4.458522395829713,14,0.0,277.90603095769285,299.7361624091382,21.830131451445368,False,False
255,279.45848068374835,29.621350523352298,7.5092257057303415,6.502254223520905,15,0.0,279.45848068374835,286.9677063894787,7.50922570573033,False,False
256,279.7787209470837,5.155452495060727,3.6173924086546663,1.8955943327221876,16,0.0,279.7787209470837,283.39611335573835,3.6173924086546663,False,False
257,280.8397831939546,20.848774688130703,4.061133026858647,7.835801094171445,17,0.0,280.8397831939546,284.90091622081326,4.06113302685867,False,False
258,280.93295651846216,5.808072962263482,17.494454408291283,7.906983853218968,18,0.0,280.93295651846216,298.42741092675345,17.49445440829129,False,False
259,281.16191166079835,20.665305679751953,18.79164477335165,2.757431659279247,19,0.0,281.16191166079835,299.95355643415,18.791644773351663,False,False
260,281.41370679362547,9.983036382113056,19.525551270230853,1.7188607310544985,0,0.0,281.41370679362547,300.9392580638563,19.525551270230835,False,False
261,281.664342939351,11.960748614209988,28.93480120198119,7.736416412254985,1,0.0,281.664342939351,310.5991441413322,28.9348012019812,False,False
262,282.09427174064507,13.200299104697006,3.731210899544054,3.6373792990771463,2,0.0,282.09427174064507,285.82548264018914,3.7312108995440667,False,False
263,283.6284331386708,15.183859117120718,9.171255496009401,5.003316288767716,3,0.0,283.6284331386708,292.7996886346802,9.171255496009394,False,False
264,286.89194723667833,34.19181960552357,27.825328432828563,3.2756521415680173,4,0.0,286.89194723667833,314.7172756695069,27.82532843282854,False,False
265,288.1362400618436,10.209528658750067,19.45407789897527,4.599832107785341,5,0.0,288.1362400618436,307.5903179608189,19.4540778989753,False,False
266,288.89079327475747,14.578707273376134,7.3720722645251495,7.920634387870576,6,0.0,288.89079327475747,296.26286553928264,7.372072264525173,False,False
267,289.92618795232755,18.449086092756723,27.425163737274215,5.982157105412333,7,0.0,289.92618795232755,317.35135168960176,27.425163737274204,False,False
268,290.13476596684,12.182835132575946,21.876144378369965,6.297901301556839,8,0.0,290.13476596684,312.01091034521,21.876144378369986,False,False
269,290.32660893948986,9.747505428201828,5.7163601232608485,7.527360488899733,9,0.0,290.32660893948986,296.04296906275073,5.71636012326087,False,False
270,290.9939567201181,32.235485058875746,20.006230975308693,4.194176857236425,10,0.0,290.9939567201181,311.0001876954268,20.00623097530871,False,False
271,291.22511408347293,28.612103807820752,5.539528821971491,3.761990072018172,11,0.0,291.22511408347293,296.7646429054444,5.539528821971487,False,False
272,291.999396630531,16.786459869362062,28.04677651242704,6.114959803810951,12,0.0,291.999396630531,320.046173142958,28.046776512427016,False,False
273,292.89744287363646,6.1056241585055515,6.414103817539973,7.670625598173682,13,0.0,292.89744287363646,299.31154669117643,6.414103817539967,False,False
274,294.02716134708515,33.716574476280186,13.92247158008421,3.453644514281225,14,0.0,294.02716134708515,307.9496329271694,13.92247158008422,False,False
275,294.4107277307876,8.571838621468974,24.110242433491777,4.845866439380972,15,0.0,294.4107277307876,318.52097016427933,24.11024243349175,False,False
276,294.4234515840134,11.727030448376823,9.302700655887591,1.0994912070224938,16,0.0,294.4234515840134,303.72615223990096,9.302700655887577,False,False
277,294.94635055932423,33.782002558144235,18.116974925843778,5.1241077108639335,17,0.0,294.94635055932423,313.063325485168,18.11697492584375,False,False
278,295.0227009227263,22.849831167797607,20.429424869236634,6.848977222017141,18,0.0,295.0227009227263,315.45212579196294,20.42942486923664,False,False
279,295.13303505979474,8.168636645326277,7.538524702848748,2.9792549418971594,19,0.0,295.13303505979474,302.6715597626435,7.538524702848747,False,False
280,295.49264722290604,18.024463530811182,4.506529937472486,3.5042679333897704,0,0.0,295.49264722290604,299.9991771603785,4.5065299374724646,False,False
281,296.34431896673203,11.383747761245326,7.045436863850599,6.46913162095896,1,0.0,296.34431896673203,303.38975583058266,7.045436863850625,False,False
282,298.3408090403413,25.94889183764615,22.057430403628885,4.587362535869191,2,0.0,298.3408090403413,320.39823944397017,22.05743040362887,False,False
283,298.63439011907536,6.774849394930403,11.850351325970017,4.23473727639078,3,0.0,298.63439011907536,310.48474144504536,11.850351325969996,False,False
284,298.8760927140527,7.613879361415197,12.955819025182418,1.3187970332478358,4,0.0,298.8760927140527,311.83191173923507,12.955819025182393,False,False
285,299.7297518077908,8.371096222780736,2.200790941463558,7.18947029095503,5,0.0,299.7297518077908,301.93054274925436,2.200790941463538,False,False
286,300.35659233487894,18.19992715995626,10.28141622395307,7.187066667682851,6,0.0,300.35659233487894,310.638008558832,10.281416223953045,False,False
287,300.9449628453193,5.543979513792979,12.275145834978252,2.8097657675363124,7,0.0,300.9449628453193,313.2201086802976,12.275145834978275,False,False
288,302.7937171177819,9.141851868557142,13.685409124855243,1.386580434486731,8,0.0,302.7937171177819,316.47912624263716,13.685409124855255,False,False
289,302.94562697443564,19.907645967543395,28.578499699482084,5.008353101292371,9,0.0,302.94562697443564,331.52412667391775,28.57849969948211,False,False
290,303.0261943773438,32.44938251834601,11.160386504025182,5.933441809205673,10,0.0,303.0261943773438,314.18658088136897,11.160386504025155,False,False
291,303.56792902830284,11.427674688003858,23.329324949018325,6.553788243423507,11,0.0,303.56792902830284,326.89725397732116,23.329324949018314,False,False
292,305.43802027808283,30.0321213414051,15.924008677908187,5.712540189583924,12,0.0,305.43802027808283,321.36202895599104,15.924008677908205,False,False
293,306.2475751540925,21.197564318027304,25.26466474920901,6.383781947722991,13,0.0,306.2475751540925,331.5122399033015,25.264664749209032,False,False
294,306.50298019169435,16.97668175607482,25.98522398675063,3.752236811829375,14,0.0,306.50298019169435,332.48820417844496,25.98522398675061,False,False
295,307.6690040588106,15.43600476782163,17.83219956716566,3.4600983017300635,15,0.0,307.6690040588106,325.50120362597625,17.832199567165674,False,False
296,308.17072291324547,7.778834262259209,4.46870699387644,7.668355819243606,16,0.0,308.17072291324547,312.6394299071219,4.468706993876424,False,False
297,309.84059961019733,8.98829309822121,18.486036883693743,5.9098480343386575,17,0.0,309.84059961019733,328.3266364938911,18.48603688369377,False,False
298,310.41866679901955,25.795313583770326,18.90138135788345,3.3628237268577097,18,0.0,310.41866679901955,329.320048156903,18.90138135788345,False,False
299,311.3201342736378,8.817728548541794,15.998808885253071,6.224372464380237,19,0.0,311.3201342736378,327.3189431588909,15.998808885253084,False,False
300,311.38444603443713,10.528099960004651,18.485467589366106,5.859519417815939,0,0.0,311.38444603443713,329.86991362380326,18.485467589366124,False,False
301,311.38650249429946,12.83930346369089,4.338047470823819,4.793623625353552,1,0.0,311.38650249429946,315.7245499651233,4.338047470823824,False,False
302,311.5749955955021,15.791379730142861,10.344967331313395,2.535419450732837,2,0.0,311.5749955955021,321.9199629268155,10.344967331313399,False,False
303,312.30295929570923,33.752744112394026,10.541814860918961,3.512808296481657,3,0.0,312.30295929570923,322.8447741566282,10.541814860918976,False,False
304,313.7718944531752,25.785588646887742,10.289504378624308,4.901095423501149,4,0.0,313.7718944531752,324.0613988317995,10.289504378624315,False,False
305,314.91635578960677,30.130385360227407,20.980202200542823,3.5199495634609055,5,0.0,314.91635578960677,335.8965579901496,20.980202200542806,False,False
306,314.9666611491657,33.2322251074007,5.973538893227014,2.8160697501161898,6,0.0,314.9666611491657,320.9402000423927,5.973538893226987,False,False
307,315.09202054550127,24.10971144483049,6.200666319074871,4.674643320133099,7,0.0,315.09202054550127,321.2926868645761,6.200666319074855,False,False
308,316.50179620632895,30.91891089454312,3.5541016130399017,3.3737493655261437,8,0.0,316.50179620632895,320.05589781936885,3.5541016130399044,False,False
309,317.13091566682664,12.22828021682534,23.389774190809636,5.969098781060219,9,0.0,317.13091566682664,340.5206898576363,23.389774190809646,False,False
310,319.6409176884296,12.275825907518918,29.396735253398116,7.923472593875127,10,0.0,319.6409176884296,349.03765294182773,29.396735253398106,False,False
311,319.974805070068,15.17420021218925,3.8227371332947415,2.851825696121989,11,0.0,319.974805070068,323.79754220336275,3.8227371332947655,False,False
312,320.3165726494046,12.79879060174726,25.51706497992038,5.206006850197409,12,0.0,320.3165726494046,345.833637629325,25.517064979920406,False,False
313,320.4792554005167,33.13120826431292,18.306364250905535,3.333536568699617,13,0.0,320.4792554005167,338.7856196514222,18.306364250905517,False,False
314,321.79643498558164,28.093765411319737,11.056975883622489,2.9781725462871,14,0.0,321.79643498558164,332.85341086920414,11.0569758836225,False,False
315,322.13517492107763,20.384685236027824,16.57570447729973,5.0189576476813516,15,0.0,322.13517492107763,338.71087939837736,16.575704477299723,False,False
316,323.4582600871975,31.80121426447731,19.514146031623014,5.001671855496238,16,0.0,323.4582600871975,342.9724061188205,19.514146031623,False,False
317,323.6201119050152,16.9728349931649,28.00090187023931,3.6172619307860403,17,0.0,323.6201119050152,351.62101377525454,28.000901870239318,False,False
318,324.0681631009792,32.73777659955947,27.309814107518807,4.634040106099115,18,0.0,324.0681631009792,351.377977208498,27.309814107518832,False,False
319,324.5484866802999,30.558043108754866,18.07146979043953,3.900897036974173,19,0.0,324.5484866802999,342.61995647073945,18.07146979043955,False,False
320,325.15499749919786,33.73917324025487,29.848753215037497,3.5518279413231006,0,0.0,325.15499749919786,355.00375071423537,29.848753215037505,False,False
321,325.30097811230166,16.738082227524522,3.464463005084777,3.7626003272902775,1,0.0,325.30097811230166,328.76544111738644,3.464463005084781,False,False
322,326.6228070097988,10.030231631604982,13.230835202164057,7.404573082393867,2,0.0,326.6228070097988,339.85364221196284,13.23083520216403,False,False
323,326.9463815973259,25.64447994426854,13.621702445252057,5.715518756313506,3,0.0,326.9463815973259,340.568084042578,13.621702445252083,False,False
324,326.9692830626938,15.334886562368112,21.734185593162362,3.751792981064325,4,0.0,326.9692830626938,348.70346865585617,21.73418559316235,False,False
325,327.0617246938661,25.752561009399436,20.685632666510525,3.595165157795499,5,0.0,327.0617246938661,347.7473573603766,20.685632666510514,False,False
326,327.4939380172093,14.2491442023523,7.732214391149212,4.830763398333149,6,0.0,327.4939380172093,335.22615240835853,7.732214391149228,False,False
327,328.621781080224,17.00805656445777,22.53860445772791,2.1459214306320096,7,0.0,328.621781080224,351.1603855379519,22.5386044577279,False,False
328,328.88103255446214,6.522457124749589,27.309764149550045,7.178496689737758,8,0.0,328.88103255446214,356.1907967040122,27.309764149550062,False,False
329,329.21259797800303,31.866235994372712,6.499106997782944,2.202569853893348,9,0.0,329.21259797800303,335.71170497578595,6.499106997782917,False,False
330,329.75026367423806,27.708465463761957,11.361124142835571,1.8193448959333662,10,0.0,329.75026367423806,341.11138781707365,11.361124142835592,False,False
331,332.3477409627484,13.404151628942195,25.599390522677204,5.590701553432512,11,0.0,332.3477409627484,357.9471314854256,25.599390522677197,False,False
332,332.56892131728785,5.754598268840372,26.702048459244665,5.516970694327543,12,0.0,332.56892131728785,359.2709697765325,26.70204845924468,False,False
333,332.9274421982117,18.017786204307917,21.041334187939576,1.772908207977654,13,0.0,332.9274421982117,353.96877638615126,21.041334187939583,False,False
334,334.4196970691385,10.22752528193653,25.1547349430824,4.854562093622818,14,0.0,334.4196970691385,359.57443201222094,25.154734943082417,False,False
335,334.88008039532997,28.97704229895416,21.845452150155374,2.4491792047359144,15,0.0,334.88008039532997,356.72553254548535,21.84545215015538,False,False
336,336.0688294872267,28.328978150541428,6.53421789459491,5.191169049397017,16,0.0,336.0688294872267,342.6030473818216,6.534217894594917,False,False
337,336.81786778394695,23.524967954555017,12.23912969483613,7.7734525122572045,17,0.0,336.81786778394695,349.0569974787831,12.239129694836151,False,False
338,336.863886555942,30.019998827852124,24.984267359841596,5.864017336799491,18,0.0,336.863886555942,361.84815391578354,24.984267359841567,False,False
339,337.2445929713948,10.906704316701036,28.103824531486428,6.174647079578611,19,0.0,337.2445929713948,365.34841750288126,28.103824531486453,False,False
340,337.27106606213357,33.46758334605505,5.141254649683717,2.7994903363307375,0,0.0,337.27106606213357,342.4123207118173,5.141254649683731,False,False
341,337.2920260179563,14.424043222941322,29.277008404765354,3.3933231406654953,1,0.0,337.2920260179563,366.56903442272164,29.277008404765354,False,False
342,338.91641643466363,12.800398389586903,19.40842843704346,2.097704316271057,2,0.0,338.91641643466363,358.3248448717071,19.408428437043483,False,False
343,339.13143041493913,30.452640640060952,12.133913657714794,1.9811090399456712,3,0.0,339.13143041493913,351.26534407265393,12.1339136577148,False,False
344,339.603451017431,13.968732926537626,29.66103685974646,5.635347423896531,4,0.0,339.603451017431,369.26448787717743,29.661036859746446,False,False
345,339.82408774090834,24.015406020607312,17.99125085242045,5.801993422602695,5,0.0,339.82408774090834,357.81533859332876,17.99125085242042,False,False
346,340.23075028225344,14.070160860574955,27.356382854603694,3.8779752412318267,6,0.0,340.23075028225344,367.5871331368571,27.35638285460368,False,False
347,340.35930318775456,24.113122198669164,5.018787660851767,4.35123890277438,7,0.0,340.35930318775456,345.37809084860635,5.018787660851785,False,False
348,340.7127731320897,13.537507498148685,29.709134160172216,1.4017938807439174,8,0.0,340.7127731320897,370.4219072922619,29.709134160172198,False,False
349,341.5879818730649,24.696519559883768,14.79257300957564,5.8216986803941335,9,0.0,341.5879818730649,356.3805548826405,14.79257300957562,False,False
350,341.7005946419623,26.869160180017264,23.768184480488976,5.7059148337226215,10,0.0,341.7005946419623,365.4687791224513,23.76818448048897,False,False
351,341.9042479967087,28.43271330747739,9.18335366099863,1.2235063482462114,11,0.0,341.9042479967087,351.08760165770735,9.183353660998648,False,False
352,342.0290758203607,6.059823341238431,24.19345157568825,4.427941194754052,12,0.0,342.0290758203607,366.2225273960489,24.193451575688243,False,False
353,342.0715317982406,13.289234620224308,17.386239328947127,2.470046254685588,13,0.0,342.0715317982406,359.4577711271877,17.386239328947113,False,False
354,342.1309010762829,6.165969066076645,2.99284435457029,3.451253126195071,14,0.0,342.1309010762829,345.1237454308532,2.992844354570309,False,False
355,342.22667319893304,28.609403490932767,22.03888066078743,1.0276044361992782,15,0.0,342.22667319893304,364.26555385972046,22.038880660787413,False,False
356,342.59473695116577,15.897145359436006,8.253909116399562,4.717039669432251,16,0.0,342.59473695116577,350.8486460675653,8.25390911639954,False,False
357,344.12159779866687,13.097574590802692,20.63457808649799,3.7898158619334446,17,0.0,344.12159779866687,364.75617588516485,20.63457808649798,False,False
358,344.41789920185624,34.05502166088248,21.018577556957204,6.267283828336735,18,0.0,344.41789920185624,365.43647675881346,21.01857755695721,False,False
359,347.5908095103379,24.44350415072565,22.47354398943957,2.219297895339869,19,0.0,347.5908095103379,370.0643534997775,22.473543989439577,False,False
360,347.83859620317503,22.972354068630047,23.80614262754489,5.178255910316695,0,0.0,347.83859620317503,371.6447388307199,23.806142627544887,False,False
361,348.28355983270046,9.06190435114873,18.729372706384744,4.829721460987393,1,0.0,348.28355983270046,367.0129325390852,18.729372706384765,False,False
362,348.8382928968387,19.189372555162016,4.529287124786592,3.8434987980590805,2,0.0,348.8382928968387,353.3675800216253,4.529287124786606,False,False
363,349.4762834036581,19.991055790888506,6.282925896783176,1.3344568533244492,3,0.0,349.4762834036581,355.7592093004413,6.282925896783183,False,False
364,350.31126766070673,15.334676679271897,14.32843214811008,4.2885895528198805,4,0.0,350.31126766070673,364.63969980881683,14.328432148110096,False,False
365,350.65733410798526,18.117847272143194,28.141050963764275,1.9682773721023124,5,0.0,350.65733410798526,378.7983850717495,28.141050963764258,False,False
366,350.6759415033997,27.950539967959244,24.00594294733909,5.867632389644248,6,0.0,350.6759415033997,374.6818844507388,24.005942947339065,False,False
367,350.837656496315,13.853780314538062,16.032111518122907,3.307560305887767,7,0.0,350.837656496315,366.8697680144379,16.032111518122917,False,False
368,351.36809821772255,23.554210949022288,8.825531293532944,3.6266354911154512,8,0.0,351.36809821772255,360.1936295112555,8.825531293532947,False,False
369,351.945588048097,13.943570767040448,4.188926125251583,1.2215512650041174,9,0.0,351.945588048097,356.1345141733486,4.188926125251555,False,False
370,354.02410993005697,5.266405797993466,21.752690186305006,1.8280553572592049,10,0.0,354.02410993005697,375.776800116362,21.752690186305017,False,False
371,355.02679960192546,7.373960891019477,11.421087644548356,7.423295428426447,11,0.0,355.02679960192546,366.44788724647384,11.421087644548379,False,False
372,355.42603496670745,8.327993973446716,5.900689173962855,3.553854032874244,12,0.0,355.42603496670745,361.3267241406703,5.90068917396286,False,False
373,355.59694592412256,22.433444434218003,27.74992203353611,6.506869892032251,13,0.0,355.59694592412256,383.3468679576587,27.74992203353611,False,False
374,356.1645890458739,29.555521707633847,21.268138443146754,1.2135355368344742,14,0.0,356.1645890458739,377.4327274890207,21.268138443146768,False,False
375,356.2187560077434,11.22038853515021,2.687719057483711,1.6515401294679397,15,0.0,356.2187560077434,358.90647506522714,2.6877190574837186,False,False
376,358.5731035119159,18.06286825988426,28.431415396018174,2.5945581865766374,16,0.0,358.5731035119159,387.0045189079341,28.431415396018167,False,False
377,358.6726832606492,26.54299355800785,8.676241230441805,4.160619421605327,17,0.0,358.6726832606492,367.348924491091,8.676241230441804,False,False
378,358.73461400329666,15.367458575353272,11.803498832209197,4.654739473208261,18,0.0,358.73461400329666,370.53811283550584,11.803498832209186,False,False
379,359.5032798929082,14.093490601901,6.7931692609100836,5.739691033173717,19,0.0,359.5032798929082,366.2964491538183,6.7931692609100764,False,False
380,359.50828499086754,32.0782432849641,29.93120815021843,4.413133344796652,0,0.0,359.50828499086754,389.43949314108596,29.931208150218424,False,False
381,360.3182652560354,33.87139650907757,14.514440831000533,3.4659546073872574,1,0.0,360.3182652560354,374.8327060870359,14.514440831000513,False,False
382,360.7349973320331,5.190859170016577,22.830752341608214,7.869767701311694,2,0.0,360.7349973320331,383.56574967364133,22.830752341608218,False,False
383,360.84993261555536,34.33128367739364,11.178776404054625,3.3353372664478056,3,0.0,360.84993261555536,372.02870901961,11.178776404054645,False,False
384,360.94816614048386,29.773091897226777,29.92432374165683,6.425488446629422,4,0.0,360.94816614048386,390.8724898821407,29.92432374165685,False,False
385,362.60798440528566,26.16805968384908,25.80515555714497,2.0555546164381218,5,0.0,362.60798440528566,388.41313996243065,25.805155557144985,False,False
386,363.2147677638284,27.705658304449226,27.802772099603224,5.349439084696517,6,0.0,363.2147677638284,391.0175398634316,27.802772099603203,False,False
387,363.27600848095454,30.680990666178154,3.2992997032165228,3.194567244692718,7,0.0,363.27600848095454,366.5753081841711,3.2992997032165476,False,False
388,363.6613060093743,17.157220304498914,26.25336503492305,5.923841527340489,8,0.0,363.6613060093743,389.91467104429734,26.253365034923036,False,False
389,363.6780914258401,16.76925472122514,4.838502315205723,7.538288343952897,9,0.0,363.6780914258401,368.5165937410458,4.838502315205744,False,False
390,363.78955578986586,28.64172387141382,12.3153660000144,2.714094511872546,10,0.0,363.78955578986586,376.1049217898803,12.315366000014421,False,False
391,364.0736617076833,18.96192980312765,25.62653980666475,7.4964031718989785,11,0.0,364.0736617076833,389.70020151434807,25.626539806664766,False,False
392,364.2933203496613,27.210827261162716,9.908855629155717,1.9494923807310363,12,0.0,364.2933203496613,374.202175978817,9.90885562915571,False,False
393,364.3806676641328,23.035025118442906,19.468209985951667,1.3302218956058023,13,0.0,364.3806676641328,383.84887765008443,19.46820998595166,False,False
394,364.8592753354605,30.083762483555745,7.6064910306268185,5.411782649113949,14,0.0,364.8592753354605,372.46576636608734,7.606491030626842,False,False
395,367.9208039829669,6.028572021604254,17.92110850325445,2.4229545588223473,15,0.0,367.9208039829669,385.84191248622136,17.92110850325446,False,False
396,369.4622616543194,11.137122581191335,7.01137346053131,5.107559812816267,16,0.0,369.4622616543194,376.4736351148507,7.011373460531331,False,False
397,369.74417601973926,7.472443721190405,12.216310327321633,7.825114295123722,17,0.0,369.74417601973926,381.9604863470609,12.21631032732165,False,False
398,370.746145436485,7.306227340214006,5.023807210173709,7.838666620751544,18,0.0,370.746145436485,375.7699526466587,5.023807210173686,False,False
399,371.4989276543814,20.32998243684831,4.402370539222833,5.0162547946698925,19,0.0,371.4989276543814,375.90129819360425,4.402370539222829,False,False
400,371.5097449640164,29.475817793503186,9.344880960655775,4.790390549166893,0,0.0,371.5097449640164,380.8546259246722,9.344880960655757,False,False
401,372.3747305992173,5.61614942086487,12.174194347989268,5.477077950954265,1,0.0,372.3747305992173,384.54892494720656,12.174194347989271,False,False
402,372.4844060636508,6.720122102651467,19.510027932170757,5.572570134826698,2,0.0,372.4844060636508,391.99443399582157,19.51002793217077,False,False
403,372.70930426157327,23.96935367964078,5.37152300462242,5.581134015032608,3,0.0,372.70930426157327,378.0808272661957,5.371523004622418,False,False
404,372.76956058026576,26.39368394550838,3.778894167911905,2.5717157255206127,4,0.0,372.76956058026576,376.5484547481777,3.778894167911915,False,False
405,374.2221618897032,18.133515148554164,2.2847869358803026,1.4970175753926842,5,0.0,374.2221618897032,376.5069488255835,2.284786935880277,False,False
406,375.5300342129376,22.136572320011172,24.643274626405965,5.273103616768876,6,0.0,375.5300342129376,400.1733088393436,24.64327462640597,False,False
407,376.11352031440725,25.202629343871852,25.99144341903191,6.738373120331665,7,0.0,376.11352031440725,402.10496373343915,25.991443419031896,False,False
408,376.2359497472708,32.93508268921248,13.084783243745735,3.5268364607944065,8,0.0,376.2359497472708,389.32073299101654,13.084783243745733,False,False
409,376.8957824055259,27.221336021486326,29.042105732362884,7.970381578119214,9,0.0,376.8957824055259,405.93788813788876,29.04210573236287,False,False
410,377.5130868620152,22.719022334753742,21.615286558621534,3.8279760822707027,10,0.0,377.5130868620152,399.12837342063676,21.615286558621563,False,False
411,377.58834412106387,5.164651884037712,25.992963158799974,7.042451630597684,11,0.0,377.58834412106387,403.58130727986384,25.992963158799967,False,False
412,377.5991866952645,18.43706693773304,7.199716845856837,6.150747957857298,12,0.0,377.5991866952645,384.7989035411213,7.199716845856813,False,False
413,377.82859031054187,11.608444559256869,3.8146155694919446,1.8069990270934988,13,0.0,377.82859031054187,381.6432058800338,3.8146155694919344,False,False
414,378.1000409896449,27.654926134902546,27.875998685243893,6.528253759466557,14,0.0,378.1000409896449,405.9760396748888,27.87599868524387,False,False
415,378.35033725743017,19.633824047525508,9.409264130218332,1.6036304145738685,15,0.0,378.35033725743017,387.7596013876485,9.409264130218332,False,False
416,378.364950193016,26.90490506166081,29.66937938792121,4.37413836694365,16,0.0,378.364950193016,408.0343295809372,29.669379387921197,False,False
417,378.71726746036575,22.692657166418183,2.679475675805724,2.263032618923759,17,0.0,378.71726746036575,381.3967431361715,2.6794756758057474,False,False
418,379.4782047902897,33.7003832397045,26.96878446490177,3.2464902565557185,18,0.0,379.4782047902897,406.44698925519145,26.968784464901773,False,False
419,379.79917282592606,12.340622607643276,26.71066517154283,1.2638278700053507,19,0.0,379.79917282592606,406.5098379974689,26.710665171542814,False,False
420,379.9951223189264,16.21781227554262,22.84256443377616,6.051462918887923,0,0.0,379.9951223189264,402.83768675270255,22.842564433776147,False,False
421,380.137548315042,24.724679008890345,21.413348301063607,6.701687987247492,1,0.0,380.137548315042,401.5508966161056,21.413348301063593,False,False
422,380.42703508263656,6.0546593458143105,3.2586972275178048,2.3411036447677187,2,0.0,380.42703508263656,383.6857323101544,3.258697227517814,False,False
423,380.7403404364913,13.602317742714416,3.6286729570523812,3.8256113920941734,3,0.0,380.7403404364913,384.3690133935437,3.6286729570524017,False,False
424,381.13868207565923,18.22300126104281,23.497181814429474,3.1762574870416085,4,0.0,381.13868207565923,404.63586389008873,23.497181814429496,False,False
425,381.20267731715506,5.159689461212608,13.18752249998308,7.189773558327644,5,0.0,381.20267731715506,394.3901998171381,13.18752249998306,False,False
426,381.60501920651996,32.28563768915461,15.892930583972369,4.185472017360571,6,0.0,381.60501920651996,397.4979497904923,15.892930583972372,False,False
427,381.86942947725123,19.131405561342664,25.815130848921395,7.755818031395888,7,0.0,381.86942947725123,407.68456032617263,25.8151308489214,False,False
428,382.26632710453435,12.622537352736646,21.549360869339683,3.5227387159253754,8,0.0,382.26632710453435,403.81568797387405,21.549360869339694,False,False
429,382.2907269330266,7.851601344521267,20.455736127301066,5.288350351554841,9,0.0,382.2907269330266,402.74646306032764,20.455736127301066,False,False
430,382.9900782057711,24.39348162586784,11.68438865059499,2.5776883134343387,10,0.0,382.9900782057711,394.6744668563661,11.684388650594997,False,False
431,383.15240563223085,32.45391347693199,18.092674583278587,4.526619632791631,11,0.0,383.15240563223085,401.24508021550946,18.09267458327861,False,False
432,384.73180417097916,7.871369829630117,29.207311892027448,5.651586381045677,12,0.0,384.73180417097916,413.9391160630066,29.207311892027462,False,False
433,384.9159687359799,25.42256294143374,15.981850564317117,2.4344386077764626,13,0.0,384.9159687359799,400.89781930029704,15.981850564317142,False,False
434,385.7798404902101,29.568426495533302,8.749998402373977,5.422201253504436,14,0.0,385.7798404902101,394.5298388925841,8.74999840237399,False,False
435,385.83203600649125,34.83030889819287,24.801221962403606,4.405298894456775,15,0.0,385.83203600649125,410.63325796889484,24.801221962403588,False,False
436,386.198494386846,18.39052985702091,11.39504095804008,4.217586704458244,16,0.0,386.198494386846,397.59353534488605,11.395040958040056,False,False
437,386.3732467541632,34.29465712127087,2.4337799980675854,1.070510613721792,17,0.0,386.3732467541632,388.80702675223074,2.433779998067564,False,False
438,386.5286957172775,34.532672240478,11.427618136700241,5.496907896510743,18,0.0,386.5286957172775,397.95631385397775,11.427618136700232,False,False
439,386.66660886275923,8.775894631101988,9.869327602842375,1.083550707627305,19,0.0,386.66660886275923,396.5359364656016,9.869327602842361,False,False
440,387.25664260564383,15.678435881062807,14.508916986852373,3.16543137122661,0,0.0,387.25664260564383,401.76555959249623,14.508916986852398,False,False
441,388.0728060080233,9.85070054483965,28.186987533649486,1.7221549491731993,1,0.0,388.0728060080233,416.25979354167276,28.18698753364947,False,False
442,388.3718429009935,32.77074312444231,6.534059426969877,7.154959437405838,2,0.0,388.3718429009935,394.90590232796336,6.534059426969861,False,False
443,389.32737966701893,19.984085058363288,19.465547894477755,5.61094346142464,3,0.0,389.32737966701893,408.7929275614967,19.465547894477766,False,False
444,389.52081464842297,25.70900610405123,13.554062731274076,6.876296644485864,4,0.0,389.52081464842297,403.07487737969706,13.554062731274087,False,False
445,389.5459227553977,16.642470503411367,22.60979492060857,7.80209413364298,5,0.0,389.5459227553977,412.1557176760063,22.60979492060858,False,False
447,390.2585640257815,27.367111880028187,17.596754358848067,2.2251188277606055,7,0.0,390.2585640257815,407.8553183846295,17.596754358848045,False,False
448,390.7318141837563,9.49870847985225,19.7515126390265,7.08094062977674,8,0.0,390.7318141837563,410.4833268227828,19.751512639026487,False,False
449,390.7888450339397,34.112987512709694,5.906193225374862,2.627935634867428,9,0.0,390.7888450339397,396.6950382593146,5.906193225374864,False,False
446,389.71497231741074,22.1681704275465,27.880355564405164,3.7746960324351795,6,1.302567546020839,391.0175398634316,418.8978954278367,29.182923110425975,False,False
450,391.86751090960655,9.905496323788094,10.456824098359796,1.0771167599687481,10,0.0,391.86751090960655,402.32433500796634,10.456824098359789,False,False
451,392.01838025380715,16.49446617078761,26.626771672013856,1.7459757913353358,11,0.0,392.01838025380715,418.645151925821,26.62677167201383,False,False
452,392.341944026196,5.2359406968828175,25.111000727560807,3.25090153091348,12,0.0,392.341944026196,417.4529447537568,25.111000727560793,False,False
453,392.44509968242977,6.684306220292434,13.677258112382026,5.731761347285444,13,0.0,392.44509968242977,406.1223577948118,13.677258112382049,False,False
454,393.22453730801624,20.111653190589976,10.901456445182655,7.2117015891291105,14,0.0,393.22453730801624,404.1259937531989,10.901456445182646,False,False
455,393.3630673067958,26.971015307499194,9.507564072795425,5.626547556870031,15,0.0,393.3630673067958,402.87063137959126,9.507564072795446,False,False
456,393.45459661208844,6.338419150851976,4.486732696392222,5.058725387288011,16,0.0,393.45459661208844,397.94132930848065,4.48673269639221,False,False
457,393.70510261064146,32.62859562427174,4.774760541282908,5.777294204803208,17,0.0,393.70510261064146,398.47986315192435,4.7747605412828875,False,False
458,394.59660878564614,6.7832591985292865,21.556948344515547,6.620301035697394,18,0.0,394.59660878564614,416.1535571301617,21.556948344515547,False,False
459,394.98620253946564,15.833598296883169,16.772708007366276,6.338333377452094,19,0.0,394.98620253946564,411.7589105468319,16.772708007366248,False,False
460,395.15352263698213,16.66846098965722,3.050432756224355,7.514532962903066,0,0.0,395.15352263698213,398.2039553932065,3.0504327562243816,False,False
461,397.02767446741626,27.32524217447185,15.135695932338447,1.3242368581715733,1,0.0,397.02767446741626,412.1633703997547,15.135695932338422,False,False
462,397.4729097765195,14.156493746098157,23.116265464965096,6.921943356009124,2,0.0,397.4729097765195,420.58917524148455,23.116265464965068,False,False
463,397.548581228616,24.97180044718342,22.705917160272218,3.968102731045848,3,0.0,397.548581228616,420.25449838888824,22.705917160272236,False,False
464,398.2709692366015,26.096275978802765,5.69900612185161,1.1859892535495655,4,0.0,398.2709692366015,403.9699753584531,5.699006121851596,False,False
465,399.78414404308404,33.56711645369739,12.964526092916623,6.865946840214069,5,0.0,399.78414404308404,412.74867013600067,12.964526092916628,False,False
466,401.18182778042603,8.341178285535324,8.846052070503228,6.081440170775284,6,0.0,401.18182778042603,410.02787985092925,8.84605207050322,False,False
467,401.31100533761,29.51034900898387,23.37594298453941,3.1575662189781917,7,0.7939583958291223,402.10496373343915,425.48090671797854,24.169901380368515,False,False
468,402.30551266422145,20.178732711164884,18.372388334762423,2.4694785699508213,8,0.0,402.30551266422145,420.6779009989839,18.372388334762434,False,False
469,402.52944856026403,20.547525882823738,10.670823717693558,7.759688298275616,9,0.0,402.52944856026403,413.2002722779576,10.670823717693565,False,False
470,402.6082693174983,5.5352704176593726,22.307220467734798,2.200547166352197,10,0.0,402.6082693174983,424.9154897852331,22.307220467734794,False,False
471,402.82476531480614,28.542225437283452,13.924047923598946,5.275840237125104,11,0.0,402.82476531480614,416.7488132384051,13.924047923598948,False,False
472,403.6634673891274,30.43529091191077,4.346552762601572,1.3288065692406694,12,0.0,403.6634673891274,408.01002015172895,4.346552762601561,False,False
473,404.38567478801195,26.150248298975846,9.024214608802454,7.035112399496704,13,0.0,404.38567478801195,413.40988939681444,9.024214608802481,False,False
474,404.71442541960715,19.5192499539666,14.145881356794805,2.378852637771276,14,0.0,404.71442541960715,418.86030677640196,14.145881356794803,False,False
475,404.88184063771575,7.0821952489249185,29.817694101463292,5.454589009210621,15,0.0,404.88184063771575,434.69953473917906,29.817694101463303,False,False
476,405.31369458019765,23.496610630212775,23.702805233125897,6.292340441749172,16,0.0,405.31369458019765,429.01649981332355,23.7028052331259,False,False
477,405.39775486501526,5.5186588155743745,23.899969205018035,4.845635039329039,17,0.0,405.39775486501526,429.29772407003327,23.89996920501801,False,False
478,405.46153665226325,17.222695123134308,27.736740038183246,2.20118593873016,18,0.0,405.46153665226325,433.1982766904465,27.736740038183257,False,False
479,406.1635375130527,15.339485962123023,22.078269765511617,2.0994995361492386,19,0.0,406.1635375130527,428.2418072785643,22.078269765511607,False,False
480,406.476249141901,28.187946916518754,8.807908111008032,6.8997491699937346,0,0.0,406.476249141901,415.28415725290904,8.807908111008032,False,False
481,407.0845834729604,28.076098445992297,27.750707659923826,3.758365336905707,1,0.0,407.0845834729604,434.8352911328842,27.75070765992382,False,False
482,407.2937803656298,29.943206217528786,11.091063301597949,7.540982809585113,2,0.0,407.2937803656298,418.38484366722776,11.091063301597956,False,False
483,407.6715640402126,28.29967969952134,13.627740054495716,4.564565144676781,3,0.0,407.6715640402126,421.2993040947083,13.627740054495689,False,False
484,407.97893847810076,22.205579396981502,3.7707245752647913,6.6554289309574,4,0.0,407.97893847810076,411.74966305336557,3.7707245752648078,False,False
485,408.7283189648648,16.20094339942858,28.154372002632226,7.643633438619657,5,0.0,408.7283189648648,436.882690967497,28.154372002632215,False,False
486,409.9558453759503,13.941437795022416,29.718138352506863,5.440965427245587,6,0.0,409.9558453759503,439.67398372845713,29.718138352506855,False,False
487,410.0237983835453,34.06975202731795,26.99792090764418,4.834477095842543,7,0.0,410.0237983835453,437.02171929118947,26.997920907644186,False,False
488,410.75516215217266,26.054842814391574,29.784893740778926,6.445452885822665,8,0.0,410.75516215217266,440.5400558929516,29.784893740778955,False,False
489,410.8204100942069,10.394685669675006,4.872620023387558,2.3715278749773594,9,0.0,410.8204100942069,415.6930301175945,4.872620023387583,False,False
490,411.5313751884228,17.846362624546554,15.967088658097698,6.817359172788644,10,0.0,411.5313751884228,427.4984638465205,15.96708865809768,False,False
491,412.6624579209947,19.094001989577897,18.93586137893237,7.148427798593607,11,0.0,412.6624579209947,431.5983192999271,18.935861378932373,False,False
492,413.0142444941562,25.089479286735436,7.0760814296772345,4.929201383860311,12,0.0,413.0142444941562,420.0903259238334,7.076081429677231,False,False
493,413.56918476743186,23.44039663212506,10.281224177082898,4.553373242220897,13,0.0,413.56918476743186,423.85040894451475,10.28122417708289,False,False
494,413.62864988490816,21.917465797531193,6.856460484699312,2.9556833784869756,14,0.0,413.62864988490816,420.48511036960747,6.856460484699312,False,False
495,413.6333856983499,34.598881798614556,29.958637313580734,6.038935439227532,15,0.0,413.6333856983499,443.5920230119306,29.95863731358071,False,False
496,414.67040195429627,29.556466461011745,23.640007828282442,4.615456098668634,16,0.0,414.67040195429627,438.3104097825787,23.64000782828242,False,False
497,414.8305144052144,14.386964985470978,9.425667294009703,5.767413207560152,17,0.0,414.8305144052144,424.2561816992241,9.425667294009713,False,False
498,415.2434926284474,25.58499057055651,8.009492975381706,6.763130143613203,18,0.0,415.2434926284474,423.25298560382913,8.009492975381704,False,False
499,416.29415577044034,5.906741335543,6.911550117518603,7.56411675155264,19,0.0,416.29415577044034,423.20570588795897,6.91155011751863,False,False
500,416.4999719868083,21.774513200181104,7.130219539163875,3.1450002336301415,0,0.0,416.4999719868083,423.6301915259722,7.130219539163875,False,False
501,417.0618393311511,21.502539420543123,18.3657602022323,3.036770269313217,1,0.0,417.0618393311511,435.4275995333834,18.36576020223231,False,False
502,417.79817381564453,7.149246292839919,22.839945296292814,6.08667570820745,2,0.0,417.79817381564453,440.6381191119373,22.839945296292797,False,False
503,417.94901619349594,10.49441199640013,14.04107421925053,2.9746923423886757,3,0.0,417.94901619349594,431.99009041274644,14.041074219250504,False,False
504,418.55046325477895,26.738940926349635,23.712760058012115,5.447105210958893,4,0.0,418.55046325477895,442.26322331279107,23.712760058012122,False,False
505,418.6658337364014,28.97861355984989,16.180139130077407,4.16854227419136,5,0.0,418.6658337364014,434.8459728664788,16.180139130077407,False,False
506,419.31872688464074,6.547272301469162,21.46029473883249,7.812020921944511,6,0.0,419.31872688464074,440.7790216234732,21.460294738832488,False,False
507,419.40351396719086,29.54249631588059,9.320205115264155,7.9693852312271645,7,0.0,419.40351396719086,428.72371908245503,9.320205115264173,False,False
508,419.66475862934044,30.710081510976448,23.48543303939577,7.029546627310412,8,0.0,419.66475862934044,443.1501916687362,23.485433039395787,False,False
509,419.9733764093715,13.749030696155497,8.773768721294704,7.090438330823732,9,0.0,419.9733764093715,428.7471451306662,8.773768721294687,False,False
510,420.35997468203664,8.123485259345845,6.5322225200917865,3.1869283581075587,10,0.0,420.35997468203664,426.89219720212844,6.532222520091807,False,False
511,420.7147430437242,25.3256927552073,2.662517898959405,6.666294444011074,11,0.0,420.7147430437242,423.37726094268356,2.662517898959379,False,False
512,423.65610257575133,33.89546893237505,21.29745501107675,4.7541280685871055,12,0.0,423.65610257575133,444.9535575868281,21.29745501107675,False,False
513,424.5557368688123,9.186309986184792,21.920911239995295,2.5514660250089234,13,0.0,424.5557368688123,446.4766481088076,21.92091123999529,False,False
514,424.69984412586984,30.411547143578076,25.183237461629957,3.447798257451872,14,0.0,424.69984412586984,449.8830815874998,25.18323746162997,False,False
515,425.9768245791851,25.586386401084848,14.062377544162793,7.542287572489495,15,0.0,425.9768245791851,440.03920212334793,14.062377544162814,False,False
516,427.19918240473964,15.947527059310222,26.415378532939723,3.9316666134744676,16,0.0,427.19918240473964,453.61456093767936,26.415378532939712,False,False
517,427.45530391567894,17.438935407302697,18.149033387054523,2.611825009302239,17,0.0,427.45530391567894,445.6043373027335,18.149033387054544,False,False
518,427.6881057587121,20.601256530575476,8.38023622067749,6.270928708313631,18,0.0,427.6881057587121,436.0683419793896,8.380236220677489,False,False
519,428.62325128502965,25.014520356578625,19.153324789610387,7.07270822449405,19,0.0,428.62325128502965,447.77657607464005,19.153324789610394,False,False
520,428.76471788306077,17.751976096188738,20.25547402166664,4.487346474068202,0,0.0,428.76471788306077,449.0201919047274,20.255474021666657,False,False
521,429.07728642499706,33.634010880427795,10.82584332995464,3.48004224781545,1,0.0,429.07728642499706,439.9031297549517,10.825843329954637,False,False
522,429.1335543516263,28.701403704255537,8.733722287772839,2.9788141474171916,2,0.0,429.1335543516263,437.8672766393991,8.733722287772821,False,False
523,429.84598555376976,14.806410030726331,10.1886424754877,6.0199368632094945,3,0.0,429.84598555376976,440.0346280292575,10.188642475487711,False,False
524,429.85132883767534,25.486553607645828,5.45638590641236,1.3380429553928015,4,0.0,429.85132883767534,435.3077147440877,5.456385906412379,False,False
525,429.86359340818603,11.909005902772979,23.025499717502633,2.402470385825432,5,0.0,429.86359340818603,452.88909312568865,23.025499717502612,False,False
526,430.1024682714384,12.960277693203647,7.279612000421946,6.0367417727321095,6,0.0,430.1024682714384,437.38208027186033,7.279612000421935,False,False
527,431.68537725312626,23.573393548025827,26.208740864533475,1.4618269430138655,7,0.0,431.68537725312626,457.89411811765973,26.208740864533468,False,False
528,431.992431736232,10.233885486989589,6.636016054484095,1.685660404085926,8,0.0,431.992431736232,438.6284477907161,6.6360160544841165,False,False
529,432.16391153171634,25.045822203510326,6.994928670302912,1.8281712477354843,9,0.0,432.16391153171634,439.15884020201923,6.9949286703028974,False,False
530,432.3191040730781,7.746759426813702,26.84193406863498,3.636911678521642,10,0.0,432.3191040730781,459.1610381417131,26.841934068635,False,False
531,433.49242481384164,28.77897418882611,4.199595928179027,4.5038229948997435,11,0.0,433.49242481384164,437.69202074202065,4.199595928179008,False,False
532,434.13166183895527,9.09998914244971,17.71408631932134,5.785961866730658,12,0.0,434.13166183895527,451.8457481582766,17.714086319321325,False,False
533,434.14960824893427,14.572438120297116,10.953647048654066,7.708849099245727,13,0.0,434.14960824893427,445.10325529758836,10.95364704865409,False,False
534,434.176115900791,15.590444879369572,5.764375188831025,1.8860737559505238,14,0.0,434.176115900791,439.940491089622,5.764375188831025,False,False
535,434.3382347070484,30.88233422042433,9.971965629945316,7.729665494630256,15,0.0,434.3382347070484,444.3102003369937,9.971965629945316,False,False
536,434.7103716668299,21.548231474568237,15.70326839563544,6.950125151697695,16,0.0,434.7103716668299,450.41364006246533,15.703268395635462,False,False
537,435.55738322749664,8.143945994405954,8.22520997238783,3.4409615222753853,17,0.0,435.55738322749664,443.78259319988445,8.225209972387802,False,False
538,435.6461756165779,15.221813396938101,21.37680661648994,1.3096198929630574,18,0.0,435.6461756165779,457.02298223306786,21.376806616489944,False,False
539,436.0430544227828,12.335129544036016,15.387602398832136,4.5537767360402235,19,0.0,436.0430544227828,451.43065682161495,15.387602398832144,False,False
540,436.596665819244,17.551360690878866,3.1311501279573757,2.0265732467956,0,0.0,436.596665819244,439.72781594720135,3.131150127957369,False,False
541,436.8349262363267,20.562662748915294,27.836487117561948,2.402852907381987,1,0.0,436.8349262363267,464.6714133538886,27.836487117561944,False,False
542,437.2203474114328,29.0218567791621,19.682468995663562,6.690627212389374,2,0.0,437.2203474114328,456.90281640709634,19.682468995663555,False,False
543,437.29227276263083,31.94468576545107,10.421340147854899,5.17914022993005,3,0.0,437.29227276263083,447.7136129104857,10.421340147854892,False,False
544,437.5863519379915,26.184330089237594,6.71191604784385,3.0448847383170126,4,0.0,437.5863519379915,444.2982679858353,6.711916047843829,False,False
545,438.30272489385504,23.42993524580425,13.653519724056316,5.73101650360602,5,0.0,438.30272489385504,451.95624461791135,13.65351972405631,False,False
546,438.5658033003046,7.269342910954718,24.949900537159465,4.887703761057629,6,0.0,438.5658033003046,463.51570383746406,24.949900537159465,False,False
547,438.87254731695845,24.53059577760519,5.372129942750574,1.5405569569306747,7,0.0,438.87254731695845,444.244677259709,5.3721299427505755,False,False
548,439.01848054274984,31.595686825761316,5.701861435744329,1.2456026562061602,8,0.0,439.01848054274984,444.72034197849416,5.70186143574432,False,False
549,439.452742420912,13.432250745211432,2.7182256751321403,6.518853357278609,9,0.0,439.452742420912,442.17096809604413,2.718225675132146,False,False
550,440.44744660712917,7.451217363204369,3.5097167555185713,1.1709084044361877,10,0.0,440.44744660712917,443.95716336264775,3.509716755518582,False,False
551,441.1865378892593,5.845228243455805,6.766901558104346,5.8646388146565505,11,0.0,441.1865378892593,447.9534394473636,6.766901558104337,False,False
552,441.31288674229074,34.640678941305254,16.934595290495807,3.757161505779223,12,0.0,441.31288674229074,458.24748203278654,16.934595290495793,False,False
553,441.6772133101233,30.794428439546078,10.565308889567255,2.899078288298582,13,0.0,441.6772133101233,452.24252219969054,10.565308889567234,False,False
554,442.15807910030554,26.708332334391617,23.58636709990093,5.216149514000792,14,0.0,442.15807910030554,465.7444462002065,23.58636709990094,False,False
555,442.1893409941975,6.784891154683477,22.36408219539951,1.7389562524323687,15,0.0,442.1893409941975,464.553423189597,22.364082195399533,False,False
556,442.9084031043825,30.80367557263276,18.140416350259695,1.7805245358808741,16,0.0,442.9084031043825,461.04881945464217,18.14041635025967,False,False
557,443.35033600362544,9.60171275354536,14.09514085841175,4.1918220531926105,17,0.0,443.35033600362544,457.4454768620372,14.095140858411753,False,False
558,443.8254142878916,15.024767925616738,8.133202875362734,5.650689906960986,18,0.0,443.8254142878916,451.9586171632543,8.133202875362713,False,False
559,444.17646429175693,11.27615443297406,13.8373182206411,2.6568791942334675,19,0.0,444.17646429175693,458.01378251239805,13.837318220641123,False,False
560,444.63970268600025,30.464988193668372,5.5716808716450394,2.8371505738070653,0,0.0,444.63970268600025,450.21138355764526,5.571680871645015,False,False
561,444.77631884420657,24.15215905756395,13.007614235834298,1.6428480398795609,1,0.0,444.77631884420657,457.78393308004087,13.007614235834296,False,False
562,444.77763666130636,20.682067363157202,8.465002463666384,6.442864940232649,2,0.0,444.77763666130636,453.24263912497275,8.465002463666394,False,False
563,445.08346029421057,15.110596122034105,6.10407551310953,3.0068489250736303,3,0.0,445.08346029421057,451.1875358073201,6.104075513109535,False,False
564,446.71673027359265,34.823467839010085,23.617212160695075,3.9207600343901525,4,0.0,446.71673027359265,470.33394243428774,23.61721216069509,False,False
565,448.4149927022522,18.878382851952498,20.246775202883725,5.298617643213165,5,0.0,448.4149927022522,468.66176790513595,20.246775202883725,False,False
566,448.41936882994685,15.540687378654232,25.595200241650957,7.088292372171537,6,0.0,448.41936882994685,474.0145690715978,25.595200241650957,False,False
567,448.8458247613623,18.608541626019147,21.389266104429737,5.901230500621892,7,0.0,448.8458247613623,470.235090865792,21.389266104429737,False,False
568,450.40907484622176,9.44726530860779,28.190498224600134,1.4780401616908523,8,0.0,450.40907484622176,478.59957307082186,28.190498224600105,False,False
569,450.67968589788956,5.047131524547624,11.674336334589757,3.53163959435973,9,0.0,450.67968589788956,462.35402223247934,11.674336334589782,False,False
570,450.73705800452274,20.901951804055432,18.178772799387698,5.894925083284037,10,0.0,450.73705800452274,468.9158308039104,18.178772799387673,False,False
571,450.76200023878664,23.95573020227035,11.026862311592499,6.410082729434613,11,0.0,450.76200023878664,461.7888625503791,11.026862311592481,False,False
572,451.013196761312,13.698815753322217,23.387194148670588,3.8658050718237904,12,0.0,451.013196761312,474.40039090998255,23.387194148670574,False,False
573,452.3507468269933,12.397415842391792,4.515801206587625,1.8874138440734562,13,0.0,452.3507468269933,456.86654803358095,4.515801206587639,False,False
574,452.9245865289267,8.785588288595374,9.040351047446812,3.5741388500779463,14,0.0,452.9245865289267,461.9649375763735,9.04035104744679,False,False
575,454.6479145955011,11.500151428839292,3.083433984368648,5.262577713365946,15,0.0,454.6479145955011,457.73134857986975,3.0834339843686394,False,False
576,454.7221468186463,20.32357291982752,12.55248707771367,6.546665472731374,16,0.0,454.7221468186463,467.27463389636,12.552487077713693,False,False
577,454.7415317010766,23.606272961776398,18.56588792823339,6.817630160986072,17,0.0,454.7415317010766,473.30741962931,18.565887928233394,False,False
578,455.2089083520167,28.877145595888386,2.323924010492328,4.405592745823466,18,0.0,455.2089083520167,457.532832362509,2.3239240104923056,False,False
579,455.41980838023983,9.913181797752358,11.593090672533268,2.7905927609897176,19,0.0,455.41980838023983,467.0128990527731,11.593090672533265,False,False
580,459.5451433292671,27.977443823095243,7.816970367938664,4.42283290701783,0,0.0,459.5451433292671,467.36211369720576,7.816970367938666,False,False
581,459.5587636970227,26.618193708916152,10.28364966186458,4.627960092413772,1,0.0,459.5587636970227,469.84241335888726,10.283649661864558,False,False
582,459.7833973377626,12.209156984447972,4.070346013880906,4.2811711169469735,2,0.0,459.7833973377626,463.8537433516435,4.070346013880908,False,False
583,460.1185370614059,10.361881277747553,10.41838116373643,1.7581102533826272,3,0.0,460.1185370614059,470.53691822514236,10.418381163736456,False,False
584,460.53295844461366,29.141213000125905,3.670203692157004,3.8339698725447637,4,0.0,460.53295844461366,464.2031621367707,3.670203692157031,False,False
585,461.2438405738334,31.810111436649564,3.6919653992684567,3.737914871541946,5,0.0,461.2438405738334,464.9358059731018,3.6919653992684403,False,False
586,461.95878981211223,23.76621055474359,23.560920718124525,2.0742319936298452,6,0.0,461.95878981211223,485.51971053023675,23.56092071812452,False,False
587,462.439306616316,8.637492693726529,21.655305661809454,5.231317527601679,7,0.0,462.439306616316,484.09461227812545,21.65530566180945,False,False
588,462.7420719541847,18.16576205565145,27.840773219767343,4.9044542229594565,8,0.0,462.7420719541847,490.5828451739521,27.840773219767357,False,False
589,463.262658462868,15.959696174914695,3.2075438693495317,4.8962578031064865,9,0.0,463.262658462868,466.4702023322175,3.2075438693495357,False,False
590,464.69169859133456,7.190080777116904,19.20942103486371,4.501929659823757,10,0.0,464.69169859133456,483.90111962619824,19.20942103486368,False,False
591,465.0211763977867,17.716232086338074,13.668045536827274,5.204346149423859,11,0.0,465.0211763977867,478.68922193461395,13.668045536827265,False,False
592,465.0974001419726,14.147666017184362,2.485738936834826,4.1824905845626805,12,0.0,465.0974001419726,467.58313907880745,2.485738936834821,False,False
593,465.32028753473065,15.283486667934875,12.957050443910251,6.010245182961682,13,0.0,465.32028753473065,478.2773379786409,12.957050443910248,False,False
594,465.52985487972916,14.822496786851078,24.420796845663293,7.091587371989325,14,0.0,465.52985487972916,489.95065172539245,24.42079684566329,False,False
595,465.97098640551314,21.25661453373151,3.02440053581116,7.2835499351216075,15,0.0,465.97098640551314,468.9953869413243,3.0244005358111394,False,False
596,466.0808573723846,30.356284891921117,22.0273228700096,1.8397717770755635,16,0.0,466.0808573723846,488.1081802423942,22.027322870009584,False,False
597,466.2146494394838,23.85532587778321,6.809139908742869,6.034803544536757,17,0.0,466.2146494394838,473.02378934822667,6.80913990874285,False,False
598,466.22237921341355,18.988752216893968,29.832265031253563,2.9356136783945583,18,0.0,466.22237921341355,496.0546442446671,29.83226503125354,False,False
599,466.9915365364091,10.218127964707199,6.128273928526565,1.8111740196912571,19,0.0,466.9915365364091,473.11981046493565,6.128273928526539,False,False
600,467.1237041885154,7.569018576101577,12.712282183732029,2.74315864077529,0,0.0,467.1237041885154,479.8359863722474,12.712282183732043,False,False
601,467.1942886326643,12.686171203482974,17.03179337452916,6.306669200638759,1,0.0,467.1942886326643,484.2260820071935,17.031793374529173,False,False
602,467.8690269919797,28.89792952021554,3.550306361339226,5.72279670635164,2,0.0,467.8690269919797,471.4193333533189,3.55030636133921,False,False
603,467.8798174183707,17.852523849106724,11.610344880705796,7.898775235096015,3,0.0,467.8798174183707,479.4901622990765,11.610344880705782,False,False
604,468.0825148594376,11.67819573431811,2.3630915520088096,4.568651841500003,4,0.0,468.0825148594376,470.4456064114464,2.363091552008825,False,False
605,468.5815878285772,32.51917209229153,27.277889137726774,5.7808074034906465,5,0.0,468.5815878285772,495.859476966304,27.27788913772679,False,False
606,469.22668663467385,8.781490271467405,23.287713109618686,1.1726484523698764,6,0.0,469.22668663467385,492.5143997442925,23.287713109618664,False,False
607,469.3543150469921,14.361301230646182,23.372916896675253,3.9232055998407893,7,0.0,469.3543150469921,492.72723194366733,23.372916896675235,False,False
608,469.5465458568446,9.29731653341505,26.34137821672877,2.2330336534632282,8,0.0,469.5465458568446,495.88792407357334,26.341378216728742,False,False
609,469.65291613991036,27.06635304973276,14.472576683182043,7.605445270515497,9,0.0,469.65291613991036,484.12549282309243,14.47257668318207,False,False
610,469.9150161192867,33.519807803860715,28.780029091682945,2.9329790798887077,10,0.0,469.9150161192867,498.6950452109696,28.780029091682934,False,False
611,470.11040164114684,21.42415383801377,23.582098695483012,7.578752073637745,11,0.0,470.11040164114684,493.69250033662985,23.582098695483012,False,False
612,470.30110624669777,9.35235295759222,6.32415346777967,4.179740624353755,12,0.0,470.30110624669777,476.62525971447747,6.324153467779695,False,False
613,470.5736321587103,19.496655874030434,20.89158426213732,3.5697881247931362,13,0.0,470.5736321587103,491.46521642084764,20.891584262137314,False,False
614,471.0647639363009,22.634696051395032,6.027577975409736,2.565828520227237,14,0.0,471.0647639363009,477.0923419117106,6.027577975409713,False,False
615,471.2854334271827,19.68355501486755,4.60115576257088,4.606649770667077,15,0.0,471.2854334271827,475.8865891897536,4.601155762570897,False,False
616,471.6121803969924,32.65417282228392,8.543730599791282,7.1188099559148,16,0.0,471.6121803969924,480.1559109967837,8.543730599791274,False,False
617,472.71884933388935,21.269587966679044,8.575268459058618,7.295972953043559,17,0.0,472.71884933388935,481.294117792948,8.575268459058634,False,False
618,472.74680158178995,5.364878951420563,7.094540082425407,2.32833992798173,18,0.0,472.74680158178995,479.84134166421535,7.094540082425397,False,False
619,473.68848398264936,7.1566499990258094,12.534236719218166,2.5643012072027673,19,0.0,473.68848398264936,486.2227207018675,12.534236719218143,False,False
620,473.72961568433146,22.760240920258624,20.808734167841923,6.542883555257344,0,0.0,473.72961568433146,494.5383498521734,20.80873416784192,False,False
621,474.0569906553837,24.46924960208647,18.568174702406772,5.783309992562826,1,0.0,474.0569906553837,492.6251653577905,18.568174702406793,False,False
622,475.4035368407905,34.227169431684224,22.015448732109665,4.5275426575718996,2,0.0,475.4035368407905,497.41898557290017,22.01544873210969,False,False
623,475.4116952249781,21.335965924458176,13.587814208320598,6.898651460534257,3,0.0,475.4116952249781,488.99950943329867,13.587814208320594,False,False
624,476.60296642076486,7.374484566056871,25.604804125104557,6.450308819379449,4,0.0,476.60296642076486,502.20777054586944,25.60480412510458,False,False
625,476.7295197357823,12.417032781131542,7.963653799422921,6.1313895618453875,5,0.0,476.7295197357823,484.6931735352052,7.9636537994229,False,False
626,476.76032780092663,5.968043974965662,18.712071272666506,5.822856837792751,6,0.0,476.76032780092663,495.4723990735931,18.712071272666492,False,False
627,477.55113362572075,5.0037471961158095,9.210243939289303,4.412797144234884,7,0.0,477.55113362572075,486.76137756501004,9.210243939289285,False,False
628,478.978794969424,11.172172615247618,9.22298361581846,5.915626024131551,8,0.0,478.978794969424,488.20177858524244,9.222983615818464,False,False
629,479.2110846196014,17.02340241037045,17.440720629089803,7.570461822334359,9,0.0,479.2110846196014,496.65180524869123,17.44072062908981,False,False
630,479.33938953433636,21.767228999437318,12.511523285443946,4.299136053855854,10,0.0,479.33938953433636,491.8509128197803,12.511523285443957,False,False
631,479.89498896706664,7.446077163822892,12.935595474855397,4.739052857403829,11,0.0,479.89498896706664,492.83058444192204,12.935595474855404,False,False
632,480.0758620141797,14.058050634244312,18.965028146170845,2.7921756902496027,12,0.0,480.0758620141797,499.0408901603505,18.965028146170823,False,False
633,480.3517112020623,17.619108565013093,11.851511403429532,7.930174398862231,13,0.0,480.3517112020623,492.2032226054918,11.851511403429527,False,False
634,480.9351654852152,10.356325960564662,18.89756387440335,6.2571099570690025,14,0.0,480.9351654852152,499.83272935961855,18.897563874403374,False,False
635,481.6403239410895,11.122897928626365,23.13802462211436,5.417069201596814,15,0.0,481.6403239410895,504.77834856320385,23.138024622114358,False,False
636,482.2195253611502,26.08170806025823,6.436922356279505,6.560303278202037,16,0.0,482.2195253611502,488.6564477174297,6.436922356279524,False,False
637,484.2567037268305,7.818115151574965,20.357991647203317,2.6321755328147183,17,0.0,484.2567037268305,504.61469537403383,20.357991647203335,False,False
638,484.34614379069325,9.284678431892615,5.341016263512781,4.242984690436651,18,0.0,484.34614379069325,489.687160054206,5.341016263512756,False,False
639,486.4244903976332,12.751887923630687,16.608349960490237,6.131737127465887,19,0.0,486.4244903976332,503.0328403581234,16.608349960490216,False,False
640,486.55203993443337,5.754485032706992,29.247620735911916,1.6748695405614078,0,0.0,486.55203993443337,515.7996606703452,29.24762073591188,False,False
641,487.25739925345357,11.16915965105601,18.266842144905706,6.906773390248599,1,0.0,487.25739925345357,505.52424139835927,18.266842144905695,False,False
642,487.9890724210393,14.778700393855152,18.88036665322482,1.9438892935376408,2,0.0,487.9890724210393,506.8694390742641,18.880366653224826,False,False
643,488.18748660134634,19.070702944417192,3.4633961723985127,3.3135544269272437,3,0.0,488.18748660134634,491.65088277374485,3.463396172398518,False,False
644,488.3605938303273,27.056680759820814,18.35746747858527,4.532236911952141,4,0.0,488.3605938303273,506.7180613089125,18.35746747858525,False,False
645,488.89303018542546,19.862588407888012,2.0736192816664922,2.3551073130583875,5,0.0,488.89303018542546,490.96664946709194,2.073619281666481,False,False
646,489.49828133971783,9.402327276334415,19.801395608835936,2.5093377373426287,6,0.0,489.49828133971783,509.2996769485538,19.801395608835946,False,False
647,490.82515326246795,27.291228384889617,5.771813719165305,3.6160050822206764,7,0.0,490.82515326246795,496.5969669816333,5.771813719165323,False,False
648,490.8853530298767,9.70291134636363,9.591250799721069,1.8927963074393253,8,0.0,490.8853530298767,500.47660382959776,9.591250799721081,False,False
649,491.7038706560898,10.385022225161238,16.990202333141937,3.991112164819731,9,0.0,491.7038706560898,508.69407298923176,16.99020233314195,False,False
650,491.7633426705653,23.531774732336597,21.89901600114054,7.803417325767769,10,0.0,491.7633426705653,513.6623586717059,21.89901600114058,False,False
651,491.91751725980527,28.56321681883005,17.88928595677964,4.957908371332117,11,0.0,491.91751725980527,509.8068032165849,17.889285956779645,False,False
652,492.4012063181594,10.157260874874467,27.242281620156646,1.8257549643446276,12,0.0,492.4012063181594,519.6434879383161,27.24228162015669,False,False
653,492.5897239633356,24.50980824563107,10.778793207453766,1.729879224527909,13,0.0,492.5897239633356,503.36851717078935,10.77879320745376,False,False
654,494.2823278515119,20.22651482358327,10.001542541600054,3.0287471324868385,14,0.0,494.2823278515119,504.28387039311195,10.001542541600031,False,False
655,494.3325019434264,33.026971387716614,16.10658788030072,6.867954932426557,15,0.0,494.3325019434264,510.4390898237271,16.106587880300708,False,False
656,494.46332923382516,33.46893198360634,4.743009382010941,5.442777283307975,16,0.0,494.46332923382516,499.2063386158361,4.743009382010939,False,False
657,494.464725833265,22.914462287051656,17.438302940313644,5.011183391275149,17,0.0,494.464725833265,511.9030287735786,17.438302940313633,False,False
658,495.98513050128395,23.412598613007923,24.17219769363297,6.376072389591664,18,0.0,495.98513050128395,520.1573281949169,24.17219769363294,False,False
659,496.18794230115714,6.681609219095259,12.345991041409441,1.4335730136327791,19,0.0,496.18794230115714,508.53393334256657,12.345991041409434,False,False
660,496.376764560786,7.0860640252848235,20.756278452554852,4.499990864595398,0,0.0,496.376764560786,517.1330430133409,20.756278452554852,False,False
661,496.465550847328,27.485214143000256,19.027527289694994,3.761099171119265,1,0.0,496.465550847328,515.493078137023,19.027527289694945,False,False
662,497.6902701400297,7.020636249919874,12.285690263472219,4.310206215343381,2,0.0,497.6902701400297,509.975960403502,12.285690263472247,False,False
663,497.72984770529706,5.135182926800099,21.498655849822992,7.518986418345688,3,0.0,497.72984770529706,519.22850355512,21.498655849822967,False,False
664,497.7731394900633,34.68948348177513,29.31638478454237,4.277641749602421,4,0.0,497.7731394900633,527.0895242746057,29.31638478454238,False,False
665,498.11847269531677,29.924343342190436,6.063166248953252,3.6830754085032074,5,0.0,498.11847269531677,504.18163894427005,6.06316624895328,False,False
666,498.6295758739837,28.437966948873218,25.16660792769798,1.410923780402352,6,0.0,498.6295758739837,523.7961838016817,25.166607927697953,False,False
667,498.7154947366964,31.007332711283535,15.767464794340995,6.471893706374978,7,0.0,498.7154947366964,514.4829595310374,15.767464794340981,False,False
668,499.26072397612256,30.873063563583624,25.18531437501117,3.4570013098102095,8,0.0,499.26072397612256,524.4460383511338,25.185314375011217,False,False
669,499.5320851389061,10.24729944764244,23.889437017702882,3.6709583752101422,9,0.0,499.5320851389061,523.421522156609,23.889437017702846,False,False
670,499.5380839914413,17.347940962568437,22.101566996469614,3.544395292650617,10,0.0,499.5380839914413,521.639650987911,22.10156699646967,False,False
671,499.9246672796707,6.935821324563407,4.9330567582858205,6.850081463914791,11,0.0,499.9246672796707,504.85772403795653,4.933056758285829,False,False
672,500.5158051700138,23.603925918150978,19.868922483187383,4.937745556206124,12,0.0,500.5158051700138,520.3847276532011,19.86892248318736,False,False
673,500.7829669702829,32.920661344610835,5.067059888824961,2.458639746677729,13,0.0,500.7829669702829,505.8500268591079,5.067059888824986,False,False
674,500.96760591676303,10.506846414782316,23.00423301737325,3.8268414370056867,14,0.0,500.96760591676303,523.9718389341363,23.004233017373224,False,False
675,501.6812669339826,11.173860246950664,25.17340605118962,2.0724923133204056,15,0.0,501.6812669339826,526.8546729851722,25.173406051189602,False,False
676,502.07506219527596,30.498113147607594,15.162795281964137,1.9038657580413192,16,0.0,502.07506219527596,517.2378574772401,15.16279528196418,False,False
677,502.49795862404983,10.503982016900366,18.688775346388645,2.8891294983177582,17,0.0,502.49795862404983,521.1867339704385,18.68877534638864,False,False
678,502.5339858038999,7.2881201092149155,23.08871479157594,2.975142024588716,18,0.0,502.5339858038999,525.6227005954759,23.088714791575967,False,False
679,502.8829312120595,15.633399500715438,12.497441345505337,4.501069549157809,19,0.0,502.8829312120595,515.3803725575648,12.497441345505308,False,False
680,503.13158558463317,21.009187166547317,9.265317397329653,3.8893798446947043,0,0.0,503.13158558463317,512.3969029819629,9.265317397329682,False,False
681,504.32910042609166,27.042017526171083,14.796376529425727,4.86009086600296,1,0.0,504.32910042609166,519.1254769555173,14.796376529425686,False,False
682,504.43698008043623,8.311737012120709,20.737028090881644,2.651894626659775,2,0.0,504.43698008043623,525.1740081713178,20.73702809088161,False,False
683,504.4434285468592,14.384003716985422,29.770037345378864,2.100822286809595,3,0.0,504.4434285468592,534.2134658922381,29.77003734537891,False,False
684,504.82914972444746,27.84609233901547,2.364228498126403,3.8463374046867207,4,0.0,504.82914972444746,507.19337822257387,2.3642284981264083,False,False
685,504.9611135842232,31.92200546389917,12.11352740710057,2.156860825695698,5,0.0,504.9611135842232,517.0746409913238,12.113527407100605,False,False
686,505.3849679484384,23.597021900733715,28.543209841533958,4.7085667846881805,6,0.0,505.3849679484384,533.9281777899723,28.54320984153395,False,False
687,505.8319665976517,12.703680428214263,14.179184128157395,2.5963681080322782,7,0.0,505.8319665976517,520.0111507258091,14.17918412815743,False,False
688,506.5855125709142,33.3035347750978,6.896091053484582,2.0599916775732563,8,0.0,506.5855125709142,513.4816036243988,6.896091053484554,False,False
689,506.7217235780437,28.340668151592503,6.90054737444278,3.075393960591148,9,0.0,506.7217235780437,513.6222709524865,6.9005473744427945,False,False
690,506.7835473601149,10.895534551769586,2.6249384722685485,6.448096196982364,10,0.0,506.7835473601149,509.4084858323834,2.624938472268525,False,False
691,507.04995086304916,20.29909714916647,9.289763688867204,4.157571302766314,11,0.0,507.04995086304916,516.3397145519164,9.289763688867197,False,False
692,507.2925729433583,8.47359275813919,4.702405179936672,1.4322048290617937,12,0.0,507.2925729433583,511.99497812329497,4.7024051799366475,False,False
693,507.3097195837746,30.436082255897844,25.19053229354892,6.482025326948697,13,0.0,507.3097195837746,532.5002518773235,25.190532293548927,False,False
694,507.87349095333093,17.571306811456964,4.567198807209752,2.185128220880318,14,0.0,507.87349095333093,512.4406897605406,4.5671988072097065,False,False
695,508.12115237084805,20.339694674203553,3.0135912549122397,5.741542864899924,15,0.0,508.12115237084805,511.1347436257603,3.013591254912228,False,False
696,508.5428218872015,24.770378835948716,14.080981301008077,2.736818163944971,16,0.0,508.5428218872015,522.6238031882095,14.080981301008023,False,False
697,508.6836615777947,32.4523631784339,5.869521265114458,3.7385830547198218,17,0.0,508.6836615777947,514.5531828429091,5.869521265114429,False,False
698,508.86952636018765,11.758551311233305,15.05475758415854,3.5262656402194903,18,0.0,508.86952636018765,523.9242839443461,15.054757584158494,False,False
699,508.921346542301,19.66276008433459,6.879277696034475,5.247075063005237,19,0.0,508.921346542301,515.8006242383354,6.879277696034421,False,False
700,508.95676147624215,29.116669485299404,8.584675721064386,6.15945737155678,0,0.0,508.95676147624215,517.5414371973065,8.5846757210644,False,False
701,509.60504965329335,34.07647716154028,28.904699527981997,4.050075366345536,1,0.0,509.60504965329335,538.5097491812753,28.90469952798196,False,False
702,509.9812262076986,28.358613090656263,4.93887617853582,3.7882014645369693,2,0.0,509.9812262076986,514.9201023862345,4.93887617853585,False,False
703,510.9591487129196,22.071035524005104,5.767644073178668,6.572674212627034,3,0.0,510.9591487129196,516.7267927860983,5.767644073178644,False,False
704,511.17445856236907,11.260672443454872,22.651358485078585,2.030555532482169,4,0.0,511.17445856236907,533.8258170474477,22.651358485078617,False,False
705,511.2316050480777,8.79768239756645,14.491304163611355,5.149564613825374,5,0.0,511.2316050480777,525.7229092116891,14.491304163611346,False,False
706,511.3985036831516,12.922520128646116,6.14860446145015,3.7597194938104126,6,0.0,511.3985036831516,517.5471081446018,6.148604461450191,False,False
707,511.6777741227733,28.336248552701655,25.054050420080472,3.809368404507013,7,0.0,511.6777741227733,536.7318245428538,25.0540504200805,False,False
708,512.2230453820496,17.480031347686328,18.07092936875101,5.269197337573683,8,0.0,512.2230453820496,530.2939747508005,18.070929368750967,False,False
709,512.4915217787689,32.28687131069415,18.02263122493634,4.20383149177055,9,0.0,512.4915217787689,530.5141530037052,18.02263122493639,False,False
710,513.0707419919809,20.88571553631447,29.799838042041433,6.968334743338985,10,0.0,513.0707419919809,542.8705800340223,29.799838042041415,False,False
711,513.1255154071671,7.051323361047243,24.232478756395388,3.635113979336781,11,0.0,513.1255154071671,537.3579941635625,24.23247875639538,False,False
712,514.4433815760291,28.877449260819972,15.07583433646118,3.269022100833661,12,0.0,514.4433815760291,529.5192159124903,15.075834336461185,False,False
713,514.8925379629154,24.648856658816296,2.3194798680011037,7.783552847501475,13,0.0,514.8925379629154,517.2120178309165,2.3194798680010535,False,False
714,515.448808152692,7.449595372760709,29.823901961372695,1.0621866113824936,14,0.0,515.448808152692,545.2727101140647,29.823901961372712,False,False
715,515.7833707963904,27.550426014636596,8.02039813662615,1.0470555236831518,15,0.0,515.7833707963904,523.8037689330165,8.020398136626113,False,False
716,515.7990823087649,27.17143118600469,13.378069879809866,2.039402507742214,16,0.0,515.7990823087649,529.1771521885748,13.378069879809914,False,False
717,516.0283716116087,33.618347760687755,15.526755327552324,5.256534492769473,17,0.0,516.0283716116087,531.555126939161,15.526755327552337,False,False
718,516.4410433309196,10.875140948875558,17.413331553446,7.968614634144528,18,0.0,516.4410433309196,533.8543748843656,17.413331553446028,False,False
719,516.8540446418727,10.316203109297422,6.169771685702279,1.195408815497363,19,0.0,516.8540446418727,523.023816327575,6.169771685702244,False,False
720,517.0201583996695,25.649865932567753,5.099333404553671,2.5339967794407863,0,0.0,517.0201583996695,522.1194918042232,5.099333404553704,False,False
721,517.0716576063151,31.116889315094877,10.556270998763921,1.666975024634664,1,0.0,517.0716576063151,527.627928605079,10.556270998763921,False,False
722,517.2077932495732,28.192796043705407,3.7241824107155077,4.252451649609619,2,0.0,517.2077932495732,520.9319756602887,3.724182410715457,False,False
723,517.2947973592802,11.04106030716494,18.81301751906604,7.8589785011673765,3,0.0,517.2947973592802,536.1078148783463,18.81301751906608,False,False
724,517.8088882897205,32.15261099918634,19.240808074800213,3.9494148549126598,4,0.0,517.8088882897205,537.0496963645207,19.24080807480027,False,False
725,518.9128833669475,13.622555145056015,26.24211569703332,7.575893191155439,5,0.0,518.9128833669475,545.1549990639809,26.24211569703334,False,False
726,518.9421227355087,17.609884895298045,14.772660471875808,4.636985647137852,6,0.0,518.9421227355087,533.7147832073846,14.772660471875838,False,False
727,519.7073025161485,30.184217013399316,21.689030373076726,4.926726409078503,7,0.0,519.7073025161485,541.3963328892253,21.689030373076776,False,False
728,519.7758604421512,23.85198688575254,14.318327638785389,7.031342185617907,8,0.0,519.7758604421512,534.0941880809365,14.318327638785377,False,False
729,520.1762536165513,6.079571325514959,10.630724825184515,5.263528075883385,9,0.0,520.1762536165513,530.8069784417359,10.63072482518453,False,False
730,520.2162366145036,26.09488319632417,21.396051419437754,5.686319704524338,10,0.0,520.2162366145036,541.6122880339414,21.396051419437754,False,False
731,520.6350608280491,11.93829662143853,3.186814520032848,3.990889459598959,11,0.0,520.6350608280491,523.8218753480819,3.18681452003284,False,False
732,520.9408198646153,22.944263663848226,22.165033812009394,5.27677473379306,12,0.0,520.9408198646153,543.1058536766246,22.16503381200937,False,False
733,520.9520180083709,27.842268390025318,7.82792289431734,7.13778775987673,13,0.0,520.9520180083709,528.7799409026883,7.827922894317339,False,False
734,521.1583384715669,22.103020923756482,27.564784709337445,3.2162530065315527,14,0.0,521.1583384715669,548.7231231809044,27.56478470933746,False,False
735,521.4782596212219,23.344902328834632,25.165338691004177,1.9478454079513554,15,0.0,521.4782596212219,546.6435983122261,25.165338691004195,False,False
736,521.9657525258643,13.147401422916396,23.857567133503498,3.272135615495547,16,0.0,521.9657525258643,545.8233196593678,23.857567133503494,False,False
737,521.9910860034609,19.35510898066699,11.85897404964702,4.525286263241615,17,0.0,521.9910860034609,533.8500600531079,11.858974049647031,False,False
738,522.3888304108928,27.63209644906765,12.878421091731859,3.411978027845645,18,0.0,522.3888304108928,535.2672515026246,12.878421091731866,False,False
739,523.240722544911,31.205249879320363,4.868292707547688,7.997995725733722,19,0.0,523.240722544911,528.1090152524587,4.868292707547653,False,False
740,523.2683240067133,21.87311178280523,11.276618189037212,7.6713025618836355,0,0.0,523.2683240067133,534.5449421957505,11.276618189037208,False,False
741,524.7362881732564,6.744952383554281,24.158688710055824,6.656063806621659,1,0.0,524.7362881732564,548.8949768833122,24.1586887100558,False,False
742,525.344804799936,16.686893921989626,23.05261896133427,2.0987849516214307,2,0.0,525.344804799936,548.3974237612703,23.052618961334247,False,False
743,525.4123499147261,31.27924214538831,15.54427045548046,6.884341038599386,3,0.0,525.4123499147261,540.9566203702066,15.5442704554805,False,False
745,526.7381379625879,26.768835976989617,2.0193249018137895,4.9046634051850635,5,0.0,526.7381379625879,528.7574628644016,2.019324901813775,False,False
744,525.5365326006545,29.023571500356155,24.957918179927006,3.0667199282295723,4,1.552991673951169,527.0895242746057,552.0474424545326,26.51090985387816,False,False
746,527.1481352367771,29.98045598279392,26.42475960300861,7.852226638132901,6,0.0,527.1481352367771,553.5728948397857,26.424759603008624,False,False
747,530.5839104535451,8.175600391673164,6.285032742370682,2.440765713692478,7,0.0,530.5839104535451,536.8689431959158,6.285032742370731,False,False
748,531.503203138998,15.199209663717813,12.533417120845641,5.948481755791646,8,0.0,531.503203138998,544.0366202598436,12.533417120845684,False,False
749,531.7664032810449,7.53009869990125,15.915955703166437,2.3194685299065942,9,0.0,531.7664032810449,547.6823589842113,15.915955703166446,False,False
750,532.8685406224749,16.53566862344383,21.520707600819527,7.782309374291932,10,0.0,532.8685406224749,554.3892482232944,21.52070760081949,False,False
751,535.4258121588706,16.009893577843748,17.47254235329242,6.283022807030982,11,0.0,535.4258121588706,552.898354512163,17.472542353292397,False,False
752,536.4000658371384,19.618878746966217,25.462626442540117,4.998788166292819,12,0.0,536.4000658371384,561.8626922796785,25.462626442540113,False,False
753,536.593053515541,28.761074613907837,22.17479562701857,7.262566133682714,13,0.0,536.593053515541,558.7678491425596,22.174795627018625,False,False
754,537.0846425715414,27.726318997997243,29.037925661512304,1.3428375459698307,14,0.0,537.0846425715414,566.1225682330537,29.037925661512304,False,False
755,537.1787889171701,13.038740874680636,11.073668797834134,3.2474390529216413,15,0.0,537.1787889171701,548.2524577150042,11.073668797834102,False,False
756,537.4178300044449,17.825360088812953,10.898977585834754,6.963477815681216,16,0.0,537.4178300044449,548.3168075902796,10.8989775858347,False,False
757,537.72314473226,14.771582126258174,23.698072982038596,3.520697413325231,17,0.0,537.72314473226,561.4212177142987,23.69807298203864,False,False
758,537.7678882538328,28.87000181984332,7.647663067270683,2.3797344237098637,18,0.0,537.7678882538328,545.4155513211034,7.647663067270628,False,False
759,538.0173623958909,7.008020769830704,24.9499808905145,2.657964852308349,19,0.0,538.0173623958909,562.9673432864055,24.949980890514553,False,False
760,538.261561807321,26.250740308214542,2.4242789548837904,7.356054630201722,0,0.0,538.261561807321,540.6858407622047,2.424278954883789,False,False
761,538.2974486029989,18.73455241419537,13.587014326682732,6.893183491436545,1,0.0,538.2974486029989,551.8844629296816,13.58701432668272,False,False
762,538.4471913990252,25.769932915478755,19.378927775143993,6.826301137882946,2,0.0,538.4471913990252,557.8261191741692,19.378927775144007,False,False
763,539.1909303431014,24.096457990791297,13.986499724609306,4.154449130795978,3,0.0,539.1909303431014,553.1774300677107,13.986499724609303,False,False
764,539.7049188713252,15.945294714798795,4.652362973861008,4.926507404968993,4,0.0,539.7049188713252,544.3572818451862,4.652362973861045,False,False
765,540.0924565965092,29.27574065216841,15.515462928860208,7.684123088476355,5,0.0,540.0924565965092,555.6079195253694,15.515462928860188,False,False
766,540.7742717120196,23.56058301447777,4.166312677802078,1.238333576706446,6,0.0,540.7742717120196,544.9405843898218,4.166312677802125,False,False
767,540.7889675151753,17.875905864025615,25.219298017005755,3.3938032516686913,7,0.0,540.7889675151753,566.008265532181,25.219298017005713,False,False
768,540.9858888343226,31.58782004364754,29.365710328563342,7.037473339912968,8,0.0,540.9858888343226,570.3515991628859,29.365710328563296,False,False
769,541.4395046703605,32.98577404638793,23.73407961823383,2.0170740051366556,9,0.0,541.4395046703605,565.1735842885944,23.734079618233864,False,False
770,541.5983239481793,18.640396355278504,6.451320514456843,2.0513355654053314,10,0.0,541.5983239481793,548.0496444626361,6.451320514456825,False,False
771,542.6326136403501,10.063994451524525,14.147171133879427,2.9856545954922713,11,0.0,542.6326136403501,556.7797847742295,14.147171133879397,False,False
772,542.8119875375343,24.240154232994886,16.976599264316253,3.851506203135644,12,0.0,542.8119875375343,559.7885868018506,16.97659926431629,False,False
773,542.8604567635181,25.416684872419935,13.801091002980083,4.116876276637317,13,0.0,542.8604567635181,556.6615477664982,13.801091002980115,False,False
774,542.9807706664132,26.42447722197304,5.524931710997132,2.961357659596845,14,0.0,542.9807706664132,548.5057023774103,5.52493171099718,False,False
775,543.3279399394377,7.818146455153564,23.58834513423767,1.588036713405827,15,0.0,543.3279399394377,566.9162850736753,23.58834513423767,False,False
776,543.7610689126267,18.268456173608644,5.042079856578178,1.8741618262967674,16,0.0,543.7610689126267,548.8031487692049,5.042079856578198,False,False
777,544.4492535007832,23.43385775493679,11.4296017662101,5.92644651179666,17,0.0,544.4492535007832,555.8788552669934,11.429601766210112,False,False
778,545.3430300821384,22.146470443353493,22.965751341371227,2.518590196689141,18,0.0,545.3430300821384,568.3087814235096,22.965751341371174,False,False
779,546.007986662474,14.028954389193952,28.209162219484472,3.2844490452296333,19,0.0,546.007986662474,574.2171488819585,28.209162219484483,False,False
780,546.0088602604933,5.965154709524385,13.279498836010065,6.580073806787928,0,0.0,546.0088602604933,559.2883590965033,13.27949883601002,False,False
781,546.7603658804798,27.971038720458818,21.740503432495444,7.185758272991074,1,0.0,546.7603658804798,568.5008693129752,21.740503432495416,False,False
782,547.3007848223357,32.84749692668585,15.668356647729736,7.251285520004012,2,0.0,547.3007848223357,562.9691414700654,15.668356647729752,False,False
783,547.5620047084163,23.833050171189186,27.870242853612048,7.692866067719699,3,0.0,547.5620047084163,575.4322475620284,27.870242853612012,False,False
784,547.8407182251675,23.58249715292748,10.798060041077589,3.109978395069305,4,0.0,547.8407182251675,558.6387782662451,10.798060041077633,False,False
785,548.6070437342742,11.3476035658584,4.693862748236096,5.08015416890871,5,0.0,548.6070437342742,553.3009064825103,4.693862748236143,False,False
786,549.203583778788,21.621875583629667,16.07045750511309,1.264067035545943,6,0.0,549.203583778788,565.274041283901,16.07045750511304,False,False
787,549.2171873536741,13.82045013459339,3.4983144264557393,3.962117793325611,7,0.0,549.2171873536741,552.7155017801299,3.4983144264557495,False,False
788,549.4595289017053,30.185790807676018,6.093330622723741,3.118556132227409,8,0.0,549.4595289017053,555.5528595244291,6.093330622723784,False,False
789,550.0062640903518,13.075883617245479,29.570000177918367,7.857305162018768,9,0.0,550.0062640903518,579.5762642682702,29.57000017791836,False,False
790,550.0958416589444,11.885542244522554,15.576202738117589,2.566366058537739,10,0.0,550.0958416589444,565.672044397062,15.576202738117559,False,False
791,550.1885241632848,8.1103166725768,9.754159698202416,6.4421026336489975,11,0.0,550.1885241632848,559.9426838614872,9.754159698202443,False,False
792,550.8201994793125,24.633918726437436,7.55430236402743,2.938779534807138,12,0.0,550.8201994793125,558.3745018433399,7.554302364027421,False,False
793,551.5422665051394,15.7830425002539,21.927169031728987,3.847178033748884,13,0.0,551.5422665051394,573.4694355368684,21.927169031729022,False,False
794,552.2308899058354,6.372099903953735,25.472071205147458,6.703658440106615,14,0.0,552.2308899058354,577.7029611109829,25.472071205147472,False,False
795,553.1421628013753,18.08663678238885,19.12604277014797,1.5730849073794093,15,0.0,553.1421628013753,572.2682055715233,19.126042770147933,False,False
796,553.4160337607573,19.48062170980387,3.5452441366536878,6.787504663369991,16,0.0,553.4160337607573,556.9612778974109,3.5452441366536505,False,False
797,553.4316614669021,18.798957283844864,7.465153551211606,4.774539721379221,17,0.0,553.4316614669021,560.8968150181138,7.4651535512116425,False,False
798,553.5545763779693,24.093863832722047,26.19869351675513,6.512889503997092,18,0.0,553.5545763779693,579.7532698947244,26.198693516755156,False,False
799,554.2241972230613,26.781775083625853,7.714920216348432,6.453836090407952,19,0.0,554.2241972230613,561.9391174394098,7.714920216348446,False,False
800,554.3982620972007,29.98490517258585,14.930086512519726,4.8069930633073055,0,0.0,554.3982620972007,569.3283486097205,14.930086512519779,False,False
801,554.4320046729758,10.976445052818187,2.743831789398257,3.3331869800130463,1,0.0,554.4320046729758,557.175836462374,2.7438317893982003,False,False
802,554.5411447646441,23.049632624292272,27.675335686809394,2.295054993114455,2,0.0,554.5411447646441,582.2164804514534,27.675335686809376,False,False
803,554.5668817891418,20.934429028733724,22.76309919896183,1.238292468331001,3,0.0,554.5668817891418,577.3299809881037,22.763099198961868,False,False
804,554.7470597745998,27.25122541945494,16.898267804901536,1.7841806050839826,4,0.0,554.7470597745998,571.6453275795013,16.89826780490148,False,False
805,554.7993138926271,27.23920328389756,20.867076999634698,2.9187538139272475,5,0.0,554.7993138926271,575.6663908922618,20.86707699963472,False,False
806,556.4802182736552,11.136671083572686,24.499864570180346,1.533377584878905,6,0.0,556.4802182736552,580.9800828438355,24.499864570180307,False,False
807,556.7670179325776,27.99081936420921,8.952757221208339,7.426134558387478,7,0.0,556.7670179325776,565.7197751537859,8.952757221208344,False,False
808,556.967261480662,17.466680128777526,26.184629644559262,7.221147019702936,8,0.0,556.967261480662,583.1518911252213,26.18462964455921,False,False
809,557.4345636724571,29.65042760015188,18.84937883161419,1.4060364266413878,9,0.0,557.4345636724571,576.2839425040713,18.849378831614217,False,False
810,557.8591462456347,18.54224913807971,23.241006613474735,7.597931903504457,10,0.0,557.8591462456347,581.1001528591095,23.241006613474724,False,False
811,558.0893108701525,18.22538923268734,27.02408806834474,3.9711870882378406,11,0.0,558.0893108701525,585.1133989384973,27.02408806834478,False,False
812,558.3432119543082,17.441682858127564,11.378653856140197,5.310542671925758,12,0.0,558.3432119543082,569.7218658104484,11.378653856140204,False,False
813,558.3498816650251,11.287756823773766,14.333769518834412,2.7278433366526693,13,0.0,558.3498816650251,572.6836511838595,14.333769518834401,False,False
814,558.8501606241235,19.242506523143142,8.658988869136365,5.816544155397636,14,0.0,558.8501606241235,567.5091494932599,8.658988869136351,False,False
815,558.9064561636901,9.548415613204174,5.562377803912498,4.0782505527646205,15,0.0,558.9064561636901,564.4688339676026,5.5623778039124545,False,False
816,559.6111857009173,27.9826460127197,2.293416309042756,6.352469357484716,16,0.0,559.6111857009173,561.9046020099601,2.2934163090427546,False,False
817,559.6277280456437,28.451206100345782,21.30660773707135,4.933321905356465,17,0.0,559.6277280456437,580.934335782715,21.306607737071317,False,False
818,559.7425420663908,30.37929329359675,13.635967827661247,7.1214975586003,18,0.0,559.7425420663908,573.3785098940521,13.635967827661261,False,False
819,559.7640805027165,6.208179836718873,18.856306888467483,6.823049267815497,19,0.0,559.7640805027165,578.620387391184,18.85630688846743,False,False
820,559.8448531216225,16.204064822928604,11.745291705512438,5.504303473348803,0,0.0,559.8448531216225,571.5901448271348,11.745291705512386,False,False
821,559.9453742633079,17.605303325765824,19.99040675092543,2.8120284643302433,1,0.0,559.9453742633079,579.9357810142334,19.990406750925445,False,False
822,560.0697658494437,11.678479862885176,23.730265605034663,2.7395285512502148,2,0.0,560.0697658494437,583.8000314544784,23.730265605034674,False,False
823,560.3513745261606,8.150971301522993,20.813476532725506,4.289597778550183,3,0.0,560.3513745261606,581.1648510588861,20.81347653272553,False,False
824,561.0782129413379,19.60294910323505,24.74957096337353,4.0097034158352916,4,0.0,561.0782129413379,585.8277839047115,24.74957096337357,False,False
825,561.868016189714,6.655335337031721,29.347385917589683,4.757437790824273,5,0.0,561.868016189714,591.2154021073037,29.34738591758969,False,False
826,562.9517533425818,10.445971387744518,11.711228801538162,6.392084797255506,6,0.0,562.9517533425818,574.66298214412,11.711228801538141,False,False
827,563.6974996982696,14.136629138428544,24.8112117223213,6.503392820822842,7,0.0,563.6974996982696,588.5087114205909,24.81121172232133,False,False
828,564.5197726384768,30.381696765778724,2.244186718247137,7.083912533977836,8,0.0,564.5197726384768,566.763959356724,2.2441867182471924,False,False
829,564.7551567940657,20.34626679305559,18.30927250397226,7.236080180660688,9,0.0,564.7551567940657,583.0644292980379,18.309272503972238,False,False
830,565.6605937693399,13.779181307149127,29.331178950701013,4.813433119747966,10,0.0,565.6605937693399,594.9917727200409,29.331178950700973,False,False
831,565.8911854343702,18.60574960917225,2.575933573236227,7.217092865663755,11,0.0,565.8911854343702,568.4671190076064,2.5759335732361706,False,False
832,566.1598006381932,16.003038530223208,17.30461620617025,3.2763819812872397,12,0.0,566.1598006381932,583.4644168443635,17.304616206170294,False,False
833,566.2228946005796,28.081776949576245,7.1370323419852895,4.696106962885137,13,0.0,566.2228946005796,573.3599269425649,7.137032341985332,False,False
834,566.5125722759709,23.982273825933717,12.931307788655847,6.206536854025068,14,0.0,566.5125722759709,579.4438800646268,12.931307788655886,False,False
835,566.8629117171071,16.015164908889297,29.729394602003573,7.389720182233145,15,0.0,566.8629117171071,596.5923063191107,29.729394602003595,False,False
836,567.2515505875668,10.255492200263472,13.782446840355693,6.502897688362204,16,0.0,567.2515505875668,581.0339974279225,13.782446840355647,False,False
837,567.5021323120773,12.493123931544345,23.148328642411535,3.885876836424986,17,0.0,567.5021323120773,590.6504609544888,23.14832864241157,False,False
839,567.9124796110633,34.426879710086055,25.406096459442605,2.500311545678497,19,0.0,567.9124796110633,593.3185760705059,25.40609645944255,False,False
840,568.0766187733135,8.546318291672257,8.994547787343881,6.188818217429219,0,0.0,568.0766187733135,577.0711665606574,8.99454778734389,False,False
841,568.3051513069329,24.5135377770443,5.034507052316705,5.674885090514843,1,0.0,568.3051513069329,573.3396583592496,5.034507052316712,False,False
838,567.6401648955042,33.52383046279394,28.920868512959217,3.1804170793258484,18,0.6686165280053729,568.3087814235096,597.2296499364688,29.589485040964632,False,False
842,568.4514991656298,21.872132656465475,8.281918450670698,4.214421862288837,2,0.0,568.4514991656298,576.7334176163005,8.281918450670673,False,False
843,568.6349906143237,29.58275449431421,8.196228361592102,2.2336716629791713,3,0.0,568.6349906143237,576.8312189759158,8.196228361592148,False,False
844,568.871956779795,9.511454974644408,18.515590294687883,1.6869491571408224,4,0.0,568.871956779795,587.3875470744829,18.515590294687854,False,False
845,569.346452401761,25.039566922910353,20.084350643721972,7.0173128838082,5,0.0,569.346452401761,589.430803045483,20.08435064372202,False,False
846,569.5138161439484,23.634735132752827,20.904538454717,2.920998888355917,6,0.0,569.5138161439484,590.4183545986654,20.904538454717,False,False
847,569.7817691472061,20.0307983437008,7.161542779786721,5.527893776388037,7,0.0,569.7817691472061,576.9433119269928,7.161542779786714,False,False
848,571.1061022060102,27.625001949981684,6.301910647798785,7.067767544469624,8,0.0,571.1061022060102,577.4080128538089,6.301910647798763,False,False
849,571.1506345044529,7.127130910729176,21.918223585422723,2.3034264383351633,9,0.0,571.1506345044529,593.0688580898757,21.918223585422766,False,False
850,571.1905785421027,14.173853674054829,28.353920155595024,4.406351745470255,10,0.0,571.1905785421027,599.5444986976977,28.353920155595006,False,False
851,571.1990309816505,5.5670425911631405,12.219794117913729,1.770430319582575,11,0.0,571.1990309816505,583.4188250995642,12.219794117913693,False,False
852,571.1999061697214,14.55564549177219,23.024183640272078,1.468903758179684,12,0.0,571.1999061697214,594.2240898099935,23.0241836402721,False,False
853,571.7189927836131,28.828031170369222,26.216226077346107,7.835388921562158,13,0.0,571.7189927836131,597.9352188609591,26.21622607734605,False,False
854,572.0483084501082,33.41387030490292,24.819777478505948,2.4862762911827385,14,0.0,572.0483084501082,596.868085928614,24.819777478505898,False,False
855,572.1768619887389,10.886608954545974,4.200110282982639,7.8610537860322065,15,0.0,572.1768619887389,576.3769722717216,4.200110282982678,False,False
856,572.2071364982672,29.290572418291674,8.909123079650024,2.556053381333765,16,0.0,572.2071364982672,581.1162595779173,8.909123079650044,False,False
857,573.7298658417548,21.970238349980853,8.491370950952415,1.1075698401945995,17,0.0,573.7298658417548,582.2212367927071,8.491370950952387,False,False
858,573.7548279074532,31.989074298596876,18.05466074669343,2.4642957680402535,18,0.0,573.7548279074532,591.8094886541467,18.054660746693457,False,False
859,574.1657684060424,22.36783110105279,27.037605508091442,6.150108193309936,19,0.0,574.1657684060424,601.2033739141339,27.037605508091474,False,False
860,574.7702165452799,33.24310544290472,11.157674405380973,6.172097418693838,0,0.0,574.7702165452799,585.9278909506609,11.15767440538093,False,False
861,575.196138469242,22.405397296080398,8.255065273517916,2.505967902354006,1,0.0,575.196138469242,583.45120374276,8.255065273517971,False,False
862,575.3044093339388,19.09337003008928,9.163008559360641,6.977457308041502,2,0.0,575.3044093339388,584.4674178932994,9.163008559360605,False,False
863,575.394425722735,32.79396958165416,25.04110285138905,2.8570456125613957,3,0.03782183929331495,575.4322475620284,600.4733504134174,25.078924690682356,False,False
864,575.6460874151705,15.758701780385891,6.091043138226484,7.623057197166271,4,0.0,575.6460874151705,581.737130553397,6.091043138226496,False,False
865,576.0423242420288,9.219699140607096,14.024140324264568,6.80313385242137,5,0.0,576.0423242420288,590.0664645662933,14.024140324264522,False,False
866,576.2269370241638,24.801821063644116,7.601765983888595,4.79984613674148,6,0.0,576.2269370241638,583.8287030080525,7.60176598388864,False,False
867,576.2976301222831,28.685671899164806,24.154368722518498,5.643866838331804,7,0.0,576.2976301222831,600.4519988448016,24.154368722518484,False,False
868,577.3763077085019,11.296505567163635,28.544965509558427,6.441079730831014,8,0.0,577.3763077085019,605.9212732180604,28.544965509558438,False,False
869,577.5855542821051,10.405531154511438,8.245421899910166,3.8123345081317748,9,0.0,577.5855542821051,585.8309761820153,8.245421899910184,False,False
870,577.7444770107796,22.59793734667352,5.5268908634655425,1.7043245668446516,10,0.0,577.7444770107796,583.2713678742451,5.526890863465496,False,False
871,577.9618978643514,23.241600497364598,11.856313121036766,7.274569852433723,11,0.0,577.9618978643514,589.8182109853882,11.856313121036806,False,False
872,578.1281569312725,31.864043315279435,13.589169047009001,3.0875921428886883,12,0.0,578.1281569312725,591.7173259782816,13.589169047009023,False,False
873,579.4937850009183,24.031542562869625,20.845383709458027,4.08014206941834,13,0.0,579.4937850009183,600.3391687103763,20.84538370945802,False,False
874,579.7842866197345,33.3824384764515,23.713506660672863,1.7465091379006425,14,0.0,579.7842866197345,603.4977932804074,23.71350666067292,False,False
875,579.8367081676134,22.665712116826302,28.129253972309233,3.5774681623982065,15,0.0,579.8367081676134,607.9659621399227,28.129253972309243,False,False
876,579.8806309651247,21.228387197866777,24.472090724814194,2.506807917560609,16,0.0,579.8806309651247,604.3527216899389,24.472090724814166,False,False
877,580.7641160722961,6.674203680841295,28.950096708466397,1.42513608636708,17,0.0,580.7641160722961,609.7142127807625,28.95009670846639,False,False
878,581.5138033594402,33.5530042542183,9.712931740219755,6.262967098635402,18,0.0,581.5138033594402,591.22673509966,9.712931740219801,False,False
879,581.841351301092,22.462313194220712,14.922510048271917,1.5356848679144313,19,0.0,581.841351301092,596.7638613493639,14.922510048271874,False,False
880,581.9716026653388,21.287109416844576,15.518503159418628,5.501534820947536,0,0.0,581.9716026653388,597.4901058247574,15.518503159418628,False,False
881,581.9849172559088,15.481043152860703,21.279066692521642,5.6659066481208695,1,0.0,581.9849172559088,603.2639839484305,21.27906669252161,False,False
882,582.0841577479773,25.493767921431882,2.759156611746473,4.897483321861182,2,0.0,582.0841577479773,584.8433143597238,2.759156611746448,False,False
883,582.1895120487267,20.608942679973943,8.080694385438484,4.950251238844696,3,0.0,582.1895120487267,590.2702064341652,8.080694385438505,False,False
884,582.2998185207698,23.321517214088427,23.008828217930095,7.692514939677275,4,0.0,582.2998185207698,605.3086467386998,23.008828217930045,False,False
885,582.3082554078142,14.14492472686512,26.94139304879335,3.848000145850106,5,0.0,582.3082554078142,609.2496484566075,26.941393048793316,False,False
886,582.8227260321794,17.915786754079683,12.832315912456332,1.250753528425093,6,0.0,582.8227260321794,595.6550419446357,12.832315912456352,False,False
887,583.3616245287976,23.23844619328721,8.321518284029386,6.46626551761214,7,0.0,583.3616245287976,591.683142812827,8.321518284029366,False,False
888,583.7089974533347,23.99599293844822,16.993329476520504,2.181753105872898,8,0.0,583.7089974533347,600.7023269298553,16.993329476520557,False,False
889,583.9150310234486,29.053300048790515,5.519801706580356,2.9655123891179396,9,0.0,583.9150310234486,589.4348327300289,5.519801706580324,False,False
890,584.3783091751603,18.149525446453556,24.054847579563422,7.190512572602935,10,0.0,584.3783091751603,608.4331567547238,24.054847579563443,False,False
891,584.4310383723869,32.310882218146105,28.188601806062984,3.1211975239265835,11,0.0,584.4310383723869,612.6196401784498,28.188601806062934,False,False
892,584.5770456286411,34.303750316095375,13.591535688614089,4.01652937490368,12,0.0,584.5770456286411,598.1685813172552,13.591535688614044,False,False
893,584.7463836659763,29.820875598415874,15.534560937699272,5.707320055527048,13,0.0,584.7463836659763,600.2809446036756,15.534560937699325,False,False
894,584.9091970907181,30.781558308280744,23.050267273189505,7.627752249905247,14,0.0,584.9091970907181,607.9594643639076,23.050267273189547,False,False
895,585.937267888553,20.96717061965311,21.44733282977573,4.599221725474047,15,0.0,585.937267888553,607.3846007183288,21.447332829775746,False,False
896,585.9791388562081,28.576426980053334,15.921438717146483,4.771523913829649,16,0.0,585.9791388562081,601.9005775733546,15.92143871714643,False,False
897,586.0624760041078,26.227970486057984,9.612440447738614,3.089929437219944,17,0.0,586.0624760041078,595.6749164518465,9.612440447738663,False,False
900,586.4916424370165,19.71342600762502,2.3580993926436196,7.996343298201557,0,0.0,586.4916424370165,588.84974182966,2.3580993926435667,False,False
901,586.9422988634567,26.508347185378934,2.1367363200349367,7.398619333872737,1,0.0,586.9422988634567,589.0790351834917,2.13673632003497,False,False
902,587.1856182284271,6.640531551867794,7.5542196001632655,5.586523172609455,2,0.0,587.1856182284271,594.7398378285903,7.554219600163265,False,False
903,587.3812411268914,28.301603683147288,15.464559351186818,3.931839399807697,3,0.0,587.3812411268914,602.8458004780782,15.464559351186836,False,False
904,587.6866899362645,28.98809550976238,11.450157679060249,7.54897895422406,4,0.0,587.6866899362645,599.1368476153248,11.450157679060226,False,False
905,587.817038435621,27.030881153031793,5.660562331189299,7.140872380700951,5,0.0,587.817038435621,593.4776007668104,5.66056233118934,False,False
906,588.0178164259477,32.865304965029495,11.217222973124382,3.1899344159028207,6,0.0,588.0178164259477,599.2350393990721,11.217222973124422,False,False
907,588.8981018175023,19.371372163838696,3.3924050951360973,3.7655300658027566,7,0.0,588.8981018175023,592.2905069126383,3.3924050951360414,False,False
908,588.9425741892283,33.51703334245171,4.797845249783933,5.6536808295192,8,0.0,588.9425741892283,593.7404194390122,4.797845249783904,False,False
909,589.7896637152022,33.61523816643718,4.821411800738189,3.4291228281776225,9,0.0,589.7896637152022,594.6110755159403,4.821411800738133,False,False
910,590.4433112265466,10.462300885665398,3.464792782009469,4.435962872347783,10,0.0,590.4433112265466,593.908104008556,3.4647927820094537,False,False
911,591.0300262301605,22.04072724016316,6.6664836278742605,3.6302283784473044,11,0.0,591.0300262301605,597.6965098580348,6.6664836278743,False,False
898,586.3544923315078,25.251188205327715,5.321939712950282,4.205755403777651,18,4.872242768152205,591.22673509966,596.5486748126103,10.19418248110253,False,True
912,591.5208882374282,31.966007560203504,2.051784795941124,6.187600182610247,12,0.19643774085341192,591.7173259782816,593.7691107742227,2.248222536794515,False,False
915,592.5060950235537,22.043824128465115,8.312420536093587,3.9785159603793674,15,0.0,592.5060950235537,600.8185155596473,8.312420536093555,False,False
899,586.3754704480777,34.68840454635903,18.263403187314168,3.7649542124200863,19,6.9431056224281065,593.3185760705059,611.58197925782,25.206508809742218,False,True
916,593.5531129517952,23.48032675966882,10.333251818572053,5.868348425366122,16,0.0,593.5531129517952,603.8863647703673,10.33325181857208,False,False
917,594.14846937246,26.249235639630818,4.378887261565104,2.8352092720519186,17,0.0,594.14846937246,598.5273566340251,4.378887261565069,False,False
918,594.2517720554605,18.804027062048213,7.838081984449275,7.773890185876812,18,0.0,594.2517720554605,602.0898540399098,7.838081984449332,False,False
919,594.9456182445442,8.052537539626334,28.864048925378466,6.519196337723564,19,0.0,594.9456182445442,623.8096671699227,28.864048925378484,False,False
920,595.3503284278926,25.70791206695012,21.80341606939479,7.970058890178441,0,0.0,595.3503284278926,617.1537444972873,21.803416069394757,False,False
914,592.3633025927393,26.044968355524734,8.54121783486852,2.4638947899791095,14,4.504783335874777,596.868085928614,605.4093037634826,13.046001170743352,False,True
921,597.075140336742,33.83688927913753,15.749757743005363,2.333036068204689,1,0.0,597.075140336742,612.8248980797474,15.749757743005375,False,False
913,592.1009299611981,24.07048778297854,15.915154363821552,1.5455958359697122,13,5.834288899761077,597.9352188609591,613.8503732247807,21.749443263582634,False,True
922,598.0281665245827,29.8992075228064,9.881119988226635,1.2005894031401785,2,0.0,598.0281665245827,607.9092865128093,9.881119988226601,False,False
923,598.2498166765774,11.249198749923263,21.616112912523874,5.872011520080093,3,0.0,598.2498166765774,619.8659295891014,21.61611291252393,False,False
924,598.5691400573837,34.24476622322619,6.878725387375031,1.2270431789457785,4,0.0,598.5691400573837,605.4478654447588,6.878725387375084,False,False
925,598.8585787250955,17.121956433599628,29.222196141519408,5.858138024866535,5,0.0,598.8585787250955,628.0807748666149,29.222196141519362,False,False
926,598.9986687045125,25.886860218309444,26.34515375932778,7.3107723589456945,6,0.0,598.9986687045125,625.3438224638403,26.345153759327786,False,False
927,599.5114493627949,23.50621262692779,24.204187937632632,7.185415971808992,7,0.0,599.5114493627949,623.7156373004275,24.204187937632582,False,False
928,599.6942779991749,30.919077591563063,11.462555630813085,2.3949491762875565,8,0.0,599.6942779991749,611.156833629988,11.462555630813085,False,False
929,599.8914382821569,10.178389011061872,28.42592309896961,4.856251134144974,9,0.0,599.8914382821569,628.3173613811265,28.425923098969633,False,False
930,599.9244457621467,34.857434665953164,22.13716003856344,2.5251971572401564,10,0.0,599.9244457621467,622.0616058007101,22.13716003856348,False,False
931,599.9384076280959,12.432278117227343,5.110398179324882,2.6075595949961565,11,0.0,599.9384076280959,605.0488058074208,5.110398179324875,False,False
932,600.2956994730794,31.612814716650387,27.42743891880646,7.718597984025509,12,0.0,600.2956994730794,627.7231383918859,27.4274389188065,False,False
933,600.2984163213644,23.714968320722214,5.944965729742489,1.5993493123549714,13,0.0,600.2984163213644,606.2433820511069,5.944965729742535,False,False
935,600.5166347608331,17.219093855744443,3.9044162489592456,7.406359104554464,15,0.0,600.5166347608331,604.4210510097923,3.904416248959251,False,False
936,600.6667376861182,25.48105539842595,9.98511005308082,7.53477408640496,16,0.0,600.6667376861182,610.651847739199,9.985110053080803,False,False
937,600.9181845062601,19.06790621215379,3.319240462140025,1.1981794509592496,17,0.0,600.9181845062601,604.2374249684001,3.3192404621399874,False,False
938,600.9333500221802,28.942981376140818,28.557041287661335,2.2275345549330274,18,0.0,600.9333500221802,629.4903913098416,28.557041287661377,False,False
939,600.9862470306197,34.671415006426386,23.865622217910044,4.364998904330192,19,0.0,600.9862470306197,624.8518692485297,23.865622217910072,False,False
940,601.0653858463148,12.63082259429451,7.1909394402157485,3.0788300163549236,0,0.0,601.0653858463148,608.2563252865306,7.190939440215743,False,False
941,601.1149641521781,14.246084175195708,22.41045416523893,4.975578129999249,1,0.0,601.1149641521781,623.525418317417,22.41045416523889,False,False
942,601.1811650633687,5.001518810822859,22.63386212376354,4.517807503117329,2,0.0,601.1811650633687,623.8150271871322,22.633862123763492,False,False
943,601.2727206944134,26.20831892011261,20.55561969941607,5.657849815356968,3,0.0,601.2727206944134,621.8283403938294,20.55561969941607,False,False
944,601.36112007387,22.140043703181806,8.689061249115522,4.631376290279,4,0.0,601.36112007387,610.0501813229855,8.689061249115525,False,False
945,601.440710112456,34.53213413824449,27.044988440050126,2.696001930306192,5,0.0,601.440710112456,628.4856985525062,27.044988440050133,False,False
946,601.7050060911231,30.601731762200014,7.133054548440485,3.979223442288548,6,0.0,601.7050060911231,608.8380606395635,7.133054548440441,False,False
947,601.9384541756857,33.57474137315008,17.378478307898327,7.164487153470349,7,0.0,601.9384541756857,619.3169324835841,17.378478307898376,False,False
948,602.0506056777575,12.945221106975076,11.43380422916827,4.7440483187905365,8,0.0,602.0506056777575,613.4844099069257,11.433804229168231,False,False
949,602.0574398964106,29.439143708692903,6.849351220203465,5.908935322034679,9,0.0,602.0574398964106,608.9067911166142,6.849351220203516,False,False
950,602.1963358202324,10.321221968868642,5.948860488547929,5.338024924231272,10,0.0,602.1963358202324,608.1451963087803,5.9488604885478935,False,False
951,602.5307202660042,31.645915931905503,28.856503118933567,1.3042766872687155,11,0.0,602.5307202660042,631.3872233849378,28.856503118933574,False,False
952,602.6294381021831,24.942858224095716,6.8948408946350686,6.722190947232222,12,0.0,602.6294381021831,609.5242789968182,6.894840894635081,False,False
953,602.9438877344019,13.191385314568771,5.516177997672065,2.0415679310056865,13,0.0,602.9438877344019,608.460065732074,5.516177997672116,False,False
955,603.2212077149355,26.797279376061265,20.928898403504498,4.24156629169965,15,0.0,603.2212077149355,624.15010611844,20.92889840350449,False,False
956,603.2933197741881,20.018997334608457,11.52691296827302,2.9953584033246945,16,0.0,603.2933197741881,614.8202327424611,11.526912968272995,False,False
957,603.3681005345501,17.877728621639555,13.922467435981886,2.114308939460351,17,0.0,603.3681005345501,617.2905679705319,13.922467435981844,False,False
934,600.3081578990264,29.140344260299596,9.248798554457283,7.534737209880519,14,3.1896353813810947,603.4977932804074,612.7465918348647,12.438433935838361,False,False
954,603.1605356077181,6.513828529071234,29.558442188090595,6.654685654525004,14,0.33725767268936124,603.4977932804074,633.056235468498,29.895699860779928,False,False
958,603.5554782439423,17.183276198023542,7.325733397032691,5.9219999667240355,18,0.0,603.5554782439423,610.8812116409749,7.32573339703265,False,False
960,603.8008639643772,27.80443779459299,27.174601428306843,7.750161291095163,0,0.0,603.8008639643772,630.975465392684,27.1746014283068,False,False
961,604.049801499516,17.39501375980693,11.418917023209048,6.629471459667841,1,0.0,604.049801499516,615.468718522725,11.41891702320902,False,False
962,604.3373328806709,23.297331114020178,5.9526508482010305,4.4781237855429,2,0.0,604.3373328806709,610.289983728872,5.952650848201074,False,False
963,604.3726207243565,9.357865691703056,4.67675880222157,2.810957161827505,3,0.0,604.3726207243565,609.049379526578,4.6767588022215705,False,False
964,604.5387971075778,14.906970336731476,5.12780663370444,7.243575842841764,4,0.0,604.5387971075778,609.6666037412823,5.127806633704495,False,False
965,604.7088381881383,21.049061903515376,20.911486794627177,3.239300207216369,5,0.0,604.7088381881383,625.6203249827655,20.911486794627194,False,False
966,604.7100124856593,6.20286555288455,14.118212144393242,6.77342659688793,6,0.0,604.7100124856593,618.8282246300525,14.118212144393283,False,False
967,604.7158561702572,13.288261922959768,26.99770038049739,5.980522052293858,7,0.0,604.7158561702572,631.7135565507546,26.99770038049735,False,False
968,604.7854531487849,15.236176067687975,16.609380383186114,7.459496958594192,8,0.0,604.7854531487849,621.394833531971,16.609380383186135,False,False
969,604.808624704773,31.567802375808782,14.932594088691529,3.225221800715052,9,0.0,604.808624704773,619.7412187934646,14.93259408869153,False,False
970,604.8181204184943,20.018033341064275,13.377320284990445,2.9422146363939117,10,0.0,604.8181204184943,618.1954407034848,13.377320284990446,False,False
972,604.9539827144412,14.032928883744153,3.416547523296387,3.447464578112684,12,0.0,604.9539827144412,608.3705302377375,3.4165475232963445,False,False
971,604.8763006303606,31.738391598890075,20.190923032170055,5.523137051816363,11,0.17250517706020219,605.0488058074208,625.2397288395908,20.36342820923028,False,False
973,605.2108744576585,18.791370900079983,11.840960230685825,2.4110800426199095,13,0.0,605.2108744576585,617.0518346883443,11.840960230685823,False,False
974,605.297726124436,19.709242246672787,25.64135287383693,7.3346262479383615,14,0.11157763904657259,605.4093037634826,631.0506566373195,25.752930512883495,False,False
975,605.4327116027413,17.50133811225728,18.315642290033164,4.821508189192475,15,0.0,605.4327116027413,623.7483538927744,18.31564229003311,False,False
976,605.6529387252868,13.982402768764073,10.513926477280078,3.7193591001142092,16,0.0,605.6529387252868,616.1668652025669,10.513926477280052,False,False
977,605.7188723799258,9.615010557687498,23.276168965598394,5.643659915411079,17,0.0,605.7188723799258,628.9950413455241,23.276168965598345,False,False
978,605.882266760806,24.632664273734125,15.42124763731392,5.765461457945751,18,0.0,605.882266760806,621.30351439812,15.421247637313968,False,False
980,606.0695636871629,8.803247664055428,11.131175147967436,1.8728954553402009,0,0.0,606.0695636871629,617.2007388351303,11.131175147967383,False,False
981,606.0775761620619,27.676802454246516,8.364641489505019,6.824054033487809,1,0.0,606.0775761620619,614.4422176515669,8.364641489505061,False,False
982,606.5612138290162,26.26592127007823,14.888560397721704,7.432728101842356,2,0.0,606.5612138290162,621.4497742267379,14.888560397721676,False,False
983,606.6049279186701,13.8369535709048,27.301400326388407,2.5832551238596975,3,0.0,606.6049279186701,633.9063282450585,27.301400326388375,False,False
984,606.8285108220889,24.30190562760474,14.629837912277495,1.7322607251167557,4,0.0,606.8285108220889,621.4583487343664,14.62983791227748,False,False
986,606.9106142138785,26.478388585496084,24.21245698048722,7.2545840002591895,6,0.0,606.9106142138785,631.1230711943657,24.212456980487218,False,False
987,606.9429209669229,12.636015003200683,27.104502492898327,2.022048823736569,7,0.0,606.9429209669229,634.0474234598212,27.10450249289829,False,False
988,606.9439457780225,27.809001317439883,21.437594180352978,7.909386953187995,8,0.0,606.9439457780225,628.3815399583755,21.437594180353017,False,False
989,607.0049363838905,16.346228277347798,23.903175320052714,2.500099657847967,9,0.0,607.0049363838905,630.9081117039432,23.903175320052696,False,False
993,607.3877477569594,21.473655445740857,20.654508335769528,1.7666398161145431,13,0.0,607.3877477569594,628.0422560927288,20.654508335769492,False,False
995,607.7107740677458,8.926351861959272,22.417700272917376,4.121106600088078,15,0.0,607.7107740677458,630.1284743406632,22.417700272917386,False,False
996,607.8003030779442,11.39581631299096,17.366364827045405,1.8071733226965156,16,0.0,607.8003030779442,625.1666679049897,17.36636482704546,False,False
997,607.8295323522362,14.601418813173243,23.433963763843348,1.8451963604549235,17,0.0,607.8295323522362,631.2634961160796,23.433963763843394,False,False
998,607.8769976391928,21.143918875018585,15.558932897259723,5.647024229317863,18,0.0,607.8769976391928,623.4359305364526,15.558932897259751,False,False
994,607.4517609883147,28.807705350765957,29.604277381644465,2.7725658012352574,14,0.5077033755928824,607.9594643639076,637.5637417455521,30.111980757237347,False,False
1000,607.9637901128191,7.690193160696125,4.097507312935248,1.2606378953030162,0,0.0,607.9637901128191,612.0612974257543,4.0975073129352495,False,False
1002,608.0679447041293,31.44710603853678,13.194937133554502,1.7583540720953605,2,0.0,608.0679447041293,621.2628818376838,13.194937133554504,False,False
1003,608.3029795198385,15.27114413572735,27.02138211563774,7.491824457108851,3,0.0,608.3029795198385,635.3243616354762,27.02138211563772,False,False
1004,608.3686490229298,19.4790145868647,8.13989463276524,4.34766668557252,4,0.0,608.3686490229298,616.5085436556951,8.139894632765277,False,False
992,607.3484282377941,34.51643002343063,16.078296298954488,3.6283906244822273,12,1.022101999943402,608.3705302377375,624.448826536692,17.100398298897858,False,False
990,607.1435245775081,28.494349873234093,25.163331085549665,4.35170582136425,10,1.289632177215708,608.4331567547238,633.5964878402734,26.452963262765365,False,False
1007,608.5227818720631,6.983000972595855,16.247419662633817,7.840460992038733,7,0.0,608.5227818720631,624.7702015346969,16.247419662633774,False,False
1010,608.6701646551006,7.496628034476459,14.812166690391559,1.2798740145533298,10,0.0,608.6701646551006,623.4823313454922,14.812166690391564,False,False
1006,608.4222146455782,20.950755736361167,9.212547837291972,1.1005564495831042,6,0.4158459939853856,608.8380606395635,618.0506084768555,9.628393831277322,False,False
1009,608.6134659716303,26.120350979435273,6.204771719318375,7.350949722006829,9,0.2933251449838963,608.9067911166142,615.1115628359325,6.498096864302283,False,False
1013,609.288921825058,30.358580095150938,21.740406018056547,3.319250287611204,13,0.0,609.288921825058,631.0293278431145,21.740406018056547,False,False
1014,609.3124484886417,8.375388640170588,19.513389186078516,1.7617202464684776,14,0.0,609.3124484886417,628.8258376747202,19.513389186078484,False,False
1015,609.4694796334127,5.774145817454949,25.949232267609176,3.573111770952101,15,0.0,609.4694796334127,635.4187119010219,25.949232267609204,False,False
1016,609.5105667396707,24.81266174656725,12.046214404504138,6.76096170696706,16,0.0,609.5105667396707,621.5567811441748,12.046214404504099,False,False
1012,609.2487821233173,11.729593462318093,16.351242995729372,3.6109336681512727,12,0.27549687350096974,609.5242789968182,625.8755219925476,16.62673986923039,False,False
1017,609.7901910237237,25.896178547141755,14.952587889938654,5.820717943723858,17,0.0,609.7901910237237,624.7427789136623,14.952587889938627,False,False
1020,609.9860124947181,17.00818494718988,29.460947432538294,6.660860521520416,0,0.0,609.9860124947181,639.4469599272564,29.46094743253832,False,False
1023,610.1757905572886,29.402774115731816,15.74137448697661,1.6142311815713093,3,0.0,610.1757905572886,625.9171650442652,15.74137448697661,False,False
1022,610.0558262940726,15.7129749240066,21.741277448158634,3.0263977906440283,2,0.23415743479938556,610.289983728872,632.0312611770306,21.975434882957984,False,False
1024,610.3312007784301,11.242138265052564,19.546206511701826,4.058566739765349,4,0.0,610.3312007784301,629.8774072901319,19.546206511701826,False,False
1008,608.5428005576354,20.42886757789092,27.248228737017595,1.3797056686646187,8,2.6140330723526404,611.156833629988,638.4050623670056,29.86226180937024,False,True
1028,610.6468773118305,23.296778796727985,11.965249134814494,5.356852919458099,8,0.5099563181574922,611.156833629988,623.1220827648025,12.475205452971977,False,False
1032,611.2117282067554,7.364842259216983,4.823046224708007,5.581349564356957,12,0.0,611.2117282067554,616.0347744314635,4.823046224708037,False,False
1035,611.3370710556627,20.907325343238405,9.712181191389734,5.403221820979429,15,0.0,611.3370710556627,621.0492522470524,9.712181191389732,False,False
1036,611.353891903873,24.69184364981985,13.029414749990405,2.103287293568072,16,0.0,611.353891903873,624.3833066538634,13.029414749990451,False,False
959,603.6055304774214,31.252846561672012,23.265435794216692,4.639125370224266,19,7.976448780398528,611.58197925782,634.8474150520367,31.241884574615256,False,True
1042,612.198434796903,20.772293912033646,14.927512800866293,6.958861142236279,2,0.0,612.198434796903,627.1259475977694,14.927512800866339,False,False
991,607.1860277144989,29.32784042819613,25.069284241288052,4.963440736068932,11,5.433612463950908,612.6196401784498,637.6889244197379,30.50289670523898,False,True
1034,611.303678411423,19.73865955831412,14.897165654977563,4.820160736375486,14,1.4429134234417234,612.7465918348647,627.6437574898423,16.340079078419308,False,False
1044,612.7538344334931,17.754396064691612,6.158571335494225,7.986709176758969,4,0.0,612.7538344334931,618.9124057689874,6.15857133549423,False,False
1001,608.0354334435989,29.261142482898236,27.17067618893498,3.046857121400814,1,4.789464636148523,612.8248980797474,639.9955742686824,31.9601408250835,False,True
1033,611.2404890013986,15.111421344453166,15.035079847708186,5.504846170160453,13,2.609884223382096,613.8503732247807,628.8854530724889,17.64496407109027,False,False
1021,610.0098400164679,17.929123896899622,12.139269810636,4.469128464728753,1,4.432377635098987,614.4422176515669,626.581487462203,16.57164744573504,False,False
1041,612.0155881526877,15.275930114880266,20.910812704241945,5.2308685822155,1,2.426629498879265,614.4422176515669,635.3530303558089,23.337442203121213,False,False
1056,613.8182382850981,20.223265038449647,13.257522104257841,3.417337896426599,16,1.0019944573630255,614.8202327424611,628.077754846719,14.259516561620899,False,False
1064,614.940078600068,14.21689648369904,19.239137451276086,2.5093121133080443,4,0.0,614.940078600068,634.179216051344,19.239137451276065,False,False
1029,610.6886319234736,33.6293292012174,9.56865700840001,4.570070589709971,9,4.422930912458924,615.1115628359325,624.6802198443326,13.991587920858933,False,False
1084,616.8004488593474,24.970375944623893,21.15826200527527,2.892999896688731,4,0.0,616.8004488593474,637.9587108646226,21.15826200527522,False,False
1040,612.0002423220088,33.47903210367279,20.106731330836016,4.889523983893497,0,5.153502175278504,617.1537444972873,637.2604758281234,25.26023350611456,False,True
1060,614.2273831671332,12.350378041164996,23.390256389518456,1.1673436727264783,0,2.9263613301541227,617.1537444972873,640.5440008868057,26.316617719672536,False,True
1080,616.3045189936294,5.378527114444111,17.06125663714026,6.325577640837068,0,0.8962198415009652,617.2007388351303,634.2619954722705,17.957476478641183,False,False
1037,611.4292352450215,32.45211019167931,7.41522599843127,7.134451642245312,17,5.861332725510465,617.2905679705319,624.7057939689632,13.276558723941775,False,False
1057,613.8398634024226,17.08550035563175,10.397656300446346,5.596989325549085,17,3.4507045681093587,617.2905679705319,627.6882242709783,13.848360868555687,False,False
1026,610.4559414222277,20.84989975006043,28.734260768329168,7.376284860882748,6,7.594667054627735,618.0506084768555,646.7848692451846,36.32892782295687,False,True
1030,610.7361685272507,28.877184442321052,18.323214926071966,2.0481836673845706,10,7.459272176234094,618.1954407034848,636.5186556295567,25.78248710230605,False,True
1046,612.9773888736404,23.345515304428766,26.072034467607338,1.0195553857889732,6,5.8508357564121525,618.8282246300525,644.9002590976598,31.922870224019448,False,True
1027,610.4739873432685,20.503142953088556,27.759323685249882,6.715943306178321,7,8.842945140315578,619.3169324835841,647.076256168834,36.60226882556549,False,True
1047,613.0124705353222,21.828929780625973,11.613865664659928,1.1955413599617857,7,6.30446194826186,619.3169324835841,630.930798148244,17.918327612921757,False,True
1049,613.2108071613859,22.16732953837886,17.610712098875105,4.052544227999607,9,6.530411632078653,619.7412187934646,637.3519308923396,24.141123730953723,False,True
1069,615.2667790358979,10.968241039642075,14.290694409583024,7.25472960666564,9,4.474439757566643,619.7412187934646,634.0319132030476,18.765134167149654,False,False
1089,617.4334254464565,6.06859303363274,3.276483951027903,6.591854869336035,9,2.3077933470081007,619.7412187934646,623.0177027444925,5.584277298036,False,False
1043,612.4421322058228,14.589198698369328,3.066506291708303,7.47735171470715,3,7.423797383278611,619.8659295891014,622.9324358808096,10.490303674986876,False,False
1104,620.1117509847543,20.108658974624852,26.462641331505495,1.0221068700966975,4,0.0,620.1117509847543,646.5743923162597,26.462641331505438,False,False
1055,613.7605191325644,25.66834839043246,5.665229091914427,6.768260391381646,15,7.288733114488082,621.0492522470524,626.7144813389668,12.95396220640248,False,True
1062,614.7005128074461,16.770155222325947,18.05221982365024,1.4100814910950803,2,6.562369030237733,621.2628818376838,639.3151016613341,24.614588853887994,False,True
1082,616.617531641733,9.620087434832332,3.6511173720006798,5.073783559258862,2,4.6453501959508685,621.2628818376838,624.9139992096846,8.296467567951595,False,False
1018,609.9293386537174,25.959138161835547,9.340466051039684,4.792759754000215,18,11.374175744402578,621.30351439812,630.6439804491597,20.714641795442276,False,True
1038,611.6661278738605,20.950439469509522,20.303120084100513,4.468375363090785,18,9.637386524259455,621.30351439812,641.6066344822206,29.94050660836001,False,True
1048,613.1971951732654,24.33731905702404,17.656108750174123,4.0158665772194775,8,8.197638358705603,621.394833531971,639.0509422821451,25.853747108879702,False,True
1102,619.5774692351213,7.9025804948471645,26.33169177540759,6.205780063699826,2,1.872304991616602,621.4497742267379,647.7814660021454,28.203996767024137,False,False
1076,615.6711633523556,30.76896360680432,18.5200885017561,2.560527960952453,16,5.885617791819186,621.5567811441748,640.0768696459309,24.405706293575236,False,True
1050,613.2264922670994,18.56233736468119,14.292688360596397,2.4725904984728944,10,8.835113533610752,622.0616058007101,636.3542941613065,23.127801894207096,False,True
1122,622.1519199541364,11.326500966447714,26.197812582899658,7.266332222331706,2,0.0,622.1519199541364,648.3497325370361,26.1978125828997,False,False
1124,622.3451577568007,14.556577396652138,25.028074798470207,1.5789049849014418,4,0.0,622.3451577568007,647.373232555271,25.028074798470243,False,False
1063,614.9023771252798,33.82642965834466,21.278459589295576,1.3987230499704655,3,8.030058755529808,622.9324358808096,644.2108954701052,29.308518344825416,False,True
1068,615.1502929382093,9.001640436253199,2.2996002245467055,4.720622769480052,8,7.971789826593181,623.1220827648025,625.4216829893492,10.27139005113986,False,True
1058,614.0437806229867,12.642275476856954,4.9150158388048375,2.121287699188245,18,9.392149913465914,623.4359305364526,628.3509463752574,14.307165752270748,False,True
1078,616.1585568595059,9.945426150626911,15.26358675029852,6.3745687180105595,18,7.277373676946695,623.4359305364526,638.6995172867511,22.54096042724518,False,True
1070,615.289736408971,18.8757863052408,12.442848680402438,4.086384381472997,10,8.192594936521232,623.4823313454922,635.9251800258946,20.63544361692368,False,True
1061,614.611562668929,31.639577920826227,4.50543833746149,1.7543093733323742,1,8.913855648488038,623.525418317417,628.0308566548784,13.41929398594948,False,True
1075,615.5802498667822,22.871979134446242,24.019416219917893,5.001852844799369,15,8.168104025992193,623.7483538927744,647.7677701126922,32.18752024591004,False,True
1142,623.9284988589577,10.856833779733233,27.442243766350412,4.549318219541103,2,0.0,623.9284988589577,651.3707426253081,27.44224376635043,False,False
1095,618.3250653221301,11.016957540325677,25.18684922521969,7.478020233076756,15,5.825040796309963,624.15010611844,649.3369553436597,31.011890021529666,False,False
1115,621.4504600548181,11.902066248690971,22.499589232491754,2.0479838431617785,15,2.6996460636219126,624.15010611844,646.6496953509318,25.19923529611367,False,True
1096,618.4321519287191,34.48051019634596,5.979233348290576,6.660336602130271,16,5.951154725144306,624.3833066538634,630.362540002154,11.93038807343487,False,False
1052,613.397313541941,32.892945331419355,28.210113621711823,6.921498672969925,12,11.051512994750965,624.448826536692,652.6589401584038,39.26162661646276,False,True
1072,615.4651862611332,9.939657955756939,21.31825814747048,6.725411138501292,12,8.983640275558741,624.448826536692,645.7670846841625,30.30189842302923,False,True
1109,620.9654115349522,32.62770496083667,20.439144161412045,2.326384050891869,9,3.7148083093803734,624.6802198443326,645.1193640057446,24.153952470792433,False,True
1077,616.1039483159115,10.487115849776956,26.465279118305684,6.786419442307607,17,8.601845653051782,624.7057939689632,651.171073087269,35.0671247713575,False,True
1097,618.8273456698855,14.774598441662212,2.4656703050427513,2.189250293546408,17,5.878448299077718,624.7057939689632,627.171464274006,8.344118604120467,False,True
1117,621.6355415675979,27.315448991565905,26.129073775810188,1.2099459880147985,17,3.1072373460643803,624.7427789136623,650.8718526894725,29.236311121874564,False,True
1067,615.0889650493575,28.054594407884387,24.221571099651715,7.977833032646166,7,9.681236485339355,624.7702015346969,648.9917726343485,33.902807584991024,False,True
979,605.9757795784786,34.600497088973924,22.17018367828395,5.26038077660896,19,18.8760896700511,624.8518692485297,647.0220529268137,41.046273348335035,False,True
999,607.8951017505215,29.42393967114779,3.7213180416334546,4.374871148898941,19,16.956767498008276,624.8518692485297,628.5731872901632,20.678085539641756,False,True
1011,609.0562087025187,26.749017338588494,29.974634206333835,6.57983010405768,11,16.18352013707215,625.2397288395908,655.2143630459246,46.158154343405954,False,True
1031,610.9450543020322,10.298580377739464,7.47109820148221,6.498544798364275,11,14.294674537558649,625.2397288395908,632.710827041073,21.765772739040813,False,True
1066,615.0063418806609,9.682851653610472,11.223474041020712,3.5015570707746977,6,10.3374805831794,625.3438224638403,636.567296504861,21.56095462420012,False,True
985,606.854528109397,27.999550548622107,22.41032006343825,2.4358417598515714,5,18.76579687336846,625.6203249827655,648.0306450462037,41.17611693680669,False,True
1083,616.7038766578042,18.944813560146887,17.88506053496564,6.060682504573489,3,9.213288386460931,625.9171650442652,643.8022255792308,27.098348921426577,False,True
1135,623.1115227182111,19.108886982805352,14.24490883420952,5.565969634036594,15,3.6029586207557713,626.7144813389668,640.9593901731763,17.84786745496524,False,False
1155,625.5345580490663,6.409765181820564,22.743959232249836,5.800874131202369,15,1.1799232899005574,626.7144813389668,649.4584405712167,23.923882522150393,False,False
1162,626.5149344520825,31.66949858242047,28.017734255196764,4.37392108832846,2,0.6110131456869112,627.1259475977694,655.1436818529661,28.62874740088364,False,False
1054,613.6837929186933,26.37597870718109,2.3846328953239193,6.337914575859948,14,13.959964571149044,627.6437574898423,630.0283903851662,16.34459746647292,False,True
1137,623.150217460785,32.947173407891555,29.314051703083297,1.0394919030561072,17,4.538006810193224,627.6882242709783,657.0022759740616,33.852058513276575,False,True
1092,617.72216002199,33.92016973926559,6.121226310205593,2.0165680262105354,12,10.000978369895847,627.7231383918859,633.8443647020914,16.12220468010139,False,True
1081,616.3866598118962,27.46789506404676,27.364820609216235,7.648480342176327,1,11.644196842982296,628.0308566548784,655.3956772640947,39.00901745219858,False,True
1101,619.3311429399947,20.46302775045985,21.093421279378404,1.6486738809294206,1,8.699713714883728,628.0308566548784,649.1242779342568,29.793134994262118,False,True
1053,613.6836641174106,34.934405815427006,21.232751085925248,7.358912406145102,13,14.35859197531829,628.0422560927288,649.275007178654,35.59134306124349,False,True
1116,621.5074369498195,15.600315678197784,9.229091793823958,3.611275877725292,16,6.570317896899496,628.077754846719,637.306846640543,15.79940969072345,False,True
1005,608.4099043378187,27.7966754320904,29.143978071715537,6.897993285130686,5,19.670870528796172,628.0807748666149,657.2247529383304,48.81484860051171,False,True
1098,619.2073965488053,13.356209421154869,13.434924703568427,4.834510954976685,18,9.143549826452158,628.3509463752574,641.7858710788258,22.57847453002057,False,True
1088,617.4035376260639,27.963875034631013,15.578657863172188,5.657155138098381,8,10.978002332311576,628.3815399583755,643.9601978215477,26.5566601954838,False,True
1108,620.9402648538908,16.452030733761195,4.381462272242166,7.553325559293023,8,7.441275104484703,628.3815399583755,632.7630022306176,11.822737376726877,False,False
1025,610.3604209837322,25.018647851930712,5.222502203163364,6.175870657025312,5,18.12527756877398,628.4856985525062,633.7082007556695,23.347779771937326,False,True
1019,609.9505574957683,5.453591263267107,6.429446346442205,1.1392475462710614,19,18.622629794394925,628.5731872901632,635.0026336366054,25.05207614083713,False,True
1074,615.5459889482452,31.868200121338482,4.865711742761958,3.381009182169943,14,14.482401436921009,630.0283903851662,634.8941021279281,19.34811317968297,False,True
1136,623.147141334946,33.407540604831524,12.408986969226998,3.3614949236183067,16,7.215398667207978,630.362540002154,642.771526971381,19.624385636435022,False,True
1118,621.7425934249726,30.159260321314154,4.120074872748314,4.858221571211466,18,8.901387024187102,630.6439804491597,634.764055321908,13.02146189693542,False,True
1138,623.2839333836852,21.84076155969289,20.98794585880498,3.5134109739240538,18,7.360047065474532,630.6439804491597,651.6319263079647,28.347992924279538,False,True
1129,622.6151888212504,23.170705327381768,5.144584417294775,5.587930946281986,9,8.292922882692778,630.9081117039432,636.052696121238,13.437507299987601,False,True
1149,625.0019311211091,8.932156981157597,19.183520004467237,7.992470647575525,9,5.906180582834054,630.9081117039432,650.0916317084104,25.08970058730131,False,False
1087,617.2635803463896,9.948326706921328,29.24503328808758,5.365119050797508,7,13.667217801854349,630.930798148244,660.1758314363316,42.91225108994195,False,True
1107,620.4813146665791,15.434480968470481,9.560766310114168,5.12274609915038,7,10.449483481664856,630.930798148244,640.4915644583582,20.010249791779074,False,True
1073,615.5381365100835,34.82961844172357,28.952736700987735,2.8819303659046565,13,15.491191333030997,631.0293278431145,659.9820645441023,44.44392803401877,False,True
1093,617.7813149190497,28.85656791739148,5.950173070117977,1.2790028089954708,13,13.248012924064824,631.0293278431145,636.9795009132325,19.198185994182836,False,True
1094,618.18577909908,20.300653789136323,9.807917799494957,5.853821990641261,14,12.864877538239512,631.0506566373195,640.8585744368145,22.672795337734442,False,True
1086,617.2236267379997,28.927242622820255,15.176052470937236,5.468884582908856,6,13.89944445636604,631.1230711943657,646.2991236653029,29.07549692730322,False,True
1051,613.3170264973922,32.26131268004969,19.49569390162044,1.3423047538629236,11,18.070196887545535,631.3872233849378,650.8829172865583,37.56589078916602,False,True
1128,622.6139373030979,26.34515724167498,16.51358077183914,3.1684244807256916,8,10.149064927519703,632.7630022306176,649.2765830024567,26.66264569935879,False,True
1114,621.3376139071871,17.82201391980856,3.6048300036915113,6.024207114792484,14,11.718621561310897,633.056235468498,636.6610654721895,15.323451565002415,False,True
1090,617.4378000382893,32.373694689099594,9.434889356819047,5.076675143075068,10,16.158687801984115,633.5964878402734,643.0313771970925,25.593577158803214,False,True
1045,612.9511266870398,31.87322489964092,20.90443648181314,4.042212623041086,5,20.757074068629663,633.7082007556695,654.6126372374827,41.66151055044281,False,True
1112,621.132900562723,31.20871962147599,4.2710556133275475,5.401804341044366,12,12.711464139368445,633.8443647020914,638.115420315419,16.98251975269602,False,True
1132,622.8273508246001,19.80434182840461,11.116279299702525,3.397585504995874,12,11.017013877491308,633.8443647020914,644.960644001794,22.133293177193877,False,True
1103,619.6790596801453,30.803919775689977,29.107517446527805,2.9675417716334267,3,14.227268564913174,633.9063282450585,663.0138456915863,43.334786011441,False,True
1169,627.050709773506,7.911801584383865,24.64212562234622,2.7507473324782215,9,6.9812034295415515,634.0319132030476,658.6740388253938,31.623329051887822,False,True
1144,624.1386223310091,34.36339091225618,4.916114485861582,2.9039499846281505,4,10.040593720334982,634.179216051344,639.0953305372057,14.956708206196595,False,True
1100,619.2433730436516,33.09164762942049,26.97332294688048,3.6257749923334233,0,15.018622428618983,634.2619954722705,661.235318419151,41.99194537549943,False,True
1158,626.0509342075281,19.731393726795364,8.865990275193647,3.0167029109349652,18,8.713121114379874,634.764055321908,643.6300455971017,17.57911138957354,False,True
1039,611.9533391022346,31.605862733370856,19.175473634565773,1.5270188064763413,19,22.894075949802073,634.8474150520367,654.0228886866024,42.06954958436779,False,True
1059,614.100163352959,21.248538049067445,3.4917357808405747,5.375607247787848,19,20.74725169907765,634.8474150520367,638.3391508328773,24.23898747991825,False,True
1134,623.0713381300395,5.109520203699239,9.904834349266476,6.450055377445082,14,11.822763997888615,634.8941021279281,644.7989364771946,21.727598347155094,False,True
1154,625.3421278273463,27.10151094507662,15.656218271798242,7.301510587969319,14,9.551974300581833,634.8941021279281,650.5503203997264,25.208192572380085,False,True
1175,627.6485327409342,27.48972073201105,22.5926877007486,6.074200584726937,15,7.77017916008765,635.4187119010219,658.0113996017704,30.36286686083622,False,True
1189,628.7938203700081,24.236122892724094,4.623012211091435,6.670991518719225,9,7.25887575122988,636.052696121238,640.6757083323295,11.881887962321343,False,True
1110,621.0636728180065,31.233262030110254,3.395201005478632,4.708443884442489,10,15.290621343300018,636.3542941613065,639.7494951667851,18.68582234877863,False,True
1130,622.7051791216279,7.459566183648927,5.9115661319341175,3.5053625277443348,10,13.649115039678577,636.3542941613065,642.2658602932406,19.560681171612714,False,True
1150,625.1838113491822,23.67899370778749,26.63078492730052,7.621995412869446,10,11.334844280374568,636.5186556295567,663.1494405568573,37.96562920767508,False,True
1120,621.9414965965882,12.934013856561403,10.519610300808372,2.0991631609617354,0,15.318979231535195,637.2604758281234,647.7800861289318,25.838589532343576,False,True
1140,623.3473762850947,13.270139553989702,2.723293950152694,2.851977353661058,0,13.913099543028693,637.2604758281234,639.983769778276,16.636393493181345,False,True
1156,625.8849213445053,21.948975524677376,2.795529070152775,5.054849641992099,16,11.42192529603767,637.306846640543,640.1023757106957,14.217454366190395,False,True
1209,630.5010217601167,11.694741431485053,11.533480649113223,4.238572117352385,9,6.85090913222291,637.3519308923396,648.8854115414529,18.384389781336154,False,True
1229,632.5439576699719,11.86695761377388,24.437157261288625,2.887694412520413,9,4.807973222367764,637.3519308923396,661.7890881536282,29.24513048365634,False,True
1174,627.5639500649042,32.815216772523264,2.720735359993103,4.80824637943537,14,9.999791680647832,637.5637417455521,640.2844771055452,12.720527040640945,False,True
1194,629.185544634977,10.0702531922194,29.937446634873552,6.992359492207737,14,8.378197110575115,637.5637417455521,667.5011883804257,38.31564374544871,False,True
1071,615.464788581839,17.95274535846201,9.493287912002634,1.9738892735862166,11,22.22413583789887,637.6889244197379,647.1822123317405,31.717423749901513,False,True
1091,617.6960366378825,6.398834624327999,17.70656362404761,4.792585069668077,11,19.992887781855416,637.6889244197379,655.3954880437855,37.699451405903005,False,True
1164,626.5752397453531,13.41860647078022,25.419895308689306,4.46720295173017,4,11.38347111926953,637.9587108646226,663.3786061733119,36.80336642795885,False,True
1184,628.5004385266183,9.387575499454787,23.29937258927292,6.0008130548535945,4,9.458272338004349,637.9587108646226,661.2580834538956,32.75764492727728,False,True
1152,625.2456813426387,23.07640438847371,9.71613343144748,4.293944674587427,12,12.869738972780283,638.115420315419,647.8315537468665,22.585872404227757,False,True
1079,616.2598976025084,31.572787764816507,18.76165030906634,6.132109374175885,19,22.079253230368863,638.3391508328773,657.1008011419436,40.8409035394352,False,True
1148,624.9936888613056,9.369216215133466,2.0369071289988177,2.8930751984897607,8,13.411373505699999,638.4050623670056,640.4419694960044,15.44828063469879,False,True
1178,628.166625068994,15.238625395236753,20.097529568511604,5.540947089158932,18,10.53289221775708,638.6995172867511,658.7970468552627,30.6304217862687,False,True
1198,629.5458718010959,7.098658470619203,16.227543335049653,6.894145437840215,18,9.153645485655147,638.6995172867511,654.9270606218007,25.38118882070478,False,True
1168,626.9179844111815,13.126145549328184,27.799749565539493,6.147437366836418,8,12.13295787096365,639.0509422821451,666.8506918476846,39.932707436503165,False,True
1188,628.7477217934451,8.363312348761887,3.675335933209177,7.171213231802715,8,10.303220488700049,639.0509422821451,642.7262782153543,13.978556421909275,False,True
1204,630.1876237057542,33.782432168010416,26.397878998313114,6.240751960953369,4,8.907706831451492,639.0953305372057,665.4932095355188,35.305585829764595,False,True
1182,628.3666352168148,31.01230183171441,13.293090755749281,7.597867039702755,2,10.94846644451934,639.3151016613341,652.6081924170834,24.24155720026863,False,True
1160,626.2058114194402,24.739218888811855,14.271602950239958,1.7896346369265952,0,13.241148507816206,639.4469599272564,653.7185628774964,27.512751458056186,False,True
1170,627.1034889794942,23.760932486954765,17.269085776340745,2.001721657780681,10,12.646006187290936,639.7494951667851,657.0185809431258,29.915091963631653,False,True
1121,621.976757027497,32.20055162914649,26.831552526285765,1.4837468377924545,1,18.01881724118539,639.9955742686824,666.8271267949682,44.85036976747119,False,True
1141,623.41557107771,18.729326603659473,26.613013815712637,7.379309033511044,1,16.580003190972434,639.9955742686824,666.608588084395,43.19301700668507,False,True
1176,628.0367829382942,20.287335017538567,9.32979759042015,7.448893927016891,16,12.040086707636647,640.0768696459309,649.406667236351,21.36988429805683,False,True
1196,629.2637252795522,32.32026953308437,11.553451105328271,1.3556393033338527,16,10.838650431143492,640.1023757106957,651.6558268160239,22.392101536471728,False,True
1214,631.115175812747,5.172130709100971,2.544897900353062,7.848818281175952,14,9.169301292798195,640.2844771055452,642.8293750058982,11.714199193151217,False,True
1234,633.1460054269694,6.222472805014805,23.326453769463736,5.056504547730022,14,7.138471678575797,640.2844771055452,663.6109308750089,30.46492544803948,False,True
1254,636.0133507914214,12.61362548962925,29.799511856801423,4.27886167646748,14,4.271126314123762,640.2844771055452,670.0839889623467,34.070638170925235,False,False
1208,630.4495840155859,15.601406207390212,7.614805184832927,1.9513875276638761,8,9.992385480418534,640.4419694960044,648.0567746808373,17.607190665251437,False,True
1127,622.5022682191059,31.49252697603307,25.6534881291857,6.2165716368840815,7,17.989296239252326,640.4915644583582,666.1450525875439,43.642784368438015,False,True
1180,628.2804234320942,23.29339479865684,9.487699751682568,4.982745703653575,0,12.263577454711594,640.5440008868057,650.0317006384884,21.751277206394207,False,True
1249,635.0550559070484,19.469785954658857,14.126026214243403,3.273397767386581,9,5.620652425281037,640.6757083323295,654.8017345465729,19.746678639524475,False,True
1274,638.8129565613942,30.425095574286146,28.046982690751094,5.129489983676554,14,2.0456178754202483,640.8585744368145,668.9055571275655,30.092600566171313,False,False
1195,629.1940695056595,9.422036326263976,22.041879620362515,4.388584004823059,15,11.76532066751679,640.9593901731763,663.0012697935388,33.807200287879255,False,True
1218,631.8469641743195,34.29695038282483,16.303951003269162,5.349954636039407,18,9.938906904506325,641.7858710788258,658.089822082095,26.242857907775488,False,True
1228,632.466637217623,16.796354298812695,18.327690787122535,2.9215034376242315,8,10.259640997731367,642.7262782153543,661.0539690024768,28.58733178485386,False,True
1216,631.3032646108551,28.23895692376073,29.041794852593842,2.4042516305094948,16,11.468262360525955,642.771526971381,671.8133218239749,40.51005721311981,False,True
1190,628.8697757941987,23.39466371608826,12.401482253504279,2.7462827855400316,10,14.16160140289378,643.0313771970925,655.4328594505968,26.56308365639802,False,True
1210,630.7879613684642,22.65566143513782,15.487148632345969,3.7575815024622923,10,12.243415828628372,643.0313771970925,658.5185258294385,27.730564460974392,False,True
1238,634.155602211567,17.17255780166866,25.764497651948414,4.825119739619726,18,9.474443385534641,643.6300455971017,669.3945432490501,35.23894103748307,False,True
1123,622.316959809077,28.754459829374316,16.202531608663875,7.628353500917411,3,21.485265770153774,643.8022255792308,660.0047571878947,37.68779737881766,False,True
1248,634.7474803956586,8.045575575769814,4.644951404586329,1.500279967603826,8,9.212717425889082,643.9601978215477,648.605149226134,13.857668830475404,False,True
1143,624.1361156932311,11.375369130052029,12.773274961762704,7.774776505157558,3,20.074779776874152,644.2108954701052,656.9841704318679,32.84805473863685,False,True
1163,626.519495404167,14.477895549887636,7.109596151343511,2.1826685946684377,3,17.691400065938296,644.2108954701052,651.3204916214488,24.800996217281863,False,True
1106,620.2456848530998,29.72688159571867,13.745661949819251,1.3004301426209748,6,24.65457424456008,644.9002590976598,658.6459210474791,38.40023619437932,False,True
1126,622.4567279351825,17.0805063638894,17.278706448296976,7.585320552626843,6,22.44353116247737,644.9002590976598,662.1789655459568,39.7222376107743,False,True
1172,627.4787062172902,19.12334726495496,20.35009299664126,6.2050386067874,12,17.48193778450377,644.960644001794,665.3107369984352,37.83203078114502,False,True
1269,638.4641985026378,22.845794510850343,26.04118002019074,3.2038636707168533,9,6.655165503106787,645.1193640057446,671.1605440259353,32.69634552329751,False,True
1192,629.164571210334,22.663983850013928,16.830519526383238,6.93402234691567,12,16.60251347382848,645.7670846841625,662.5976042105457,33.43303300021171,False,True
1146,624.6838294661266,23.76051195763292,6.172495963593491,4.9782241674758225,6,21.615294199176333,646.2991236653029,652.4716196288964,27.787790162769852,False,True
1166,626.6768807773652,29.03469724457441,13.488156441163003,3.4271806064899244,6,20.107988467819382,646.7848692451846,660.2730256863476,33.59614490898241,False,True
1099,619.2125130237878,29.765038045911727,7.968496208407638,6.58892731764485,19,27.809539903025893,647.0220529268137,654.9905491352213,35.778036111433494,False,True
1147,624.7917450843979,22.49988667566594,2.0333330777456955,2.934889540795109,7,22.284511084436076,647.076256168834,649.1095892465797,24.317844162181814,False,True
1111,621.0683464968737,33.073917055810014,25.269860590806296,3.602094776068446,11,26.11386583486683,647.1822123317405,672.4520729225468,51.3837264256731,False,True
1224,632.2713698935576,32.653733211449875,22.66230613447103,4.7859351841497855,4,15.101862661713426,647.373232555271,670.035538689742,37.764168796184435,False,True
1215,631.1771943128879,32.53628207324991,11.847247171728197,6.564982917586631,15,16.590575799804355,647.7677701126922,659.6150172844204,28.43782297153257,False,True
1200,629.6248067860834,15.479690325166136,20.660664911362854,7.429523540517203,0,18.155279342848416,647.7800861289318,668.4407510402946,38.81594425421122,False,True
1065,614.9473042572097,13.57571848649033,16.92299828149755,2.8280190523323476,5,33.083340788994064,648.0306450462037,664.9536433277013,50.00633907049166,False,True
1085,616.8926435566415,21.969969529815952,18.658530858929943,1.8819204239697545,5,31.13800148956227,648.0306450462037,666.6891759051337,49.79653234849218,False,True
1268,638.4507000869615,25.192031462062605,9.941782920971376,1.9919199783753085,8,9.606074593875746,648.0567746808373,657.9985576018087,19.547857514847124,False,True
1202,630.011739933095,17.37893795109902,26.98806727572053,7.70689962745922,2,18.337992603941075,648.3497325370361,675.3377998127565,45.32605987966156,False,True
1288,640.7025791649734,11.244087085909815,20.246094561181614,1.7865481044125417,8,7.902570061160645,648.605149226134,668.8512437873156,28.148664622342267,False,True
1167,626.7291454755563,15.459068454360867,11.186638738926126,1.1182359740477756,7,22.26262715879227,648.9917726343485,660.1784113732747,33.44926589771842,False,True
1187,628.7060977437354,9.811586945853747,12.87611694423031,1.9414593673221296,7,20.28567489061311,648.9917726343485,661.8678895785788,33.16179183484337,False,True
1207,630.4233612994143,27.04816761043987,18.572623171655295,3.6993547495099333,7,18.686227947165435,649.1095892465797,667.682212418235,37.25885111882076,False,True
1161,626.4809063616531,21.315533365684644,17.749001283190477,5.451729237274577,1,22.64337157260377,649.1242779342568,666.8732792174474,40.39237285579429,False,True
1113,621.2373486307386,32.53666355044554,29.149833291023032,5.085455227661777,13,28.0376585479155,649.275007178654,678.4248404696771,57.18749183893851,False,True
1133,622.858657267476,14.555107118822988,5.320265726934403,5.047689011157417,13,26.41634991117803,649.275007178654,654.5952729055884,31.736615638112426,False,True
1308,642.6699933759954,9.764018603910003,23.456114643199484,2.4341793621643233,8,6.6065896264613,649.2765830024567,672.7326976456562,30.0627042696608,False,True
1328,645.2612731905099,6.277085575522927,21.388730250376558,1.152644804240742,8,4.0153098119468495,649.2765830024567,670.6653132528332,25.40404006232336,False,True
1236,633.9317364692098,30.83757251082419,26.545945373873504,4.330029128392235,16,15.474930767141245,649.406667236351,675.9526126102245,42.020876141014696,False,True
1235,633.8002147041188,27.145434840693518,6.789839772185108,7.996685883822887,15,15.658225867097826,649.4584405712167,656.2482803434018,22.44806563928296,False,True
1220,632.0743698774542,26.01239359901825,10.505718047189674,2.902850854619555,0,17.9573307610342,650.0317006384884,660.5374186856781,28.463048808223903,False,True
1289,640.7825213472586,30.010263286347207,22.287435739930938,7.60004184709704,9,9.309110361151852,650.0916317084104,672.3790674483414,31.596546101082822,False,True
1294,641.3162710040339,14.09869133980603,29.724395825979418,4.367760496351273,14,9.234049395692523,650.5503203997264,680.2747162257058,38.95844522167192,False,True
1314,643.646039441921,19.066021853709255,14.994211348433186,2.2510507608467347,14,6.90428095780544,650.5503203997264,665.5445317481596,21.89849230623861,False,True
1157,625.9041013075566,30.359114365343498,24.45400903477517,1.742721908572597,17,24.967751381915832,650.8718526894725,675.3258617242476,49.42176041669097,False,True
1177,628.1427533136035,12.2973838709054,14.746167153948049,7.740360352644979,17,22.72909937586894,650.8718526894725,665.6180198434205,37.47526652981696,False,True
1131,622.7993477605429,31.036629442885552,29.843959153671488,2.417963420294116,11,28.083569526015367,650.8829172865583,680.7268764402297,57.927528679686816,False,True
1197,629.5083930825573,19.251560026437012,17.25095957975196,2.659612242268797,17,21.66268000471166,651.171073087269,668.4220326670209,38.91363958446357,False,True
1183,628.4150387056181,15.974026237959116,20.945584529204712,6.287147240718437,3,22.905452915830665,651.3204916214488,672.2660761506535,43.85103744503533,False,True
1258,636.6101278187768,8.438308155382117,20.114701173922256,3.7361281517343694,18,15.021798489187859,651.6319263079647,671.746627481887,35.13649966311016,False,True
1278,639.0296639397991,7.924485170400849,16.98025462641629,5.374189594643467,18,12.602262368165611,651.6319263079647,668.612180934381,29.58251699458185,False,True
1256,636.3204016611904,33.8644203183291,13.640080475642009,3.7116520792663295,16,15.335425154833501,651.6558268160239,665.2959072916659,28.97550563047548,False,True
1186,628.5911062993445,23.749320773996278,5.81972780585164,2.3540034847597497,6,23.880513329551945,652.4716196288964,658.291347434748,29.70024113540353,False,True
1222,632.1568130202805,28.34656051382543,6.556271903294665,7.531335023332566,2,20.45137939680285,652.6081924170834,659.1644643203781,27.007651300097564,False,True
1212,630.8758320863112,32.85668193956144,13.804675921296846,3.9887791739316882,12,21.783108072092546,652.6589401584038,666.4636160797006,35.587783993389394,False,True
1240,634.3005043290019,20.58201170515573,5.885625813328258,5.404382421512883,0,19.418058548494514,653.7185628774964,659.6041886908247,25.303684361822775,False,True
1119,621.7774772179768,34.109197920600955,4.993848232723252,1.954780634744456,19,32.24541146862566,654.0228886866024,659.0167369193257,37.23925970134894,False,True
1153,625.3148140726145,19.899263031797545,13.794183243543424,6.11193971809048,13,29.280458832973977,654.5952729055884,668.3894561491319,43.07464207651742,False,True
1105,620.1981824111525,20.79470925669843,22.51763521735895,1.458654608677867,5,34.41445482633014,654.6126372374827,677.1302724548416,56.93209004368907,False,True
1125,622.3957988664392,14.370227346732184,8.733335959572566,2.8378440835642733,5,32.21683837104342,654.6126372374827,663.3459731970552,40.95017433061594,False,True
1309,643.0381324513679,9.920413414444369,12.672177310244011,2.6532418431137366,9,11.763602095204988,654.8017345465729,667.4739118568169,24.43577940544901,False,True
1329,645.3865454329136,5.197441169575479,26.768388719606577,5.198631733357796,9,9.415189113659267,654.8017345465729,681.5701232661795,36.18357783326587,False,True
1349,647.3479385678014,7.929089648326896,28.238248944286084,7.561858378880128,9,7.453795978771495,654.8017345465729,683.039983490859,35.69204492305755,False,False
1139,623.3347527407506,10.817788981543814,29.8391854043991,2.427172849098402,19,31.655796394470713,654.9905491352213,684.8297345396204,61.494981798869844,False,True
1159,626.180274384152,14.760670270219048,28.063476072208605,6.1053003155437695,19,28.8102747510693,654.9905491352213,683.0540252074298,56.873750823277874,False,True
1179,628.2186009258143,7.737874140044237,24.907888390445322,2.4837680100564583,19,26.771948209407014,654.9905491352213,679.8984375256666,51.679836599852365,False,True
1242,634.4475392122938,28.564436935176676,16.90004772230448,6.248923316792829,2,20.696142640672292,655.1436818529661,672.0437295752706,37.59619036297681,False,True
1262,637.3155641941798,20.20115476686688,28.00680214543693,3.7631335697538675,2,17.828117658786255,655.1436818529661,683.150483998403,45.834919804223205,False,True
1151,625.2049488701701,8.472921920178928,23.62590599967392,1.3189400126636213,11,30.0094141757545,655.2143630459246,678.8402690455986,53.63532017542843,False,True
1171,627.2140877025746,11.377642219973243,28.960004815574685,3.068385470533248,11,28.00027534335004,655.2143630459246,684.1743678614994,56.960280158924775,False,True
1230,632.6915672580562,7.022070501855411,10.95055673570886,2.484214624979445,10,22.741292192540527,655.4328594505968,666.3834161863057,33.69184892824944,False,True
1250,635.1804304545877,16.404480149587922,15.421633693150314,6.623130703437104,10,20.25242899600903,655.4328594505968,670.854493143747,35.674062689159314,False,True
1255,636.1232444461648,16.8216936726105,18.621851994326725,3.447372128495185,15,20.125035897237012,656.2482803434018,674.8701323377285,38.74688789156369,False,True
1217,631.4444274862758,11.67386962197596,25.57008533188056,6.0484437435089795,17,25.557848487785805,657.0022759740616,682.5723613059422,51.127933819666396,False,True
1237,634.0451882805618,12.082013636258644,14.492396397672987,3.586142216467509,17,22.95708769349983,657.0022759740616,671.4946723717346,37.44948409117285,False,True
1199,629.6111688184492,17.378623112708,2.9862786911764116,4.75180617003305,19,27.489632323494448,657.1008011419436,660.08707983312,30.475911014670828,False,True
1145,624.3368480822473,8.815529699934604,12.526414327311803,3.257784716323843,5,32.88790485608308,657.2247529383304,669.7511672656423,45.41431918339492,False,True
1348,647.2942420761132,32.52014608238707,2.837842258570831,5.818827494561478,8,10.704315525695506,657.9985576018087,660.8363998603795,13.542157784266351,False,True
1275,638.8430164618844,24.974570349750522,9.629693722561889,7.811010374879828,15,19.168383139886032,658.0113996017704,667.6410933243324,28.798076862447942,False,True
1298,641.6781902665813,27.26620801776788,22.22841737750189,7.8034715077962105,18,16.411631815513715,658.089822082095,680.3182394595968,38.64004919301556,False,True
1318,643.9216464453035,23.17761409372982,14.885104183276576,4.142419675797614,18,14.168175636791489,658.089822082095,672.9749262653716,29.05327982006804,False,True
1206,630.3924494938004,6.602224128267772,22.183627359846433,1.6176048791735589,6,27.898897940947563,658.291347434748,680.4749747945945,50.08252530079403,False,True
1226,632.4081551981852,15.930250178781924,26.82510510026734,2.701508481029342,6,25.883192236562763,658.291347434748,685.1164525350154,52.70829733683013,False,True
1270,638.4680245477507,34.645577745569994,12.090907137310124,7.057447299679511,10,20.050501281687843,658.5185258294385,670.6094329667486,32.14140841899791,False,True
1290,640.9694197671699,11.95171647543266,3.5843073024475274,2.943113316969766,10,17.549106062268606,658.5185258294385,662.1028331318861,21.133413364716148,False,True
1219,631.9462917358782,21.883405729067736,8.252597811641719,3.5365414069303576,19,27.070445183447532,659.0167369193257,667.2693347309674,35.32304299508928,False,True
1239,634.1981142076884,18.197100097948088,16.011654249462943,3.8039718511433045,19,24.818622711637317,659.0167369193257,675.0283911687886,40.83027696110025,False,True
1259,636.7091886225784,8.884379455548132,2.3007342406584885,2.487140776102131,19,22.307548296747314,659.0167369193257,661.3174711599842,24.608282537405785,False,True
1282,640.0921492088261,18.576875276257205,24.653098766744424,4.074993052153127,2,19.07231511155203,659.1644643203781,683.8175630871225,43.72541387829642,False,True
1302,642.2621602903836,6.160447804882001,14.505874206657124,6.844856709302851,2,16.902304029994525,659.1644643203781,673.6703385270353,31.40817823665168,False,True
1260,636.8519329533674,12.20039871375668,26.6524107457589,7.756450021364273,0,22.75225573745729,659.6041886908247,686.2565994365835,49.40466648321615,False,True
1295,641.4328721787458,19.889068535493315,28.808574565960825,1.5823653359443166,15,18.182145105674635,659.6150172844204,688.4235918503813,46.990719671635475,False,True
1315,643.7391997856176,21.786186221028327,27.925440243407245,3.010309792471476,15,15.875817498802803,659.6150172844204,687.5404575278277,43.801257742210055,False,True
1173,627.5309569775371,23.198822242182906,13.254765771254878,1.4961121699208508,13,32.451107566565156,659.9820645441023,673.2368303153571,45.70587333781998,False,True
1193,629.1697759274052,17.29076549583702,7.41985216241474,7.857044950602697,13,30.81228861669706,659.9820645441023,667.401916706517,38.232140779111774,False,True
1203,630.1802241901528,29.772973439166883,7.013251805359884,7.302450160505705,3,29.824532997741926,660.0047571878947,667.0180089932546,36.83778480310184,False,True
1223,632.2144663406114,21.234375626315597,7.0280910303338935,6.064646296114397,3,27.79029084728336,660.0047571878947,667.0328482182287,34.8183818776173,False,True
1279,639.087692393561,10.57028918082236,4.2281203575267465,4.067525065003101,19,20.999387439558973,660.08707983312,664.3152001906468,25.227507797085764,False,True
1227,632.4104321335849,20.24760373205391,28.12562623694303,3.961926281271732,7,27.767979239689794,660.1784113732747,688.3040376102177,55.89360547663284,False,True
1246,634.6256099413912,32.40011635320265,18.764318877576656,3.032282494571711,6,25.647415744956447,660.2730256863476,679.0373445639243,44.41173462253312,False,True
1280,639.6153947781401,30.971180802686842,13.101974574746015,6.121464281667152,0,20.922023907538005,660.5374186856781,673.6393932604241,34.023998482284014,False,True
1368,649.6893121347788,31.0506064506167,11.199994119350913,1.4725311396804193,8,11.147087725600727,660.8363998603795,672.0363939797304,22.347081844951617,False,True
1388,651.2231946107771,6.002012471210074,26.670027765251266,6.5254859106536625,8,9.613205249602402,660.8363998603795,687.5064276256307,36.283233014853636,False,True
1408,653.0544471631201,15.400583273058785,5.006718472772656,3.5066363631903945,8,7.999521839356703,661.0539690024768,666.0606874752494,13.006240312129307,False,True
1300,642.1362483902211,34.04498463436333,22.049933227652915,6.688246395550938,0,19.099070028929873,661.235318419151,683.2852516468039,41.14900325658277,False,True
1310,643.4338115394214,9.264011660526668,27.14276332139653,4.239781350286856,10,18.669021592464674,662.1028331318861,689.2455964532826,45.811784913861175,False,True
1266,638.3370373560316,32.601077106739154,23.28956017531509,5.53296672748793,6,23.84192818992517,662.1789655459568,685.4685257212718,47.131488365240216,False,True
1232,633.0737618113602,30.010497615363615,5.359139540581309,7.114694260467893,12,29.52384239918547,662.5976042105457,667.956743751127,34.88298193976675,False,True
1243,634.5276819650888,20.854577147271392,15.183067772998271,5.469272692254311,3,28.486163726497466,663.0138456915863,678.1969134645846,43.66923149949571,False,True
1330,645.4271787562748,15.625456490418001,20.34530440534205,3.842006124237899,10,17.722261800582487,663.1494405568573,683.4947449621993,38.06756620592455,False,True
1165,626.6567450891762,31.27672379363492,3.5350217622260933,2.676719512121362,5,36.68922810787899,663.3459731970552,666.8809949592812,40.22424987010504,False,True
1244,634.5517004887456,27.47328703309111,10.169425619730848,6.0910421461200155,4,28.826905684566327,663.3786061733119,673.5480317930428,38.9963313042972,False,True
1276,638.888479957531,21.298672200499357,19.592004245685704,7.085543472458083,16,26.407427334134923,665.2959072916659,684.8879115373517,45.99943157982068,False,True
1252,635.5365655551359,28.08358584653597,14.032790117201571,4.445510012034451,12,29.774171443299338,665.3107369984352,679.3435271156368,43.806961560500895,False,True
1272,638.6853769239998,7.00118121079369,18.760809801747865,7.430370451504791,12,26.625360074435434,665.3107369984352,684.0715468001831,45.38616987618332,False,True
1264,637.4668661006405,29.277798905143253,19.41627777941568,2.8413195347784703,4,28.0263434348783,665.4932095355188,684.9094873149345,47.442621214294036,False,True
1334,645.7845311209768,24.670980203420584,22.58633206243393,1.8219164063885076,14,19.760000627182762,665.5445317481596,688.1308638105935,42.3463326896167,False,True
1428,655.2381218877349,19.876214301804616,17.584359465553057,7.7239948233608136,8,10.822565587514532,666.0606874752494,683.6450469408024,28.40692505306754,False,True
1247,634.6611044655552,28.13761804138619,27.55237341768721,7.340016084731737,7,31.483948121988647,666.1450525875439,693.6974260052311,59.036321539675896,False,True
1267,638.4506459747812,13.302087573262506,21.202969040460673,7.04180434810106,7,27.69440661276269,666.1450525875439,687.3480216280045,48.89737565322332,False,True
1350,647.4341361137507,24.04424563441113,18.241930615331057,4.8048259677925795,10,18.949280072554984,666.3834161863057,684.6253468016367,37.19121068788604,False,True
1292,641.0744212119309,20.089301556020548,16.282292534443194,3.109077872428813,12,25.389194867769675,666.4636160797006,682.7459086141438,41.67148740221285,False,True
1181,628.2805015678547,29.791681371865675,14.964184422154217,4.494827692929761,1,38.32808651654034,666.608588084395,681.5727725065492,53.292270938694514,False,True
1201,629.7066921196591,10.781029621642393,24.817667586435356,5.742893716851793,1,36.9018959647359,666.608588084395,691.4262556708304,61.71956355117129,False,True
1185,628.5238577638385,27.927180776101995,28.51680255681444,2.24965857891722,5,38.16531814129519,666.6891759051337,695.2059784619481,66.68212069810966,False,True
1205,630.2975942116564,10.484291543220873,16.34560527849092,3.3275676259116698,5,36.39158169347729,666.6891759051337,683.0347811836245,52.737186971968185,False,True
1221,632.130880992509,33.85050307667942,29.739012943966006,4.206702854960211,1,34.6962458024592,666.8271267949682,696.5661397389342,64.43525874642523,False,True
1448,657.5242138508626,15.27692727613973,6.250762731390392,2.0997614356106724,8,9.326477996822064,666.8506918476846,673.101454579075,15.577240728212473,False,True
1241,634.434297395142,18.708086651118034,15.795700570688266,6.04177947457196,1,32.43898182230532,666.8732792174474,682.6689797881356,48.23468239299359,False,True
1225,632.3104465095433,15.25019178831618,28.493147107067344,2.7700049090335424,5,34.570548449737885,666.8809949592812,695.3741420663486,63.063695556805214,False,True
1263,637.3898859561623,27.696350712764836,27.639989179489348,4.8545003603975365,3,29.628123037092337,667.0180089932546,694.657998172744,57.2681122165817,False,True
1283,640.1948663628629,34.65035196056572,26.98591631115715,5.2017801911992025,3,26.837981855365797,667.0328482182287,694.0187645293857,53.823898166522895,False,True
1299,641.9949021959856,27.235999122209204,29.684986482784222,6.415306758465554,19,25.274432534981884,667.2693347309674,696.9543212137517,54.959419017766095,False,True
1319,644.044088639518,18.11779343336558,6.582791338216962,5.7574131942496605,19,23.225246091449435,667.2693347309674,673.8521260691844,29.808037429666342,False,True
1213,631.0015119916816,18.47446147172421,9.340231206468465,2.715311115363424,13,36.40040471483542,667.401916706517,676.7421479129855,45.74063592130392,False,True
1369,649.7692177144153,24.974943565037673,8.679668818770885,6.034235335991693,9,17.70469414240165,667.4739118568169,676.1535806755878,26.384362961172542,False,True
1354,648.2546986516144,14.20844945702592,25.210113327949898,4.641280380374489,14,19.246489728811298,667.5011883804257,692.7113017083756,44.456603056761196,False,True
1335,645.8663179417613,28.278721911796936,17.89014372155112,4.146930311958373,15,21.77477538257108,667.6410933243324,685.5312370458835,39.66491910412219,False,True
1287,640.680957146837,17.57144853287663,12.733878388406856,5.5536130747136205,7,27.00125527139801,667.682212418235,680.4160908066419,39.73513365980489,False,True
1307,642.5468480600173,8.022410843804213,2.3713746815379637,3.4870202591176964,7,25.13536435821777,667.682212418235,670.053587099773,27.506739039755757,False,True
1327,645.0750452519861,12.38642799752481,9.756487901142311,3.262568144889963,7,22.607167166248928,667.682212418235,677.4387003193774,32.36365506739128,False,True
1312,643.5318723416797,28.4524604191642,22.97106139612159,5.482027342609898,12,24.42487140944729,667.956743751127,690.9278051472486,47.39593280556892,False,True
1332,645.6355521501866,14.165966016151735,21.429910497638865,6.658561437342944,12,22.321191600940324,667.956743751127,689.3866542487658,43.75110209857917,False,True
1233,633.0805787082035,9.196601607283306,21.187435285780644,4.586252116951287,13,35.30887744092843,668.3894561491319,689.5768914349126,56.49631272670911,False,True
1253,635.6977085421679,5.170223250788251,19.60108299344656,5.568745836893417,13,32.691747606963986,668.3894561491319,687.9905391425784,52.292830600410525,False,True
1257,636.5793350422064,27.875521099906468,13.556827283792597,3.849011651332106,17,31.84269762481449,668.4220326670209,681.9788599508134,45.39952490860708,False,True
1320,644.0803202667706,12.13341898694844,10.138427527547563,3.257172745128452,0,24.360430773523944,668.4407510402946,678.5791785678422,34.49885830107155,False,True
1374,650.2049794767677,5.189547396101959,18.897721810377078,5.206414485737804,14,18.700577650797868,668.9055571275655,687.8032789379427,37.598299461174975,False,True
1394,651.941674018467,21.53821688407687,28.442007924575883,5.6545206656207645,14,16.96388310909856,668.9055571275655,697.3475650521415,45.40589103367449,False,True
1338,645.9674127365445,34.69051579002747,16.616150170172567,1.2393160935364158,18,23.42713051250564,669.3945432490501,686.0106934192227,40.04328068267819,False,True
1284,640.4394113668999,33.77316897557488,6.523004268709633,2.578201848321566,4,29.596127322842108,670.035538689742,676.5585429584517,36.11913159155176,False,True
1414,653.8684935156749,14.574163034537426,18.26125134547779,7.689977684859036,14,16.215495446671753,670.0839889623467,688.3452403078245,34.476746792149584,False,True
1370,649.8036061017164,21.21970002991219,24.930478259379683,5.489535525698393,10,20.80582686503226,670.6094329667486,695.5399112261283,45.736305124411956,False,True
1390,651.428175489038,13.818117121870587,19.030530270041478,3.7419112905718985,10,19.42631765470901,670.854493143747,689.8850234137885,38.45684792475049,False,True
1410,653.6353987296343,11.740237685558595,16.712624339227837,1.1223595554101204,10,17.21909441411276,670.854493143747,687.5671174829749,33.93171875334065,False,True
1389,651.4193626672339,22.476596872251914,29.814664272857343,2.2540649833421855,9,19.741181358701397,671.1605440259353,700.9752082987927,49.55584563155878,False,True
1409,653.6091847175013,7.947692316410022,20.01039707852513,4.393200216633461,9,17.55135930843403,671.1605440259353,691.1709411044604,37.56175638695913,False,True
1358,648.6653472395609,8.426391630577124,19.833786666016064,3.582648476824732,18,23.081280242326102,671.746627481887,691.5804141479031,42.91506690834217,False,True
1296,641.5475969990144,29.20007992970695,25.736169536320258,6.9445600061637895,16,30.265724824960444,671.8133218239749,697.5494913602952,56.00189436128073,False,True
1468,659.786040603146,19.07078201278786,29.8221637870697,3.633110723367831,8,12.250353376584371,672.0363939797304,701.8585577668001,42.072517163654084,False,True
1488,665.6368066307718,6.416469233455246,4.1466876431442925,6.1712242039424465,8,6.399587348958562,672.0363939797304,676.1830816228747,10.546274992102894,False,True
1322,644.7362522545392,28.32014912139598,14.927710264002636,4.1471977901842205,2,27.307477320731437,672.0437295752706,686.9714398392732,42.235187584734035,False,True
1303,642.4334426777141,14.048348760439017,16.184840444083285,6.827802448089563,3,29.832633472939392,672.2660761506535,688.4509165947368,46.0174739170227,False,True
1429,655.2565060977759,26.35454103072363,5.922515428386973,7.485441849026731,9,17.122561350565547,672.3790674483414,678.3015828767284,23.045076778952534,False,True
1191,629.0070252318645,25.16674684582741,15.162433070632117,2.243210542216515,11,43.44504769068226,672.4520729225468,687.6145059931789,58.60748076131438,False,True
1211,630.8247921106674,14.52503961181243,25.78827901872507,5.1031371912159065,11,41.62728081187936,672.4520729225468,698.2403519412719,67.41555983060448,False,True
1508,672.9575762321126,24.58992723564714,11.327953138022771,3.365803504370775,8,0.0,672.9575762321126,684.2855293701354,11.327953138022735,False,False
1273,638.777110560486,21.260233068703144,26.913219644657723,6.826713281495647,13,34.45971975487112,673.2368303153571,700.1500499600148,61.37293939952883,False,True
1293,641.1463215521312,5.2338227110418565,7.091541885792604,3.4963537327401597,13,32.0905087632259,673.2368303153571,680.3283722011497,39.18205064901849,False,True
1304,642.4558136634192,15.867018309756734,17.55192562536306,4.767837019010204,4,31.092218129623575,673.5480317930428,691.0999574184059,48.64414375498666,False,True
1340,646.0677467539932,25.285688730576112,14.767752957448598,7.497195878417063,0,27.571646506430852,673.6393932604241,688.4071462178727,42.33939946387943,False,True
1360,648.8467119230899,9.537964410042175,10.098993627042836,7.267880285780816,0,24.792681337334216,673.6393932604241,683.738386887467,34.8916749643771,False,True
1339,646.066493391615,11.7379365390527,29.004578634840136,3.9770558852364086,19,27.78563267756931,673.8521260691844,702.8567047040245,56.7902113124095,False,True
1355,648.2649601110459,14.036705923193258,15.053713120084767,6.469345966846385,15,26.605172226682612,674.8701323377285,689.9238454578133,41.65888534676742,False,True
1277,638.9183168969325,32.804406779188334,17.82993414591325,2.900718343805253,17,36.407544827315064,675.3258617242476,693.1557958701609,54.23747897322835,False,True
1297,641.6558496520803,9.272124401445808,3.4532726179657534,3.3853567064660046,17,33.67001207216731,675.3258617242476,678.7791343422134,37.12328469013312,False,True
1316,643.8182631839782,21.333193633450996,7.750001115560254,7.082269048811327,16,32.13434942624633,675.9526126102245,683.7026137257848,39.88435054180661,False,True
1336,645.8994312189036,5.60660272890761,8.732494320615242,1.8168342408456484,16,30.05318139132089,675.9526126102245,684.6851069308398,38.785675711936165,False,True
1356,648.4315460274271,7.622092240370923,25.961170439628766,3.921580247434413,16,27.521066582797403,675.9526126102245,701.9137830498532,53.48223702242615,False,True
1449,657.6003533980879,19.522948944264996,29.17090207038364,6.311730885078392,9,18.5532272774999,676.1535806755878,705.3244827459714,47.72412934788349,False,True
1324,644.9663784993847,34.33092065258589,28.217981979922733,2.8754624855171937,4,31.592164459066908,676.5585429584517,704.7765249383743,59.81014643898959,False,True
1313,643.5694307565492,24.23827877020491,11.790329921159191,1.1971599285379892,13,33.172717156436306,676.7421479129855,688.5324778341447,44.96304707759555,False,True
1245,634.6252311052647,26.33388919208222,26.626430488965916,6.716523801433356,5,42.50504134957691,677.1302724548416,703.7567029438075,69.13147183854278,False,True
1347,646.9911410655401,20.000168093451208,9.45942564855759,5.805572837457027,7,30.447559253837312,677.4387003193774,686.898125967935,39.906984902394925,False,True
1469,659.8045092607493,27.868658633676613,26.87420793227337,4.581783051842223,9,18.497073615979048,678.3015828767284,705.1757908090018,45.371281548252455,False,True
1489,665.6498340809259,5.2500599827035295,2.6411312396604867,3.8376862663449502,9,12.651748795802519,678.3015828767284,680.9427141163889,15.292880035462986,False,True
1333,645.6973858314244,27.34253957191539,7.360741233792707,5.1962643674849245,13,32.72745463825265,678.4248404696771,685.7855817034698,40.08819587204539,False,True
1528,678.4414643353313,12.750734300144423,25.181591946223346,7.398009157821273,8,0.0,678.4414643353313,703.6230562815546,25.181591946223307,False,False
1380,650.7789595564875,11.987687697232943,3.7567524224353552,1.4981376956706414,0,27.80021901135467,678.5791785678422,682.3359309902776,31.556971433790068,False,True
1317,643.8578495498917,20.88532294790487,10.614103328193957,6.168937347487817,17,34.92128479232167,678.7791343422134,689.3932376704074,45.53538812051568,False,True
1286,640.6149202356111,17.251512749004625,5.537277185933238,2.606877506291249,6,38.42242432831324,679.0373445639243,684.5746217498576,43.95970151424649,False,True
1352,647.9159249699642,21.86021632607902,25.161424822899807,1.4252550390431151,12,31.42760214567261,679.3435271156368,704.5049519385366,56.5890269685724,False,True
1359,648.7604209103577,28.889826296253343,11.782226673380888,7.112657965642415,19,31.13801661530897,679.8984375256666,691.6806641990476,42.9202432886899,False,True
1378,650.7315540381255,34.8730886960318,13.773791163776403,3.0763708606420033,18,29.586685421471316,680.3182394595968,694.0920306233733,43.36047658524774,False,True
1398,652.3338295415297,19.148006621322985,15.641329143710385,6.646225897162042,18,27.984409918067172,680.3182394595968,695.9595686033073,43.62573906177761,False,True
1367,649.5818558818306,9.026708390982122,10.203783101494347,5.434983111328876,7,30.834234924811312,680.4160908066419,690.6198739081362,41.03801802630562,False,True
1306,642.4952305050019,30.150844338112233,4.872289955132836,6.768525783963247,6,37.97974428959253,680.4749747945945,685.3472647497273,42.85203424472536,False,True
1231,632.9115412342804,34.23269545306766,15.785682728296226,2.5474547659735443,11,47.81533520594928,680.7268764402297,696.512559168526,63.60101793424553,False,True
1509,673.027254736202,5.220197408196565,6.340192329730215,7.850755011834555,9,7.915459380186803,680.9427141163889,687.2829064461191,14.25565170991706,False,True
1261,637.0420507300767,18.113557418567567,29.73415908899935,2.6056938051928533,1,44.53072177647255,681.5727725065492,711.3069315955486,74.26488086547192,False,True
1337,645.9481378804246,23.163659696605837,3.253619064245604,5.157546762602893,17,36.03072207038883,681.9788599508134,685.2324790150591,39.284341134634474,False,True
1400,652.467567531598,17.86375768017811,17.30804796689484,2.596025228274562,0,29.868363458679596,682.3359309902776,699.6439789571724,47.17641142557443,False,True
1281,639.8117505659902,20.46184542752978,27.93306685049008,2.8413404105731597,1,42.857229222145406,682.6689797881356,710.6020466386257,70.79029607263544,False,True
1372,649.9072041504504,25.84874263821073,25.77265388622348,6.867619218541746,12,32.838704463693375,682.7459086141438,708.5185625003672,58.61135834991683,False,True
1379,650.7359390179389,7.854216834211039,2.1409192067391323,3.289629855841582,19,32.31808618949094,683.0540252074298,685.194944414169,34.459005396230054,False,True
1342,646.202408252156,33.533016403310015,10.605288068034953,6.629396052708094,2,36.948075746247014,683.150483998403,693.755772066438,47.553363814281965,False,True
1420,654.3563300527646,32.27088585184462,22.137776793070138,1.6760943804757655,0,28.928921594039252,683.2852516468039,705.423028439874,51.06669838710934,False,True
1430,655.3470381303968,8.803207512606779,5.910774870599813,5.782389207390021,10,28.147706831802566,683.4947449621993,689.4055198327991,34.05848170240233,False,True
1450,657.6918308428853,10.019823246398511,14.499860100427668,2.014297577344348,10,25.802914119313982,683.4947449621993,697.994605062627,40.30277421974165,False,True
1376,650.4555270879607,25.38880539921836,18.099365968337555,4.5749779337852114,16,33.247086637824054,683.7026137257848,701.8019796941223,51.34645260616162,False,True
1362,648.963840985824,28.807328602885814,21.9563118824046,1.8238479264535554,2,34.853722101298445,683.8175630871225,705.7738749695271,56.81003398370308,False,True
1251,635.2636436707157,17.03169391799159,28.965669749900208,2.5002931584008796,11,48.91072419078364,684.1743678614994,713.1400376113996,77.8763939406839,False,True
1271,638.670569591554,8.55068619094786,23.36955577282518,7.043322876488575,11,45.50379826994538,684.1743678614994,707.5439236343245,68.87335404277053,False,True
1470,660.3868691899232,18.119309062193125,22.53352457408134,1.5099920709015988,10,24.238477611713506,684.6253468016367,707.158871375718,46.772002185794804,False,True
1490,666.100931190885,6.122635902499294,25.866230023754767,5.153698509780339,10,18.524415610751703,684.6253468016367,710.4915768253915,44.39064563450643,False,True
1399,652.3584134230778,16.02671914486175,13.714361331304922,4.891316892195325,19,32.47132111654264,684.8297345396204,698.5440958709253,46.18568244784751,False,True
1396,652.2556859218656,20.31061533202503,27.302705781252346,2.626121029199304,16,32.63222561548605,684.8879115373517,712.190617318604,59.93493139673842,False,True
1344,646.6316166840484,32.10264072779732,14.345239401443958,6.2139634206164835,4,38.27787063088613,684.9094873149345,699.2547267163784,52.62311003233003,False,True
1548,684.9980087019492,21.246647330218813,29.754106987438167,5.331561925464607,8,0.0,684.9980087019492,714.7521156893873,29.75410698743815,False,False
1326,645.0361551748238,27.37645180449269,22.704002019433105,5.262455905727217,6,40.080297360191594,685.1164525350154,707.8204545544485,62.78429937962471,False,True
1346,646.7683178903062,8.056291955526447,19.445052794065667,6.624137472813663,6,38.34813464470915,685.1164525350154,704.561505329081,57.793187438774794,False,True
1357,648.4675574927804,30.49179487594429,16.312057423290774,5.42657483666011,17,36.764921522278655,685.2324790150591,701.5445364383498,53.07697894556941,False,True
1366,649.4219111340583,7.6913877205036965,27.864167233018232,1.9006761592233468,6,35.925353615668996,685.3472647497273,713.2114319827455,63.789520848687175,False,True
1386,651.1896152840517,22.61940133099197,13.111867234856671,3.320643649396742,6,34.157649465675604,685.3472647497273,698.4591319845839,47.26951670053222,False,True
1406,652.913813412811,25.737357080761136,11.008713867671773,1.4275830406110395,6,32.55471230846081,685.4685257212718,696.4772395889436,43.563426176132566,False,True
1375,650.3415746891844,29.33212850934767,15.649071487250229,6.33671536289393,15,35.189662356699046,685.5312370458835,701.1803085331337,50.838733843949285,False,True
1353,648.0930132452482,17.860733536678488,11.6308836055691,1.9599059269313952,13,37.69256845822156,685.7855817034698,697.4164653090389,49.32345206379068,False,True
1373,649.9981229341385,14.486299019088534,23.129575066302543,3.8759775079484946,13,35.78745876933135,685.7855817034698,708.9151567697724,58.9170338356339,False,True
1418,654.017047189799,15.656703209635573,13.794497469123849,4.797157940941677,18,31.99364622942369,686.0106934192227,699.8051908883465,45.788143698547515,False,True
1438,656.1737204834853,11.547602653787372,6.762634491164281,4.6894722879172015,18,29.83697293573732,686.0106934192227,692.7733279103869,36.59960742690157,False,True
1387,651.2139955266264,10.502769592999254,24.54299275204059,2.5943081016145317,7,35.68413044130864,686.898125967935,711.4411187199756,60.22712319334926,False,True
1407,652.9819210479484,18.380639837964317,28.532130541153695,4.081629784548594,7,33.916204919986626,686.898125967935,715.4302565090887,62.448335461140346,False,True
1382,650.849265917168,24.94328759006695,15.744669062899561,1.3307781106648,2,36.12217392210516,686.9714398392732,702.7161089021728,51.86684298500472,False,True
1395,652.0135053395664,33.84870369959664,2.6596311659643592,5.38613704907696,15,35.52695218826125,687.5404575278277,690.200088693792,38.186583354225604,False,True
1434,655.7699687923548,26.449008939769268,18.220011288867894,2.120304827895593,14,32.36089501823869,688.1308638105935,706.3508750994614,50.5809063071066,False,True
1454,657.9443067847862,9.064804305409993,17.297462593771055,4.701255038860849,14,30.186557025807247,688.1308638105935,705.4283264043645,47.48401961957825,False,True
1427,655.0396522930876,13.886324338066627,14.961561725093743,5.492206770730366,7,33.26438531713018,688.3040376102177,703.2655993353114,48.22594704222388,False,True
1440,656.2080475520409,25.417639138617616,2.6055066428150955,4.037835436832892,0,32.1990986658318,688.4071462178727,691.0126528606877,34.80460530864684,False,True
1460,658.7925103511569,11.680422166588974,26.024466735073823,4.251804642065005,0,29.61463586671573,688.4071462178727,714.4316129529465,55.639102601789546,False,True
1415,653.9182784227987,13.889338636143863,6.390335548720888,5.868632978258393,15,34.505313427582564,688.4235918503813,694.8139273991022,40.895648976303505,False,True
1435,655.8658079508476,6.976222038682479,19.078896668417066,6.533007592091507,15,32.55778389953366,688.4235918503813,707.5024885187984,51.63668056795075,False,True
1323,644.8531123444241,30.9465949762844,15.585836644805209,3.457890296288414,3,43.59780425031272,688.4509165947368,704.036753239542,59.18364089511795,False,True
1393,651.768330589735,15.84785257294018,16.020698839857662,3.047964951508419,13,36.76414724440974,688.5324778341447,704.5531766740024,52.78484608426743,False,True
1392,651.6493018896817,20.745919534720066,18.154796912304008,1.693500878515943,12,37.73735235908407,689.3866542487658,707.5414511610699,55.89214927138812,False,True
1377,650.6262605148455,32.30783268066287,11.38229729030609,2.5728507451092058,17,38.766977155561904,689.3932376704074,700.7755349607135,50.149274445867945,False,True
1413,653.8300576972867,22.7949071995372,13.757854557171443,2.0176779221884726,13,35.74683373762582,689.5768914349126,703.334745992084,49.50468829479723,False,True
1510,673.1568908228737,33.97045432270828,2.75930030503439,4.389164706480442,10,16.72813259091481,689.8850234137885,692.6443237188229,19.487432895949155,False,True
1568,689.8868814015073,6.507970013289915,25.716407938977007,3.02840097108437,8,0.0,689.8868814015073,715.6032893404843,25.716407938977,False,False
1455,658.3246976177469,17.383364401605853,26.879680796881992,4.3227162703695665,15,31.87539107604516,690.200088693792,717.079769490674,58.75507187292715,False,True
1475,661.5133980149809,28.590404885297765,21.29470200454477,7.151088798322063,15,28.686690678811146,690.200088693792,711.4947906983368,49.98139268335592,False,True
1447,657.5237315710417,25.30073606539305,23.89557285558136,3.9759896644943877,7,33.096142337094534,690.6198739081362,714.5154467637176,56.99171519267588,False,True
1412,653.7901221661999,31.10889026208999,15.31261694739857,4.027223205925868,12,37.13768298104867,690.9278051472486,706.2404220946472,52.45029992844729,False,True
1480,662.7217091151696,27.654751137477255,8.25211578822114,5.158457609259212,0,28.29094374551812,691.0126528606877,699.2647686489088,36.54305953373921,False,True
1364,649.2966297620549,20.255149312944337,29.631791381658733,2.60690342327239,4,41.80332765635103,691.0999574184059,720.7317488000647,71.43511903800982,False,True
1529,678.9412399414728,27.0772344010991,19.26472410170453,2.5329914992095253,9,12.22970116298768,691.1709411044604,710.4356652061649,31.494425264692154,False,True
1301,642.1954411781223,27.54423405752526,28.02482917366832,7.398778973499316,1,49.23081449270808,691.4262556708304,719.4510848444987,77.25564366637639,False,True
1419,654.2208065454768,30.233483936917306,18.162981604647058,6.295346407991514,19,37.45985765357079,691.6806641990476,709.8436458036946,55.62283925821782,False,True
1530,679.4132115827994,11.847365374345964,19.818566953236385,5.491081172404669,10,13.231112136023512,692.6443237188229,712.4628906720593,33.04967908925994,False,True
1550,685.782970599694,26.610526380200458,29.49498044224584,4.052386566123634,10,6.861353119128921,692.6443237188229,722.1393041610687,36.356333561374754,False,True
1474,660.981101571065,30.08870542825208,5.868528553694592,2.964878243587512,14,31.73020013731059,692.7113017083756,698.5798302620701,37.598728691005135,False,True
1458,658.578640135811,25.42033842611736,4.6061859291730896,5.698244414763199,18,34.19468777457587,692.7733279103869,697.37951383956,38.80087370374895,False,True
1397,652.287844017991,20.075257008173597,3.332667319051645,2.9594066270759685,17,40.86795185216988,693.1557958701609,696.4884631892126,44.20061917122155,False,True
1467,659.7248090929472,14.961921626869044,11.484475253067748,3.2236121763052457,7,33.97261691228391,693.6974260052311,705.1819012582989,45.457092165351696,False,True
1402,652.6333587985773,31.748953443573495,16.030745840901503,2.101641958746905,2,41.12241326786068,693.755772066438,709.7865179073395,57.153159108762225,False,True
1343,646.3979057312388,11.976587365425559,8.025362222606823,7.437559217423598,3,47.62085879814697,694.0187645293857,702.0441267519926,55.64622102075384,False,True
1363,649.1227402526806,27.55763502079094,10.856592223927183,3.8089458714855717,3,44.896024276705134,694.0187645293857,704.875356753313,55.75261650063237,False,True
1478,662.3879620249083,25.94341527761501,15.792635627997251,6.896058418031015,18,31.704068598464914,694.0920306233733,709.8846662513705,47.49670422646216,False,True
1498,668.5524855529895,7.779483223928302,26.255309259426006,2.715792785130181,18,25.539545070383724,694.0920306233733,720.3473398827992,51.79485432980971,False,True
1265,637.9374407634787,34.2974482150788,26.494557673649503,1.7298228346196156,5,57.26853769846946,695.2059784619481,721.7005361355976,83.76309537211898,False,True
1285,640.54277508805,16.134731123077042,23.121389978752298,5.412279621185517,5,54.663203373898114,695.2059784619481,718.3273684407004,77.7845933526504,False,True
1305,642.4924760036898,16.764707319182648,10.29914628062878,3.8580334647091,5,52.881666062658724,695.3741420663486,705.6732883469773,63.18081234328747,False,True
1570,690.6926851509654,22.018729090768016,3.1403225258477416,1.7053108156898595,10,4.847226075162894,695.5399112261283,698.6802337519761,7.987548601010644,False,True
1518,675.885426533558,22.00752741448679,28.66922015472079,7.479847714862798,18,20.074142069749314,695.9595686033073,724.6287887580281,48.74336222447016,False,True
1426,654.9368455572011,18.328211617550195,26.179739881646327,7.285859316373535,6,41.540394031742494,696.4772395889436,722.6569794705899,67.72013391338885,False,True
1417,653.9914393807462,33.05972241020284,12.375183987104117,2.468854639489066,17,42.49702380846634,696.4884631892126,708.8636471763167,54.87220779557049,False,True
1291,640.9816362129613,26.077344177578166,21.376952677968085,3.2271650055475942,11,55.53092295556462,696.512559168526,717.8895118464941,76.90787563353274,False,True
1311,643.5163947403831,15.817435610583129,2.413866535525105,6.029393120049546,11,52.99616442814283,696.512559168526,698.9264257040511,55.410030963667964,False,True
1331,645.5664786308029,14.979362201923252,4.301341370208198,6.469603907028557,11,50.946080537723105,696.512559168526,700.8139005387342,55.24742190793131,False,True
1321,644.2928856980071,12.915696265380198,4.833770527572436,3.3202199909985373,1,52.2732540409271,696.5661397389342,701.3999102665067,57.10702456849958,False,True
1341,646.1623221694291,7.398445020333706,10.744651928062126,5.256928635873805,1,50.40381756950512,696.5661397389342,707.3107916669964,61.14846949756725,False,True
1361,648.9285421316367,7.7515488330250335,19.955600945425967,7.36622895835632,1,47.637597607297494,696.5661397389342,716.5217406843602,67.59319855272349,False,True
1439,656.1876837664919,34.587353295517886,24.23807982761042,6.32413989043973,19,40.76663744725977,696.9543212137517,721.192401041362,65.00471727487013,False,True
1588,697.096690610969,17.39117950426753,9.045670644353407,1.762567026885967,8,0.0,697.096690610969,706.1423612553224,9.045670644353436,False,False
1494,666.7185053297682,18.231541398649085,18.25995840724261,3.572248458999656,14,30.629059722373313,697.3475650521415,715.6075234593841,48.88901812961592,False,True
1538,681.663729970748,26.02659384313884,7.43587517981153,3.0030525389934963,18,15.715783868811968,697.37951383956,704.8153890193715,23.151659048623515,False,True
1433,655.5172959768046,15.1698431867961,19.409600832731286,3.711508818583537,13,41.89916933223435,697.4164653090389,716.8260661417702,61.30877016496561,False,True
1416,653.9385148825359,32.628266594207204,19.585661314403758,7.956354136824186,16,43.61097647775932,697.5494913602952,717.1351526746989,63.196637792163074,False,True
1590,697.9246291895512,6.938734364631455,4.540060619092992,2.2854976438895767,10,0.06997587307580488,697.994605062627,702.53466568172,4.610036492168774,False,False
1446,657.3574983001819,28.625960005947032,26.954545043471803,3.7646103443562913,6,41.10163368440203,698.4591319845839,725.4136770280558,68.05617872787388,False,True
1459,658.7613166816883,10.677730969562024,15.821076158734776,5.325697561267101,19,39.782779189236976,698.5440958709253,714.36517202966,55.60385534797172,False,True
1514,674.5986182607021,22.748966810556748,29.953531700763406,2.2041506087903713,14,23.98121200136802,698.5798302620701,728.5333619628335,53.934743702131414,False,True
1534,680.480682709446,14.076240757871169,10.238337386400843,1.6799290182616606,14,18.099147552624117,698.5798302620701,708.818167648471,28.33748493902499,False,True
1351,647.7202663395146,32.417361211376246,8.046897320319681,2.1561318635371736,11,51.20615936453646,698.9264257040511,706.9733230243708,59.25305668485612,False,True
1384,651.0706802761703,31.654015595871396,17.478647105581743,3.278859284345318,4,48.184046440208135,699.2547267163784,716.7333738219602,65.66269354578992,False,True
1500,669.3689413313125,18.91428614087231,14.69761791575392,3.883556615030472,0,29.895827317596286,699.2647686489088,713.9623865646627,44.59344523335017,False,True
1520,675.980204711453,26.312144181958352,19.79272759297035,6.0075588821586665,0,23.663774245719424,699.6439789571724,719.4367065501427,43.456501838689746,False,True
1558,687.9945846326063,11.725216852528956,14.982343404305704,3.7927768838504052,18,11.81060625574014,699.8051908883465,714.7875342926521,26.792949660045792,False,True
1453,657.8130655349129,29.51745632056773,15.312352438273457,1.499148555144349,13,42.336984425101946,700.1500499600148,715.4624023982883,57.649336863375424,False,True
1437,656.1083089565841,13.701391165561603,25.821543953272656,3.7877073255663767,17,44.66722600412936,700.7755349607135,726.5970789139861,70.48876995740204,False,True
1457,658.5354983531978,21.75750020497256,23.573584860510188,7.443274768685708,17,42.24003660751566,700.7755349607135,724.3491198212237,65.81362146802587,False,True
1371,649.8172493914828,14.713043151333995,21.740972109524222,5.72592194264264,11,50.99665114725133,700.8139005387342,722.5548726482584,72.73762325677558,False,True
1549,685.0947313420152,17.94085302379041,8.738359492901347,6.732046411667416,9,15.880476956777557,700.9752082987927,709.7135677916941,24.618836449678952,False,True
1495,666.9982795095816,32.385830553430324,2.0191533855138486,2.516983570643968,15,34.182029023552104,701.1803085331337,703.1994619186476,36.20118240906595,False,True
1381,650.7952197146137,9.43976150646537,12.223299061204022,7.455541073535388,1,50.604690551892986,701.3999102665067,713.6232093277107,62.827989613096975,False,True
1477,662.3591603796361,19.965012875407094,16.89354785164376,6.478870317381462,17,39.1853760587137,701.5445364383498,718.4380842899936,56.0789239103575,False,True
1497,668.1484006244132,6.261871918174932,23.914360592606144,5.050868445217253,17,33.39613581393667,701.5445364383498,725.458897030956,57.310496406542825,False,True
1436,655.9628085991453,31.97149540487802,29.709840224367927,5.0874754482190285,16,45.83917109497702,701.8019796941223,731.5118199184902,75.54901131934491,False,True
1383,651.046568624775,34.318950852210236,28.27258534774428,5.089738055376708,3,50.997558127217644,702.0441267519926,730.316712099737,79.27014347496197,False,True
1422,654.4976076820614,21.490463663502325,18.464110128338557,3.8199694056384184,2,48.21850122011142,702.7161089021728,721.1802190305114,66.68261134845,False,True
1442,656.6180065275986,15.992228182540146,26.45102620724713,5.073559951404562,2,46.09810237457418,702.7161089021728,729.1671351094199,72.54912858182126,False,True
1479,662.6878221361297,14.281949752611224,27.17747463053842,2.61704989341003,19,40.1688825678948,702.8567047040245,730.034179334563,67.34635719843322,False,True
1515,675.1244719653581,27.249629131052764,19.60426043603241,1.4189253791650533,15,28.074989953289446,703.1994619186476,722.80372235468,47.67925038932185,False,True
1535,680.714817035746,15.467178121939515,13.145946409574519,7.329271594712115,15,22.484644882901534,703.1994619186476,716.3454083282221,35.63059129247608,False,True
1325,645.0096233781658,10.868302467941792,22.494643794002627,1.9040580290596627,5,58.747079565641684,703.7567029438075,726.2513467378101,81.24172335964431,False,True
1345,646.7246864052025,6.592843834923444,7.830724955403541,6.0558762535897275,5,57.03201653860492,703.7567029438075,711.587427899211,64.86274149400845,False,True
1608,703.7872988561395,6.632806894317299,12.392031249823377,7.194590949693777,8,0.0,703.7872988561395,716.1793301059629,12.39203124982339,False,False
1403,652.6871580356403,33.156046221666834,24.214899206091403,6.773362884240376,3,51.349595203901686,704.036753239542,728.2516524456335,75.56449440999313,False,True
1610,704.441336095169,22.731818125682814,18.264013827122586,5.570616202036498,10,0.0,704.441336095169,722.7053499222916,18.26401382712254,False,False
1432,655.4591374195555,21.30748245387028,3.5144604405539828,1.4948727419876269,12,49.04581451898105,704.5049519385366,708.0194123790906,52.560274959535036,False,True
1473,660.8803178449683,25.3308088147657,10.315109919668258,5.686377297120369,13,43.67285882903411,704.5531766740024,714.8682865936706,53.987968748702315,False,True
1404,652.8557466320322,26.06530568544836,21.721427950616704,2.5737519555152146,4,51.920778306342186,704.7765249383743,726.497952888991,73.64220625695884,False,True
1578,695.0441075147622,8.042014973798047,19.65822239091019,6.087500795572248,18,9.771281504609306,704.8153890193715,724.4736114102817,29.429503895519474,False,True
1598,700.3444200924033,17.363032695076058,6.569471956320708,2.473987015135852,18,4.470968926968226,704.8153890193715,711.3848609756923,11.040440883288966,False,True
1423,654.8772146321245,31.32215262963422,24.165513090341094,6.63340306094405,3,49.99814212118849,704.875356753313,729.040869843654,74.16365521152954,False,True
1569,690.308457073089,32.233512365850174,12.302975772254268,3.4729118508009686,9,14.86733373591278,705.1757908090018,717.4787665812561,27.170309508167065,False,True
1487,665.4419867278268,32.640687205467266,28.67715200790065,4.067617967728445,7,39.739914530472106,705.1819012582989,733.8590532661996,68.41706653837275,False,True
1589,697.8967355746863,7.069226963068807,25.616408252739582,4.43651461439688,9,7.427747171285091,705.3244827459714,730.940890998711,33.044155424024666,False,True
1540,682.6234379374052,16.24567675570565,26.292770492091247,5.54986382954629,0,22.79959050246873,705.423028439874,731.7157989319652,49.092360994559954,False,True
1560,688.6198547080902,20.101722231847347,23.01164536580039,2.887190182674778,0,16.803173731783772,705.423028439874,728.4346738056744,39.81481909758418,False,True
1580,695.2880022710443,5.225247761569233,5.405026969222157,6.256061991748105,0,10.135026168829654,705.423028439874,710.8280554090961,15.540053138051803,False,True
1365,649.3434979440356,26.393017438581335,29.0676180061247,5.580102385621589,5,56.32979040294174,705.6732883469773,734.740906353102,85.39740840906643,False,True
1462,658.8766199162982,29.945728491791826,20.571639332615163,6.314413426851658,2,46.897255053228946,705.7738749695271,726.3455143021423,67.46889438584412,False,True
1452,657.8095455281764,26.16905341726397,13.676007340127102,5.053558164354715,12,48.43087656647083,706.2404220946472,719.9164294347743,62.106883906597886,False,True
1554,686.1206438882995,34.22571822326382,28.76232223321171,2.5721846344729484,14,20.230231211161936,706.3508750994614,735.1131973326732,48.9925534443737,False,True
1574,691.5885966603187,10.314926108030871,17.78102206919823,3.697196276933421,14,14.762278439142733,706.3508750994614,724.1318971686596,32.54330050834096,False,True
1391,651.4641474043133,25.03522558610242,23.912828357423635,6.82550144389445,11,55.509175620057476,706.9733230243708,730.8861513817944,79.42200397748115,False,True
1472,660.8460295322478,15.86072438412041,19.837879779811605,4.401770689487474,12,46.69542162882203,707.5414511610699,727.3793309408815,66.53330140863363,False,True
1492,666.4585758085325,9.954570866472295,19.58647702044196,5.766766887234803,12,41.08287535253737,707.5414511610699,727.1279281815118,60.66935237297935,False,True
1466,659.5925129704957,23.314097971762397,21.295081849462868,1.0007615739840416,6,48.22794158395277,707.8204545544485,729.1155364039114,69.52302343341569,False,True
1486,665.0496470483605,22.012791504107234,12.934077067867186,2.4102725030390246,6,42.770807506087976,707.8204545544485,720.7545316223157,55.704884573955155,False,True
1512,674.4317609225129,11.99762752123518,2.400557877676843,7.2428718177957405,12,33.587651456577646,708.0194123790906,710.4199702567674,35.98820933425452,False,True
1532,679.6029189740705,26.018257830666805,17.40995260930179,6.393341666751903,12,28.915643526296776,708.5185625003672,725.928515109669,46.325596135598516,False,True
1517,675.2346853544925,14.514441829402966,14.573902271730036,1.2666204298098815,17,33.62896182182419,708.8636471763167,723.4375494480468,48.20286409355424,False,True
1493,666.6462355276889,20.167768127956613,6.456740275161563,5.234851495622535,13,42.26892124208348,708.9151567697724,715.3718970449339,48.725661517245044,False,True
1513,674.4917738801656,6.709582639984005,23.920551729347444,1.0476230129879074,13,34.42338288960673,708.9151567697724,732.8357084991198,58.34393461895422,False,True
1609,703.9424886163404,19.84492876230044,18.92844358738838,4.368324699845628,9,5.771079175353748,709.7135677916941,728.6420113790825,24.699522762742163,False,True
1499,669.2067050267042,30.572789064255286,13.693872328448256,6.160122623713144,19,40.6369407769904,709.8436458036946,723.5375181321428,54.330813105438665,False,True
1519,675.9256116118848,9.567675650347098,24.95396178354573,4.4303853989263144,19,33.91803419180974,709.8436458036946,734.7976075872403,58.8719959753555,False,True
1618,707.7968840000327,32.65107589421381,25.715171820829937,7.937618316811429,18,2.087782251337785,709.8846662513705,735.5998380722004,27.802954072167722,False,False
1552,685.9598491075793,15.065598238962878,27.27947427423635,6.7877122105236305,12,24.460121149188126,710.4199702567674,737.6994445310038,51.739595423424475,False,True
1572,690.9547027989756,5.196435758084798,17.904289779095233,6.723246457807561,12,19.46526745779181,710.4199702567674,728.3242600358627,37.36955723688709,False,True
1401,652.5548499761118,19.809917403265814,14.601790124996484,1.2851887969322875,1,58.0471966625139,710.6020466386257,725.2038367636221,72.64898678751035,False,True
1421,654.4374861894931,13.245853589170963,19.709810580467988,6.882885549759009,1,56.16456044913252,710.6020466386257,730.3118572190937,75.87437102960052,False,True
1507,672.8665054346363,22.472876827231545,29.482674956151698,7.516437302521056,7,38.5746132853393,711.4411187199756,740.9237936761274,68.05728824149105,False,True
1555,686.5370485697097,15.816629389655475,21.85008126041975,3.263275302807487,15,24.95774212862716,711.4947906983368,733.3448719587566,46.807823389046916,False,True
1575,693.1063416793413,21.12363530573671,22.256755462827424,3.094119353312468,15,18.388449018995516,711.4947906983368,733.7515461611642,40.64520448182293,False,True
1456,658.3597115027169,23.52563645974351,2.3201782852499306,7.877014131569364,16,53.83090581588715,712.190617318604,714.5107956038539,56.15108410113703,False,True
1628,712.9696266444633,20.10317544679309,10.897533353208294,1.4532796085545208,8,0.0,712.9696266444633,723.8671599976716,10.897533353208246,False,False
1629,713.119578285254,34.655785807684104,19.662183923048595,7.762528065071058,9,0.0,713.119578285254,732.7817622083026,19.662183923048588,False,False
1630,713.132553816419,25.317406556347386,27.40103191207886,2.2304754895496717,10,0.0,713.132553816419,740.5335857284979,27.401031912078906,False,False
1411,653.727687400461,17.804943537067118,16.75746153957764,2.479517219093543,11,59.4123502109386,713.1400376113996,729.8974991509773,76.16981175051626,False,True
1600,702.2477781867998,16.340257352311873,24.4894616375992,7.618050517795831,0,11.714608377862874,713.9623865646627,738.4518482022619,36.204070015462094,False,True
1620,708.4682843643442,13.981642985292776,26.14656455206411,5.66341781341239,0,5.96332858860228,714.4316129529465,740.5781775050106,32.10989314066637,False,True
1476,661.665716212898,15.900561039377727,24.82144728766685,1.921549843750359,16,52.8450793909559,714.5107956038539,739.3322428915208,77.66652667862274,False,True
1496,668.0711349574863,6.130147697356897,21.9838227548343,2.3991013990080123,16,46.439660646367656,714.5107956038539,736.4946183586882,68.4234834012019,False,True
1527,678.1281627421694,23.727969093853485,7.391388082862872,5.8211071038530005,7,36.387284021548226,714.5154467637176,721.9068348465804,43.778672104411044,False,True
1533,680.4794396773797,7.152972193633486,16.338942604256435,5.396497009300172,13,34.38884691629096,714.8682865936706,731.2072291979271,50.72778952054739,False,True
1553,686.073684071992,11.364534690756553,2.8711090008566416,7.075423302824228,13,28.7946025216786,714.8682865936706,717.7393955945273,31.665711522535275,False,True
1573,691.4492722252866,17.43140710311097,23.189756982138118,4.506524426855782,13,23.922624819647353,715.3718970449339,738.561654027072,47.11238180178543,False,True
1638,715.4120273073329,20.997773497988256,16.059023129313857,1.670722614023395,18,0.0,715.4120273073329,731.4710504366467,16.0590231293138,False,False
1547,684.8631478702806,13.701031237874801,10.954824408480345,3.7650787565385544,7,30.567108638808122,715.4302565090887,726.3850809175691,41.521933047288485,False,True
1593,698.2659431527767,18.799422744797717,20.904290088005773,3.05273537788614,13,17.19645924551162,715.4624023982883,736.366692486294,38.10074933351734,False,True
1613,704.8250159844342,5.9897788640057845,14.080495530518984,3.5556683825719153,13,10.637386413854074,715.4624023982883,729.5428979288073,24.71788194437306,False,True
1633,714.2864618183976,13.577458881713682,12.580125543282742,6.770925929521124,13,1.175940579890721,715.4624023982883,728.042527941571,13.756066123173468,False,False
1594,699.0234863525743,23.674480690847684,28.392715659667353,7.976838356630005,14,16.584037106809774,715.6075234593841,744.0002391190515,44.97675276647715,False,True
1614,705.5672749763518,6.980215703507694,28.463519865531552,5.367133443923152,14,10.040248483032315,715.6075234593841,744.0710433249156,38.50376834856388,False,True
1595,699.0824784990784,14.017268995969168,27.637001098231146,5.085406827939236,15,17.262929829143673,716.3454083282221,743.9824094264533,44.89993092737484,False,True
1441,656.2936471219155,32.187780161180015,7.446605486589009,2.3237505634089186,1,60.22809356244477,716.5217406843602,723.9683461709492,67.67469904903373,False,True
1424,654.9003333834021,26.73265457324995,3.929797844224084,4.623024553070911,4,61.8330404385581,716.7333738219602,720.6631716661843,65.76283828278224,False,True
1516,675.1812757966582,17.155263523965512,7.553893562664479,2.9238075090638955,16,41.953876878040774,717.1351526746989,724.6890462373634,49.50777044070526,False,True
1431,655.3569265302762,17.008384008623274,2.1505808857174116,6.050383819711963,11,62.53258531621793,717.8895118464941,720.0400927322115,64.68316620193536,False,True
1451,657.7074166461717,23.198334699553342,7.419483517331976,2.045418604937587,11,60.18209520032235,717.8895118464941,725.308995363826,67.60157871765432,False,True
1385,651.0712837301095,20.763016715446838,24.73256098016689,2.309032384146455,5,67.25608471059093,718.3273684407004,743.0599294208673,91.98864569075783,False,True
1537,681.445394768771,26.101622115138106,6.328736278591578,5.739227171958486,17,36.99268952122259,718.4380842899936,724.7668205685852,43.321425799814165,False,True
1648,719.282823582932,13.67259920467784,28.37714821179356,4.877022672217292,8,0.0,719.282823582932,747.6599717947256,28.37714821179361,False,False
1640,715.8166905197494,10.614949606292507,13.539608328852399,5.174367129740083,0,3.6200160303933444,719.4367065501427,732.9763148789951,17.159624359245754,False,False
1461,658.8476688222344,30.02381755622246,16.237856280124014,1.653277190451415,1,60.603416022264355,719.4510848444987,735.6889411246227,76.84127230238835,False,True
1444,657.3011402643364,34.88582475028758,12.79422208952061,1.8399810831924934,4,63.36203140184796,720.6631716661843,733.457393755705,76.1562534913686,False,True
1464,659.4074317392516,26.59204543717208,14.54322988995061,3.0061237090462702,4,61.32431706081309,720.7317488000647,735.2749786900152,75.86754695076365,False,True
1506,672.4673948705353,19.23771845269991,24.08777361777041,1.570802379995203,6,48.287136751780395,720.7545316223157,744.842305240086,72.37491036955078,False,True
1649,720.8165643074547,28.38737886632376,20.191690165822624,1.6285324515886161,9,0.0,720.8165643074547,741.0082544732772,20.191690165822592,False,False
1482,663.7942344785008,34.363974761944434,15.988256575908206,4.660466580852184,2,57.38598455201054,721.1802190305114,737.1684756064195,73.37424112791871,False,True
1502,671.361169902966,11.434583875980342,2.816827995110198,2.0789622413758373,2,49.81904912754533,721.1802190305114,723.9970470256216,52.63587712265553,False,True
1539,682.3366040453419,29.855990578385352,10.070111359282192,5.079782726760446,19,38.8557969960201,721.192401041362,731.2625124006443,48.92590835530234,False,True
1653,721.645781644563,10.664627528303809,19.78952515011831,7.234205702028232,13,0.0,721.645781644563,741.4353067946813,19.789525150118266,False,False
1405,652.9135362263875,31.920093107378918,5.0919143060395395,7.245352078046445,5,68.78699990921018,721.7005361355976,726.7924504416371,73.87891421524967,False,True
1567,689.4493978847091,26.502550919600555,19.784708559708278,5.761136769344588,7,32.45743696187128,721.9068348465804,741.6915434062887,52.24214552157957,False,True
1650,721.1701198277824,28.14666657670565,23.786553391065848,4.136209726248614,10,0.9691843332863073,722.1393041610687,745.9258575521345,24.755737724352116,False,False
1471,660.8141729173399,24.84520335988611,16.873254187495128,6.8338840576000175,11,61.74069973091855,722.5548726482584,739.4281268357536,78.6139539184137,False,True
1526,677.84985228401,19.261283498071226,13.868941733123126,1.9290836616137552,6,44.80712718657992,722.6569794705899,736.5259212037131,58.676068919703084,False,True
1615,707.0742468290825,34.213249562145144,22.894588263729243,7.637728290215557,15,15.729475525597422,722.80372235468,745.6983106184092,38.62406378932667,False,True
1635,714.5805785377314,8.342675512457657,5.479392537362488,2.888751838795088,15,8.22314381694855,722.80372235468,728.2831148920425,13.702536354311064,False,True
1660,723.2730972510378,13.066485758753748,16.870399142815657,4.3330219190132055,0,0.0,723.2730972510378,740.1434963938535,16.8703991428157,False,False
1557,687.8293897992362,22.932222451506934,13.625444693107385,5.4628934458265,17,35.608159648810556,723.4375494480468,737.0629941411541,49.23360434191795,False,True
1559,688.5180204808324,30.63412309111287,11.215384194940922,3.4297679646842,19,35.01949765131042,723.5375181321428,734.7529023270838,46.23488184625137,False,True
1481,662.7830981575547,19.742099633770696,26.618944712401778,5.763705437064185,1,61.18524801339447,723.9683461709492,750.587290883351,87.80419272579627,False,True
1522,676.8612104419958,18.39320437819513,8.78978073635731,2.081735708537016,2,47.135836583625746,723.9970470256216,732.7868277619789,55.925617319983076,False,True
1634,714.4429946780684,9.209064674012039,3.7919066030238984,3.236336535883089,14,9.688902490591204,724.1318971686596,727.9238037716835,13.480809093615107,False,True
1577,693.9806259474765,28.23259532110036,12.817700190018456,7.083525090291423,17,30.368493873747184,724.3491198212237,737.1668200112422,43.1861940637657,False,True
1658,723.0132120016436,22.647280350845143,11.653125958151982,5.368508312310918,18,1.460399408638068,724.4736114102817,736.1267373684337,13.1135253667901,False,False
1536,681.1669241037102,30.458233035842845,7.043207546136411,5.908966540198433,16,43.52212213365317,724.6890462373634,731.7322537834998,50.565329679789556,False,True
1501,670.6686832240516,29.00213021929366,19.736093995385595,3.6636203316072113,1,54.5351535395705,725.2038367636221,744.9399307590077,74.27124753495605,False,True
1521,676.117615745498,5.0596622435043415,3.4158547523723164,5.947552814041683,1,49.08622101812409,725.2038367636221,728.6196915159944,52.50207577049639,False,True
1491,666.1122245615888,13.386928044596724,9.366004455986792,4.838736924548883,11,59.19677080223721,725.308995363826,734.6749998198128,68.56277525822395,False,True
1546,684.3341465004307,14.270819068479552,20.13196334365256,3.0235708885032953,6,41.079530527625025,725.4136770280558,745.5456403717084,61.21149387127764,False,True
1597,699.5491395460716,29.37740694622892,20.19895544436862,6.595562901917451,17,25.90975748488438,725.458897030956,745.6578524753246,46.10871292925299,False,True
1668,725.6681379904489,18.752250188276275,8.884933413609943,6.650748074002212,8,0.0,725.6681379904489,734.5530714040589,8.884933413609929,False,False
1670,725.8439362473558,25.954297557690097,21.627523448757163,1.4587282291238535,10,0.0,725.8439362473558,747.471459696113,21.627523448757188,False,False
1592,698.2382747672226,33.979302649617324,13.334169243240927,5.605098888446807,12,27.690240342446373,725.928515109669,739.2626843529099,41.024409585687295,False,True
1542,683.8911512748738,26.520296611760095,23.003636929172448,7.3161075240729705,2,42.45436302726853,726.3455143021423,749.3491512313147,65.45799995644097,False,True
1484,664.2241033169092,26.445123669665463,23.37271116426569,4.981330563818116,4,62.27384957208176,726.497952888991,749.8706640532566,85.6465607363474,False,True
1617,707.412236004913,16.091377982129345,28.35422232601048,5.469421769330334,17,19.184842909073154,726.5970789139861,754.9513012399966,47.539065235083626,False,True
1425,654.9286634382196,25.57766507386716,13.737550899740357,3.918322165880244,5,71.86378700341754,726.7924504416371,740.5300013413774,85.60133790315786,False,True
1445,657.3367846454044,16.743387146072596,25.20308729113819,5.775444067943334,5,69.45566579623278,726.7924504416371,751.9955377327753,94.658753087371,False,True
1612,704.5877234906317,25.933963757855082,6.424044481836301,2.0835705620867926,12,22.54020469088016,727.1279281815118,733.5519726633481,28.96424917271645,False,True
1632,714.0602121962792,11.937923289262207,20.413249223977747,3.840490681348615,12,13.319118744602292,727.3793309408815,747.7925801648593,33.73236796858009,False,True
1654,721.7560531438157,9.296852713367567,11.801269078453604,1.802687300485666,14,6.167750627867804,727.9238037716835,739.7250728501372,17.969019706321433,False,True
1673,726.1087700892691,20.403800877282695,9.472817228120434,1.2248258355504618,13,1.9337578523019374,728.042527941571,737.5153451696915,11.406575080422385,False,True
1443,656.8376665460823,28.209278700174853,21.092180004416118,1.8323695351711273,3,71.41398589955111,728.2516524456335,749.3438324500496,92.50616590396726,False,True
1680,728.5085469380926,23.979109323388748,20.98208373378107,3.812424214339078,0,0.0,728.5085469380926,749.4906306718738,20.98208373378111,False,False
1674,726.1697517128498,11.681960629398965,11.14313293399854,3.8622331510348573,14,2.363610249983708,728.5333619628335,739.6764948968321,13.50674318398228,False,False
1669,725.7104756352537,28.675599046926585,17.184579640391718,7.520873623890394,9,2.9315357438288174,728.6420113790825,745.8265910194742,20.116115384220507,False,False
1463,659.3361313670172,8.041701266295325,18.51294199505027,6.395299428965688,3,69.70473847663686,729.040869843654,747.5538118387043,88.21768047168712,False,True
1483,664.0733930402773,5.8777016434161675,11.69765827737805,5.218433403184594,3,64.96747680337671,729.040869843654,740.7385281210321,76.6651350807548,False,True
1566,689.4423169646418,34.614311663568785,8.452861004592766,5.527785970776973,6,39.67321943926959,729.1155364039114,737.5683974085042,48.126080443862406,False,True
1511,674.3995022110291,27.213111642167792,3.7017163488932328,5.048717109611358,11,55.497996939948166,729.8974991509773,733.5992154998705,59.199713288841394,False,True
1579,695.0690994479918,21.118039307674213,3.7588647884870943,3.968369853985898,19,34.965079886571175,730.034179334563,733.7930441230501,38.723944675058306,False,True
1503,671.5174892593276,33.43832622219138,29.785647227477085,6.680070176206492,3,58.79922284040936,730.316712099737,760.102359327214,88.58487006788641,False,True
1523,677.0960280089623,17.385643175943464,9.877019222298362,5.0194002108722096,3,53.220684090774625,730.316712099737,740.1937313220353,63.097703313073,False,True
1531,679.5405080129296,27.162131322442807,7.887671842384019,7.3194393986348185,11,51.345643368864785,730.8861513817944,738.7738232241785,59.23331521124885,False,True
1599,701.3466911399198,33.61824691475917,3.4703201139058097,6.151713337945185,19,29.915821260724442,731.2625124006443,734.7328325145501,33.386141374630256,False,True
1678,728.4868666986928,28.401977770459165,5.556976010709155,6.129792077927523,18,2.984183737953913,731.4710504366467,737.0280264473558,8.541159748663063,False,False
1556,687.2836062141861,25.001590300506052,7.723528419431792,7.021042722742893,16,44.22821370430415,731.5118199184902,739.235348337922,51.951742123735926,False,True
1576,693.6605491344926,24.164359715978637,27.608622930812707,5.83103740978936,16,38.07170464900719,731.7322537834998,759.3408767143125,65.68032757981985,False,True
1596,699.3045944440792,8.210622897986028,14.8466375633036,7.589063452075302,16,32.42765933942064,731.7322537834998,746.5788913468034,47.274296902724245,False,True
1616,707.2726458087013,9.669036929190238,16.824747465252315,6.911787283564377,16,24.459607974798473,731.7322537834998,748.5570012487522,41.28435544005083,False,True
1688,731.8068686316133,14.299080751091362,23.51944096329106,2.144838915927932,8,0.0,731.8068686316133,755.3263095949044,23.519440963291117,False,False
1690,732.0822565627657,20.3362103796697,29.112659635965663,3.8558304635402454,10,0.0,732.0822565627657,761.1949161987313,29.112659635965656,False,False
1689,731.8669460057771,14.383235736649773,26.51678642111526,1.395730500477277,9,0.9148162025254578,732.7817622083026,759.2985486294178,27.431602623640742,False,False
1562,688.8955364127175,23.85134373985177,10.196905707333782,5.511514679125933,2,43.89129134926134,732.7868277619789,742.9837334693127,54.08819705659516,False,True
1693,733.3583092392684,19.02133522610203,3.0993988923461586,5.416979482784543,13,0.0,733.3583092392684,736.4577081316145,3.09939889234613,False,False
1504,672.0477249680346,29.460538543050713,14.825663437803868,1.5088544171197722,4,61.4096687876704,733.457393755705,748.2830571935089,76.23533222547428,False,True
1524,677.6645440379898,8.849418802834936,10.72138165653715,7.309946029521576,4,55.79284971771517,733.457393755705,744.1787754122421,66.51423137425229,False,True
1652,721.5929910825027,32.91600961848124,14.581679077346223,4.4409594491422455,12,11.958981580845375,733.5519726633481,748.1336517406944,26.540660658191655,False,True
1551,685.9056856786138,15.112301508272473,3.3596439499699238,5.571423556780145,11,47.693529821256675,733.5992154998705,736.9588594498405,51.053173771226625,False,True
1655,722.490925289319,34.54942222285004,14.196921145986597,7.277419068797631,15,11.260620871845276,733.7515461611642,747.9484673071508,25.457542017831884,False,True
1619,708.2597954277533,15.061323529987835,28.874790153793107,3.2641108914593953,19,25.533248695296834,733.7930441230501,762.6678342768432,54.40803884908996,False,True
1639,715.5021404399461,6.63576043261954,24.48845127433546,7.055922259185928,19,18.290903683104034,733.7930441230501,758.2814953973856,42.77935495743952,False,True
1587,696.6809160795917,31.01500330457083,23.83880192151767,4.131963551143569,7,37.17813718660784,733.8590532661996,757.6978551877172,61.016939108125484,False,True
1607,703.1165322137414,18.810225799108828,7.716448946999787,4.351482807365204,7,30.742521052458187,733.8590532661996,741.5755022131993,38.45896999945796,False,True
1571,690.856698835253,27.472316409128215,8.280152408545398,1.0423892428143173,11,43.818300984559755,734.6749998198128,742.9551522283582,52.09845339310516,False,True
1659,723.111705161085,18.849617672228852,10.625764262908389,2.6780685685831522,19,11.621127353465113,734.7328325145501,745.3585967774585,22.246891616373546,False,True
1465,659.5142206596338,13.503439936588698,11.200921360929726,5.001655807693329,5,75.2266856934682,734.740906353102,745.9418277140317,86.42760705439787,False,True
1485,664.9942497398572,20.89349146764588,22.0351493426504,1.7620591190894972,5,69.7466566132448,734.740906353102,756.7760556957523,91.78180595589515,False,True
1679,728.5059547177991,21.300112617252672,26.623650437482848,4.30528570439743,19,6.246947609284689,734.7529023270838,761.3765527645667,32.870598046767554,False,True
1699,734.7807458476387,17.331137528370284,21.351109990190693,6.495989514335145,19,0.0,734.7807458476387,756.1318558378294,21.351109990190707,False,False
1700,734.8605834569194,15.598310217078403,19.653180148478107,6.318825125924813,0,0.0,734.8605834569194,754.5137636053975,19.6531801484781,False,False
1694,733.6165381203243,23.176922238237673,15.933013031669521,7.506920957125053,14,1.4966592123488454,735.1131973326732,751.0462103643426,17.42967224401832,False,False
1544,684.1471484315759,32.63508953704576,17.871686908505325,3.725545100614715,4,51.1278302584393,735.2749786900152,753.1466655985206,68.99951716694466,False,True
1698,734.7686992817229,23.05551731178551,11.44060132618812,6.1161826763479805,18,0.8311387904775529,735.5998380722004,747.0404393983886,12.271740116665683,False,False
1541,683.2701782194065,34.89583457423899,29.36315445482904,4.707525241008247,1,52.41876290521623,735.6889411246227,765.0520955794517,81.78191736004521,False,True
1636,714.5874111563625,13.295069407530638,29.89624501037128,3.3554050999915024,16,21.907207202325708,736.4946183586882,766.3908633690595,51.80345221269704,False,True
1591,698.1632065124746,14.654451832946023,27.37338812360925,2.2952854801704117,11,38.795652937365844,736.9588594498405,764.3322475734498,66.16904106097513,False,True
1637,715.2520220352491,30.680654295592113,15.784587085458849,5.331111569744284,17,21.91479797599311,737.1668200112422,752.951407096701,37.69938506145195,False,True
1582,695.6140707610552,28.357210296606837,5.532130353212204,3.284652341717203,2,41.554404845364274,737.1684756064195,742.7006059596317,47.086535198576485,False,True
1586,696.4013889467249,32.34505208198736,8.021085873448401,1.2261421000626056,6,41.167008461779346,737.5683974085042,745.5894832819527,49.18809433522779,False,True
1606,703.0445133672214,33.81342536012954,29.013756343126268,5.795166798469181,6,34.52388404128283,737.5683974085042,766.5821537516305,63.53764038440909,False,True
1708,738.3363132957788,21.19997948155373,7.239097835192288,4.175083769776089,8,0.0,738.3363132957788,745.5754111309711,7.239097835192297,False,False
1709,738.4430038715232,19.253282826167474,20.095559503105974,3.3676358752442628,9,0.0,738.4430038715232,758.5385633746291,20.09555950310596,False,False
1611,704.5735770482607,16.278944260677456,5.727663380023392,4.331500142118324,11,34.200246175917755,738.7738232241785,744.5014866042019,39.92790955594114,False,True
1713,739.2172372093956,19.62100323424274,25.71002897197081,1.3624776247819648,13,0.0,739.2172372093956,764.9272661813665,25.710028971970814,False,False
1656,722.7489410340569,17.511589128989392,7.4837483314829525,2.189019051412919,16,16.48640730386512,739.235348337922,746.719096669405,23.97015563534808,False,True
1676,727.3360086162666,6.679033204187831,29.615909180530164,2.252269844755604,16,11.899339721655451,739.235348337922,768.8512575184521,41.51524890218559,False,True
1672,726.0599002908633,28.776167964592286,23.336876011938422,3.8683634571861543,12,13.20278406204659,739.2626843529099,762.5995603648483,36.53966007398503,False,True
1631,713.8035310876572,19.835464112267516,4.236163813831833,6.028887808093383,11,25.62459574809634,739.4281268357536,743.6642906495854,29.86075956192815,False,True
1651,721.1768537382729,10.85472716361962,16.886614738859294,2.572765480534441,11,18.251273097480635,739.4281268357536,756.3147415746129,35.13788783633993,False,True
1714,739.83080727371,22.298784712505007,22.18462330515211,2.4329468135345795,14,0.0,739.83080727371,762.015430578862,22.18462330515206,False,False
1543,683.944272143684,20.224151762206837,26.509533030550188,7.800260975527975,3,56.249459178351344,740.1937313220353,766.7032643525855,82.75899220890153,False,True
1505,672.3654033442434,11.894423887090609,26.08965924392228,5.873218958847072,5,68.16459799713402,740.5300013413774,766.6196605852997,94.25425724105628,False,True
1710,738.516094361072,7.73875206266306,28.175561833289755,7.45159583394908,10,2.0174913674259187,740.5335857284979,768.7091475617876,30.193053200715667,False,False
1627,712.4406693336106,14.910964429001764,29.406001502766347,3.7447732061029484,7,28.483124342516817,740.9237936761274,770.3297951788937,57.88912584528316,False,True
1718,741.0820443475071,22.587786571492046,13.809032725212791,2.1273668659546803,18,0.0,741.0820443475071,754.8910770727199,13.809032725212774,False,False
1719,741.3936169371818,12.234219087977817,21.39582076271467,6.96332157750944,19,0.0,741.3936169371818,762.7894376998966,21.39582076271472,False,False
1647,718.7106086854061,29.340447554066362,12.432680811085133,5.644649628806595,7,22.9809347208826,741.6915434062887,754.1242242173738,35.41361553196771,False,True
1720,742.1329125807098,30.49463054363676,28.72448158150841,5.774923632310431,0,0.0,742.1329125807098,770.8573941622182,28.72448158150837,False,False
1602,702.4929249443526,30.04883586525048,27.11195759275619,6.15110578873006,2,40.20768101527915,742.7006059596317,769.8125635523879,67.31963860803535,False,True
1622,711.0149942721364,9.265960621906906,29.947059611368008,2.1193929361551667,2,31.68561168749534,742.7006059596317,772.6476655709997,61.63267129886333,False,True
1671,725.8866086143726,12.635618473575775,2.879611495161858,5.391605559410067,11,17.06854361398564,742.9551522283582,745.83476372352,19.94815510914748,False,True
1525,677.755690260697,31.594572474111448,17.944430250041506,2.4843021880465663,5,65.30423916017037,743.0599294208673,761.0043596709088,83.24866941021185,False,True
1691,732.9605500909661,28.24706051976316,11.019880897438526,5.039724511122092,11,10.703740558619302,743.6642906495854,754.6841715470239,21.7236214560578,False,True
1711,738.9297363646237,8.93392214929087,23.86142572139558,5.213273859154101,11,4.734554284961632,743.6642906495854,767.525716370981,28.595980006357195,False,False
1675,727.15904819706,28.74725654401029,8.20402859572645,4.554884705524381,15,16.8233612293933,743.9824094264533,752.1864380221797,25.027389825119712,False,True
1564,689.2848925544524,5.623954682667968,14.65339487774266,5.3636782778236505,4,54.89388285778966,744.1787754122421,758.8321702899848,69.54727773553236,False,True
1728,744.624201854074,28.323334843423897,20.08891695281968,4.550523029713785,8,0.0,744.624201854074,764.7131188068937,20.08891695281966,False,False
1729,744.7637498368528,29.02322105373047,7.257687141323303,7.933122680561007,9,0.0,744.7637498368528,752.0214369781761,7.257687141323345,False,False
1730,744.8299868263879,6.8294152617946455,2.2240992676678264,6.035141202746662,10,0.0,744.8299868263879,747.0540860940557,2.224099267667839,False,False
1561,688.8832785010064,33.74900045305408,5.009902769658901,3.5342214960954768,1,56.056652258001236,744.9399307590077,749.9498335286665,61.066555027660115,False,True
1626,711.5074548136694,29.03749427800312,27.41224034575308,6.37356440781081,6,34.038185558039004,745.5456403717084,772.9578807174614,61.45042590379205,False,True
1646,718.5229267345942,20.10162439579345,5.186147630144225,2.514469692954641,6,27.06655654735846,745.5894832819527,750.7756309120969,32.252704177502665,False,True
1657,722.9455187674649,33.984217066819376,14.597854526490362,4.428303767411123,17,22.71233370785967,745.6578524753246,760.2557070018149,37.310188234349994,False,True
1677,727.3944994513822,10.90742371694909,15.81653470129266,4.071611030684626,17,18.263353023942386,745.6578524753246,761.4743871766173,34.07988772523504,False,True
1695,733.82649717477,29.476075802298137,12.09970034088599,7.469986505936417,15,11.871813443639212,745.6983106184092,757.7980109592952,23.9715137845252,False,True
1731,744.8412208240486,33.16909456651615,20.637084072950906,2.849911924234458,11,0.9935428994714357,745.83476372352,766.4718477964709,21.630626972422306,False,False
1733,745.9003506880446,17.790650992432397,8.807403263614312,6.809045525995668,13,0.0,745.9003506880446,754.7077539516589,8.807403263614333,False,False
1734,746.2319762760999,17.497123459325316,28.679435587088562,5.5996260988411235,14,0.0,746.2319762760999,774.9114118631885,28.67943558708862,False,False
1696,733.8322420423792,28.195024979300605,25.729284368385105,7.070374410000819,16,12.746649304424182,746.5788913468034,772.3081757151886,38.47593367280933,False,True
1716,740.1001031938457,7.634255368410824,15.802634406933237,2.941675414976344,16,6.61899347555925,746.719096669405,762.5217310763383,22.421627882492544,False,True
1692,733.2201064124686,26.947971813405907,26.103488179812906,1.7665435359085202,12,14.572473752390692,747.7925801648593,773.8960683446721,40.67596193220356,False,True
1712,739.1062817142291,8.703905619019967,22.758850245960723,7.201037987263739,12,8.686298450630147,747.7925801648593,770.55143041082,31.445148696590877,False,True
1715,740.0172473723525,9.221685920970426,10.974028813508383,7.082416667874078,15,7.931219934798378,747.9484673071508,758.9224961206593,18.905248748306803,False,True
1735,746.8992161993267,32.10620417559692,21.21500028559878,2.0691752404910377,15,1.0492511078241478,747.9484673071508,769.1634675927496,22.26425139342291,False,False
1738,747.9844934746669,27.620988047127472,27.58656157296377,2.505126965260941,18,0.0,747.9844934746669,775.5710550476307,27.586561572963774,False,False
1739,748.0710528959602,19.340235284920826,19.99081564097228,1.1298842188655196,19,0.0,748.0710528959602,768.0618685369325,19.9908156409723,False,False
1732,745.7499544993537,11.83167158087268,9.601845744539705,7.337577325067258,12,2.3836972413406556,748.1336517406944,757.7354974852341,11.985542985880329,False,False
1740,748.1850710713189,19.874934799239675,16.92496656229907,2.866824303705796,0,0.0,748.1850710713189,765.110037633618,16.92496656229912,False,False
1584,695.719882025009,24.00280311944344,11.353834426751725,6.834816566418666,4,52.56317516849981,748.2830571935089,759.6368916202606,63.91700959525156,False,True
1563,688.9468647225488,30.33482369233348,3.0523899779243586,7.2917832970216905,3,60.39696772750085,749.3438324500496,752.396222427974,63.4493577054252,False,True
1642,717.302980533857,34.511067382140716,27.65627480378972,7.689626588714347,2,32.0461706974578,749.3491512313147,777.0054260351045,59.70244550124755,False,True
1748,749.8371394121191,5.7979715562456935,5.870338120271182,4.705920041784032,8,0.0,749.8371394121191,755.7074775323903,5.870338120271185,False,False
1604,702.9989798832102,19.66816494579257,25.54135286956773,3.302094908464559,4,46.87168417004648,749.8706640532566,775.4120169228244,72.41303703961421,False,True
1624,711.4252697883483,8.21356680614528,27.125218895560547,2.7521613363689132,4,38.44539426490837,749.8706640532566,776.9958829488172,65.57061316046895,False,True
1749,749.8800022416797,8.544845128878023,20.743582062049978,1.135506874356769,9,0.0,749.8800022416797,770.6235843037297,20.743582062049995,False,False
1581,695.3651477810299,32.990830829662016,24.05107291628428,1.8005528394489363,1,54.58468574763663,749.9498335286665,774.0009064449508,78.63575866392091,False,True
1750,750.3035470976934,25.15401602231143,19.28361542782666,5.681742641605408,10,0.0,750.3035470976934,769.5871625255201,19.283615427826703,False,False
1601,702.3715890531411,22.14295285927861,18.120948434290284,2.232332811887358,1,48.21570183020992,750.587290883351,768.7082393176413,66.33665026450024,False,True
1666,724.5623356540685,31.621635766022976,3.3741667343198087,7.463761232521804,6,26.213295258028324,750.7756309120969,754.1497976464167,29.587461992348153,False,True
1545,684.2985174925528,26.993603109865443,28.669131057321845,5.458846643819677,5,67.69702024022251,751.9955377327753,780.6646687900972,96.36615129754432,False,True
1583,695.6253833688226,30.098772359690344,3.717568855851382,4.752349638260469,3,56.7708390591514,752.396222427974,756.1137912838253,60.48840791500277,False,True
1697,734.3752569998019,12.644860079487206,18.692117444800562,5.413322094159819,17,18.57615009689914,752.951407096701,771.6435245415016,37.26826754169974,False,True
1644,717.5322984017312,26.93608197669392,19.313451524877486,5.204961467426546,4,35.61436719678943,753.1466655985206,772.460117123398,54.92781872166688,False,True
1753,753.3101527745429,11.564548060213589,13.497926318511544,1.831701217323436,13,0.0,753.3101527745429,766.8080790930544,13.497926318511531,False,False
1667,724.8180000650252,28.2262927857274,4.843604429329588,4.779337981320287,7,29.30622415234859,754.1242242173738,758.9678286467034,34.14982858167821,False,True
1687,731.4998427966824,10.616322025762805,12.477944218885767,2.7857553445106067,7,22.624381420691407,754.1242242173738,766.6021684362596,35.1023256395772,False,True
1754,754.1417242379638,29.103993632967878,20.26356370248801,7.599890436762695,14,0.0,754.1417242379638,774.4052879404518,20.263563702488,False,False
1686,731.2256533614504,17.162030245505704,19.95814737338266,7.916117378942403,6,22.924144284966246,754.1497976464167,774.1079450197993,42.88229165834889,False,True
1751,750.7914134142342,20.294955326588422,3.9210748961682276,2.6566063459679574,11,3.8927581327897087,754.6841715470239,758.6052464431921,7.813833028957902,False,True
1717,740.4213906026237,34.10231230185337,23.47883757816849,6.123135941462251,17,14.52991063737295,754.9513012399966,778.4301388181651,38.00874821554146,False,True
1758,755.1929081541273,13.77186526032488,19.098026549668614,6.560592245995712,18,0.0,755.1929081541273,774.2909347037959,19.09802654966859,False,False
1760,756.0791958998307,12.071457654002142,5.3162870661031585,5.724556218192971,0,0.0,756.0791958998307,761.3954829659339,5.3162870661032,False,False
1603,702.5480330953924,34.13353596409226,4.123213851392027,1.8196013504288824,3,53.56575818843294,756.1137912838253,760.2370051352174,57.68897203982499,False,True
1759,755.3353711618796,10.845238514791573,4.869856939622794,7.831303824253496,19,0.7964846759498414,756.1318558378294,761.0017127774522,5.666341615572605,False,False
1565,689.4193718339293,11.785001145530618,29.793478624931886,3.4210468638906546,5,67.35668386182306,756.7760556957523,786.5695343206843,97.150162486755,False,True
1585,696.2128874514574,12.542049033151464,10.388370046130687,7.4926980401300085,5,60.56316824429496,756.7760556957523,767.1644257418831,70.95153829042567,False,True
1768,757.5666970261353,20.746978831350177,5.25108170070998,4.116028588776045,8,0.0,757.5666970261353,762.8177787268453,5.25108170070996,False,False
1769,757.6767094311014,11.663588362328227,24.771216303278145,2.789990070639245,9,0.0,757.6767094311014,782.4479257343795,24.771216303278152,False,False
1707,737.478668188436,15.98557131184813,15.717843934089265,1.5139996980815738,7,20.21918699928119,757.6978551877172,773.4156991218065,35.937030933370465,False,True
1727,744.4808310954496,27.323675432751365,5.2511464376744,4.487121672471934,7,13.217024092267593,757.6978551877172,762.9490016253916,18.468170529941972,False,True
1752,750.8068074064636,32.58546135717896,28.788116553528198,5.487726864751084,12,6.928690078770501,757.7354974852341,786.5236140387623,35.7168066322987,False,True
1755,754.3609968526188,30.182644449909503,4.175228153285675,7.501734356403338,15,3.437014106676429,757.7980109592952,761.9732391125809,7.612242259962159,False,False
1770,758.4112374274192,6.2335442855359755,4.948966913761646,4.587120499325465,10,0.0,758.4112374274192,763.3602043411809,4.948966913761637,False,False
1747,749.7022418028836,7.4871365758303305,2.7208489683648143,2.5867025729410855,7,9.265586843819847,758.9678286467034,761.6886776150683,11.986435812184709,False,True
1771,758.9950389911326,11.671311942220925,9.984390070515655,2.2155056549460035,11,0.0,758.9950389911326,768.9794290616483,9.984390070515701,False,False
1736,747.2930898934015,31.636397644787564,19.379433819472716,4.222710183314648,16,12.047786820910915,759.3408767143125,778.7203105337852,31.427220640383666,False,True
1773,759.3413867883294,15.986266592555793,10.219394944343415,4.432348429092739,13,0.0,759.3413867883294,769.5607817326728,10.219394944343435,False,False
1664,724.3940281395628,32.690025154318235,29.937787773308386,2.6979269168249274,4,35.24286348069779,759.6368916202606,789.574679393569,65.1806512540062,False,True
1774,759.7320792454217,8.506905156058654,15.428279751268272,6.531010492783825,14,0.0,759.7320792454217,775.16035899669,15.428279751268292,False,False
1775,759.7980098640263,34.03602641619432,28.28951702319895,5.563309914160206,15,0.0,759.7980098640263,788.0875268872253,28.289517023198982,False,False
1623,711.3516072829507,23.62462607146348,18.98114094324528,3.2487135110048593,3,48.75075204426332,760.102359327214,779.0835002704592,67.73189298750856,False,True
1643,717.3078795406244,32.04627137582054,4.505428152531714,4.160041584758785,3,42.92912559459296,760.2370051352174,764.7424332877491,47.43455374712471,False,True
1663,724.2105753814665,7.482028078154002,11.966784904197972,5.268495701002179,3,36.026429753750904,760.2370051352174,772.2037900394154,47.9932146579489,False,True
1737,747.405699104108,29.317538175829256,15.742995724732495,1.2976698306262193,17,12.850007897706973,760.2557070018149,775.9987027265474,28.593003622439483,False,True
1605,703.0052254692991,23.67627454582283,10.226688687890245,7.045706988149784,5,57.99913420160965,761.0043596709088,771.2310483587991,68.22582288949991,False,True
1757,754.892078504104,18.51234139013953,28.094509246092283,6.787262450011278,17,6.58230867251325,761.4743871766173,789.5688964227095,34.67681791860548,False,False
1778,762.4911783728223,22.927299731098568,26.860946487314305,1.8247289637861475,18,0.0,762.4911783728223,789.3521248601367,26.860946487314322,False,False
1772,759.2251940456604,6.0965400619876196,26.497789336398043,1.7700534803462586,12,3.3743663191879705,762.5995603648483,789.0973497012463,29.87215565558597,False,True
1767,757.2371873400828,32.72704308171303,23.209631140965254,3.8207039147940494,7,5.711814285308833,762.9490016253916,786.1586327663568,28.92144542627409,False,True
1779,763.1955410443878,29.87513071767071,9.726655962425387,7.124383621704722,19,0.0,763.1955410443878,772.9221970068132,9.726655962425411,False,False
1780,763.2329209725721,27.176626706572712,6.402398073361514,6.042649071938085,0,0.0,763.2329209725721,769.6353190459336,6.402398073361496,False,False
1683,730.5837156401105,22.699371909686462,19.110383369520335,5.344935765388135,3,34.15871764763858,764.7424332877491,783.8528166572695,53.26910101715896,False,True
1621,709.8389402876853,18.94545745711421,8.242367649511818,1.1884553899035717,1,55.213155291766384,765.0520955794517,773.2944632289635,63.45552294127822,False,True
1756,754.428905400064,29.517873074238132,16.44189154137821,1.4168491227629676,16,11.961957968995534,766.3908633690595,782.8327549104378,28.40384951037379,False,True
1788,766.4255788073082,26.124400642945748,15.861717266869864,5.478715085827522,8,0.0,766.4255788073082,782.287296074178,15.861717266869846,False,False
1706,737.0744995292425,27.7877610725555,9.83955141022306,4.362665309156981,6,29.50765422238794,766.5821537516305,776.4217051618535,39.34720563261101,False,True
1787,766.3749849269244,28.785555693981475,24.599457326655337,1.2528985058592768,7,0.22718350933519105,766.6021684362596,791.2016257629149,24.826640835990474,False,False
1703,736.48378594114,26.055367400326503,29.14853383851331,1.9145999490540573,3,30.219478411445493,766.7032643525855,795.8517981910989,59.36801224995884,False,True
1723,743.2463218681481,7.231934819393592,23.613870673159976,3.833069788585747,3,23.456942484437377,766.7032643525855,790.3171350257455,47.0708131575974,False,True
1789,766.7351024551529,22.726313889446736,22.36706816411941,6.381160051369817,9,0.0,766.7351024551529,789.1021706192722,22.36706816411936,False,False
1790,766.9465323064151,28.215208845408092,18.929435304045025,7.917269677020538,10,0.0,766.9465323064151,785.8759676104601,18.929435304045,False,False
1625,711.4920548746938,34.518057710298635,25.333773984144663,1.8136011911791012,5,55.672370867189215,767.1644257418831,792.4981997260277,81.00614485133383,False,True
1791,767.2961915448602,26.99073330272248,12.755603439161364,6.289993256327269,11,0.0,767.2961915448602,780.0517949840216,12.755603439161405,False,False
1792,767.9550602950702,16.475950391021,6.478245454554301,7.909317903206146,12,0.0,767.9550602950702,774.4333057496245,6.478245454554326,False,False
1793,768.2756517491104,27.93765008521337,18.85259792945242,6.057858439150849,13,0.0,768.2756517491104,787.1282496785627,18.852597929452372,False,False
1794,768.5137083596424,11.097191956017703,23.52484128610154,6.280452324728629,14,0.0,768.5137083596424,792.0385496457438,23.52484128610149,False,False
1795,768.6094247042905,29.154523740758304,14.295589453908455,5.855630159403569,15,0.0,768.6094247042905,782.9050141581989,14.295589453908406,False,False
1641,716.4560689807736,34.30424363540783,18.255513396471144,2.8316417567061567,1,52.25217033686772,768.7082393176413,786.9637527141124,70.50768373333881,False,True
1798,769.1894709975728,14.356594624851919,19.5691243152227,7.607822863720327,18,0.0,769.1894709975728,788.7585953127955,19.569124315222666,False,False
1799,769.3785465751656,23.455824218472106,3.4659026906698753,4.003520277929423,19,0.0,769.3785465751656,772.8444492658355,3.46590269066985,False,False
1800,769.6080392870284,15.577461378906678,23.81196749715565,5.348369730987111,0,0.0,769.6080392870284,793.4200067841841,23.811967497155706,False,False
1662,723.9131575213498,32.64939412112135,5.159785717938631,7.787001420477206,2,45.8994060310381,769.8125635523879,774.9723492703265,51.05919174897667,False,True
1645,717.8883720933734,23.245251941217884,15.569768062268242,6.553464246537485,5,53.342676265425666,771.2310483587991,786.8008164210673,68.91244432769395,False,True
1776,760.1418467039556,29.97596455368722,21.162694025385292,3.0269351990499764,16,12.16632901123296,772.3081757151886,793.4708697405738,33.329023036618196,False,True
1807,772.4075389989281,11.872779959387127,6.453805664343368,6.643020083422323,7,0.0,772.4075389989281,778.8613446632714,6.453805664343349,False,False
1684,730.5877592712948,31.86251060158781,21.47405553031022,1.7932204559064693,4,41.87235785210328,772.460117123398,793.9341726537083,63.346413382413516,False,True
1682,728.7441789660865,29.965807549681653,10.161495770541123,7.7149472850234275,2,43.90348660491327,772.6476655709997,782.8091613415409,54.064982375454406,False,True
1726,743.9969546014455,30.029204032608362,21.891905837439445,2.0155304039669684,6,28.960926116015912,772.9578807174614,794.8497865549009,50.85283195345539,False,True
1746,749.4104850497589,22.035355799522485,7.679740446987937,5.40001677743189,6,23.547395667702517,772.9578807174614,780.6376211644493,31.22713611469044,False,True
1808,772.9983710340612,15.152828282154662,16.562763939932534,6.625472385780289,8,0.0,772.9983710340612,789.5611349739937,16.56276393993255,False,False
1661,723.6136239378764,29.650047489164567,14.059961316539137,3.2467717420585926,1,49.68083929108718,773.2944632289635,787.3544245455026,63.740800607626284,False,True
1809,773.7885937101887,20.64518248094828,26.557587660731684,4.223149168829844,9,0.0,773.7885937101887,800.3461813709204,26.557587660731656,False,False
1810,773.8962446636043,27.10728377411978,21.823689490626414,5.770702675029358,10,0.0,773.8962446636043,795.7199341542307,21.823689490626407,False,False
1681,728.6071665008795,17.28831618511259,17.09588066443943,7.759401581328292,1,45.393739944071285,774.0009064449508,791.0967871093902,62.48962060851068,False,True
1701,736.2340061729799,6.195832500438694,22.297823340880548,3.176359870744904,1,37.76690027197094,774.0009064449508,796.2987297858314,60.06472361285148,False,True
1721,742.4189491307911,8.254571077111908,3.2749579839832714,7.639910008098093,1,31.581957314159695,774.0009064449508,777.2758644289341,34.85691529814301,False,True
1811,774.0520018733203,27.263667561563146,15.991159694201185,4.6693033278999305,11,0.0,774.0520018733203,790.0431615675215,15.991159694201201,False,False
1812,774.0686900824783,32.33020722689479,10.834793429696525,3.7571615443079964,12,0.0,774.0686900824783,784.9034835121748,10.83479342969656,False,False
1766,757.0484859508024,13.633177395627019,9.755254127427184,2.2394916672199887,6,17.059459068996944,774.1079450197993,783.8631991472265,26.814713196424123,False,True
1786,766.1507572459574,5.443952176542357,29.8005665902462,5.4900640956820626,6,7.957187773841952,774.1079450197993,803.9085116100455,37.7577543640881,False,True
1813,774.1930902730959,23.55093626898508,29.274899921296708,1.5543847243831115,13,0.0,774.1930902730959,803.4679901943925,29.27489992129665,False,False
1814,774.5232980300991,19.482567926382156,12.683011638232585,5.965082719999855,14,0.0,774.5232980300991,787.2063096683316,12.683011638232529,False,False
1702,736.2354838094132,10.87547723708118,3.349943175001493,7.623030430798206,2,38.73686546091335,774.9723492703265,778.322292445328,42.08680863591485,False,True
1815,775.1573715799304,33.075508874020834,8.836406831920838,6.258260965955795,15,0.0,775.1573715799304,783.9937784118513,8.83640683192084,False,False
1704,736.5487884184496,25.114514527104195,19.3224090867674,2.524159075646522,4,38.863228504374774,775.4120169228244,794.7344260095917,58.185637591142154,False,True
1777,761.2577366556112,18.156417348135456,5.296878301793426,7.311014796246567,17,14.740966070936224,775.9987027265474,781.2955810283408,20.037844372729637,False,True
1806,771.4504835890056,12.595368378764542,2.1078874154469256,3.921584807604323,6,4.9712215728479805,776.4217051618535,778.5295925773005,7.079108988294934,False,True
1818,776.7356978229927,12.591731834459434,2.4057237574541808,4.565993192207071,18,0.0,776.7356978229927,779.141421580447,2.4057237574542114,False,False
1819,776.8637013731433,25.21464783445363,7.247206290314573,1.0416720097441654,19,0.0,776.8637013731433,784.1109076634579,7.24720629031458,False,False
1722,742.9761216379931,24.722565357473545,27.52652421855607,7.294927306403917,2,34.029304397111446,777.0054260351045,804.5319502536606,61.555828615667565,False,True
1742,748.4808941021196,15.66304647667581,8.27031520124312,4.577126331342588,2,28.524531932984928,777.0054260351045,785.2757412363476,36.79484713422801,False,True
1820,777.095280983996,15.252472301194558,19.850314746617084,3.592621760109713,0,0.0,777.095280983996,796.945595730613,19.850314746617073,False,False
1797,768.9228029050112,31.21880899550599,18.490579103824235,6.309315430341383,17,9.507335913153952,778.4301388181651,796.9207179219893,27.99791501697814,False,True
1817,775.6875387150761,21.885171699803305,12.034028009117831,7.129027222277553,17,2.7426001030889893,778.4301388181651,790.464166827283,14.776628112206822,False,False
1796,768.7293806850382,28.525929212506384,18.938612684809677,2.911670718479724,16,9.990929848746987,778.7203105337852,797.6589232185949,28.929542533556628,False,True
1816,775.3371178941354,5.20367670140285,9.688455040585588,4.687983551079686,16,3.383192639649792,778.7203105337852,788.4087655743708,13.071647680235401,False,False
1743,748.6277016180431,29.16904840481545,3.0366614675433836,2.0541760859739555,3,30.455798652416092,779.0835002704592,782.1201617380026,33.492460119959446,False,True
1826,780.075451995883,16.13653982515975,14.805423869613314,6.031013977306575,6,0.0,780.075451995883,794.8808758654963,14.805423869613264,False,False
1827,780.590337834317,9.762788717275154,29.786597593805354,4.000820208583415,7,0.0,780.590337834317,810.3769354281224,29.786597593805368,False,False
1665,724.4648684498717,9.431259918121821,13.895163487861112,2.647943976465382,5,56.199800340225465,780.6646687900972,794.5598322779583,70.09496382808663,False,True
1828,780.7321747737341,7.334652123120453,16.633354461719918,2.3978240012777,8,0.0,780.7321747737341,797.365529235454,16.633354461719932,False,False
1829,780.9370651661112,19.870884887003363,5.887219108773444,2.5641558937914732,9,0.0,780.9370651661112,786.8242842748847,5.887219108773479,False,False
1830,781.476345348256,32.1709985041831,6.7730253205163,1.68411128444473,10,0.0,781.476345348256,788.2493706687724,6.7730253205163535,False,False
1831,781.8299150372947,26.31964333404653,13.053881294981188,4.74490298118497,11,0.0,781.8299150372947,794.8837963322759,13.053881294981238,False,False
1763,756.4961261863788,24.912824423388898,21.006188129703933,2.483006130307669,3,25.62403555162382,782.1201617380026,803.1263498677065,46.63022368132772,False,True
1783,765.7626181279296,17.43254138294337,3.194723195625289,7.164116186887591,3,16.35754361007298,782.1201617380026,785.3148849336279,19.55226680569831,False,True
1832,782.233876270544,25.601407812677927,3.2592425334709882,1.009931455357917,12,0.0,782.233876270544,785.493118804015,3.259242533471024,False,False
1833,782.2472129471561,22.10587144429165,21.072457626083768,3.9451686783127884,13,0.0,782.2472129471561,803.3196705732398,21.072457626083747,False,False
1762,756.386095018448,32.4252215944593,3.564546159853538,2.9797330581766257,2,26.423066323092826,782.8091613415409,786.3737075013944,29.98761248294636,False,True
1782,764.813304904569,23.186071301056003,13.806140372756378,2.3653595474952303,2,17.99585643697185,782.8091613415409,796.6153017142973,31.80199680972828,False,True
1834,783.3196038752874,15.813830902109448,27.554283457339665,4.659337014338658,14,0.0,783.3196038752874,810.8738873326271,27.554283457339693,False,False
1835,783.6194938198105,18.35314634994496,2.8109854842062876,3.8340254302912755,15,0.0,783.6194938198105,786.4304793040168,2.8109854842062987,False,False
1836,783.8038851981615,32.50318222172639,19.654321718863102,2.52319044913624,16,0.0,783.8038851981615,803.4582069170247,19.654321718863116,False,False
1837,783.8142936967438,5.661898629965874,27.644121446807482,5.7262883550638985,17,0.0,783.8142936967438,811.4584151435513,27.644121446807503,False,False
1803,770.9077416145158,21.840549015611277,7.7564444364525365,7.421959635971007,3,12.945075042753729,783.8528166572695,791.609261093722,20.70151947920624,False,True
1838,784.1964207862376,16.873696826356834,11.550507529223484,4.679007721362565,18,0.0,784.1964207862376,795.7469283154611,11.550507529223523,False,False
1839,784.4258208302011,30.41192806822297,14.509125919718096,6.073086500783206,19,0.0,784.4258208302011,798.9349467499193,14.509125919718144,False,False
1840,784.7475094354801,12.86486155087536,5.3289645277451205,1.686071122769203,0,0.0,784.7475094354801,790.0764739632252,5.328964527745143,False,False
1802,770.6530033635715,5.521487032919267,27.819332398423875,4.894233189587211,2,14.622737872776042,785.2757412363476,813.0950736347714,42.442070271199896,False,True
1822,778.5397636420263,19.092737524558373,2.8165847806324176,6.528821921744985,2,7.833943859368105,786.3737075013944,789.1902922820268,10.650528640000516,False,True
1842,785.7479800445793,23.078415854874493,20.131958469012474,2.9367789525980306,2,0.6257274568150706,786.3737075013944,806.5056659704069,20.75768592582756,False,False
1685,730.5981019015207,29.207569401827197,22.246408776821077,5.470572322940065,5,55.971432419163534,786.5695343206843,808.8159430975054,78.21784119598465,False,True
1705,736.5611456532464,14.977246977576144,22.688294026501588,5.297308471486889,5,50.23967076782094,786.8008164210673,809.4891104475689,72.92796479432252,False,True
1741,748.3912646005089,13.104854861993836,24.70762073499379,7.459765730801355,1,38.57248811360353,786.9637527141124,811.6713734491062,63.280108848597365,False,True
1761,756.3102731021344,7.237219331122561,24.52300405414656,1.9656953457518322,1,30.653479611978014,786.9637527141124,811.4867567682589,55.17648366612457,False,True
1781,764.8115976341657,27.453637009621485,26.371177842919703,2.165435187443535,1,22.542826911336988,787.3544245455026,813.7256023884223,48.914004754256666,False,True
1801,770.5438882904335,20.78623893497049,25.20629591704054,4.815114534663729,1,16.81053625506911,787.3544245455026,812.5607204625431,42.016832172109616,False,True
1846,788.0141637869963,34.53848069998682,25.788435896585987,7.703226102810598,6,0.0,788.0141637869963,813.8025996835822,25.788435896585952,False,False
1847,788.0353393941914,22.195536611907603,12.418573642648536,3.435051015672824,7,0.0,788.0353393941914,800.4539130368399,12.41857364264854,False,False
1848,788.0370899383504,16.363956589565305,27.93355923147669,6.061165973354561,8,0.0,788.0370899383504,815.9706491698271,27.933559231476693,False,False
1849,788.0877682156544,27.0358883324813,13.376935538946526,1.415734273312423,9,0.0,788.0877682156544,801.4647037546009,13.376935538946555,False,False
1850,788.121478917003,30.610983887943455,25.528233805297415,3.012282498099478,10,0.0,788.121478917003,813.6497127223004,25.52823380529742,False,False
1851,788.5583074123905,7.431534592561634,3.6013422194140325,3.3363854434048426,11,0.0,788.5583074123905,792.1596496318045,3.6013422194140503,False,False
1852,788.649947519439,33.40626892970508,26.513339311599573,1.8695802878264343,12,0.0,788.649947519439,815.1632868310386,26.513339311599566,False,False
1853,788.7092755819245,33.77334282298904,11.967372578927716,1.6868219884255404,13,0.0,788.7092755819245,800.6766481608522,11.967372578927666,False,False
1854,788.889910471352,13.666631245287503,24.444530976522394,6.262954236586296,14,0.0,788.889910471352,813.3344414478744,24.4445309765224,False,False
1855,789.3125356191042,9.232115156200763,5.535425822481268,6.129026362252265,15,0.0,789.3125356191042,794.8479614415854,5.535425822481216,False,False
1724,743.5914598026231,17.910923490185105,3.7361496013012334,1.0039049635309096,4,45.98321959094585,789.574679393569,793.3108289948702,49.719369192247086,False,True
1744,749.2478733499953,8.363467335097466,17.297903478046656,5.111921356779308,4,40.3268060435737,789.574679393569,806.8725828716157,57.62470952162039,False,True
1764,756.4987707627807,5.012836550818269,27.351024033925967,5.351659866554297,4,33.07590863078826,789.574679393569,816.9257034274949,60.42693266471417,False,True
1823,778.639973055895,19.990841407875607,28.923104951603097,2.9924714615884533,3,11.677161969850545,790.3171350257455,819.2402399773487,40.60026692145368,False,True
1857,790.88124656134,14.915991137838462,26.02277853546552,5.8879002009737835,17,0.0,790.88124656134,816.9040250968055,26.022778535465477,False,False
1858,790.8912863353573,28.423110023126863,18.134291032175433,7.744067329356168,18,0.0,790.8912863353573,809.0255773675327,18.134291032175383,False,False
1859,791.0946572915813,14.363871736784459,8.12880613248575,6.707694973949911,19,0.0,791.0946572915813,799.223463424067,8.128806132485693,False,False
1821,777.3658730594917,19.093026263420207,8.693868790611472,1.257654937171874,1,13.730914049898502,791.0967871093902,799.7906559000016,22.42478284050992,False,True
1860,791.3975195953108,20.93847453307871,25.72123464588077,5.088565262362638,0,0.0,791.3975195953108,817.1187542411915,25.721234645880713,False,False
1843,786.1648046282855,21.321434326196098,4.866627413520678,7.750366036400586,3,5.444456465436474,791.609261093722,796.4758885072426,10.311083878957106,False,False
1725,743.8299605196222,18.735333690317507,25.268159493699997,7.593153139141066,5,48.668239206405474,792.4981997260277,817.7663592197276,73.93639870010543,False,True
1745,749.3365269284855,26.634341818657003,8.783871582116634,7.636717856628294,5,43.161672797542224,792.4981997260277,801.2820713081443,51.94554437965883,False,True
1784,765.9663003246947,13.7083648680488,25.93252737747599,1.8532526134371041,4,27.344528670175578,793.3108289948702,819.2433563723462,53.27705604765151,False,True
1856,789.9168468696937,33.39323639914876,13.421742159982255,7.144845027325082,16,3.5540228708800896,793.4708697405738,806.8926119005561,16.975765030862362,False,False
1804,770.926990031873,24.18897577603734,4.528948897749644,4.038133130274726,4,23.00718262183534,793.9341726537083,798.4631215514579,27.536131519584956,False,True
1824,778.811073477337,5.19807361338437,16.854598786328232,2.674703155743294,4,15.123099176371284,793.9341726537083,810.7887714400365,31.977697962699494,False,True
1844,786.2073180229058,18.30457191087467,8.215117403169312,4.433155152024547,4,7.72685463080245,793.9341726537083,802.1492900568776,15.941972033971751,False,True
1867,794.0241176941124,30.886381063203142,22.848650327772447,6.829748500663399,7,0.0,794.0241176941124,816.8727680218849,22.848650327772475,False,False
1868,794.5686945451515,10.221146963448541,3.22099252628565,2.1002952683179283,8,0.0,794.5686945451515,797.7896870714371,3.220992526285613,False,False
1869,794.6001891601367,15.6707286471536,20.90465626687581,6.551511894209053,9,0.0,794.6001891601367,815.5048454270125,20.904656266875804,False,False
1870,794.7204555498611,27.78116978475225,12.95314327434967,2.7599931653785093,10,0.0,794.7204555498611,807.6735988242108,12.953143274349713,False,False
1864,793.1990719862129,23.57562642057198,5.142706317706045,6.031132213294756,4,1.5353540233788863,794.7344260095917,799.8771323272978,6.678060341084915,False,False
1866,793.930413501852,30.509148799297652,24.42300051692616,6.311266759778133,6,0.9193730530489574,794.8497865549009,819.2727870718271,25.342373569975166,False,False
1871,794.9409154492166,9.715364090071771,23.66588871558087,4.763291815142253,11,0.0,794.9409154492166,818.6068041647975,23.665888715580877,False,False
1872,795.2318210967595,26.555457030799758,7.8198381939500035,5.07076610361693,12,0.0,795.2318210967595,803.0516592907095,7.819838193949977,False,False
1873,795.5414204335381,6.177743645669883,18.38394742381204,3.8087315536789745,13,0.0,795.5414204335381,813.9253678573501,18.38394742381206,False,False
1874,795.5639846809078,31.2878545245337,5.64732645351334,7.423359824567821,14,0.0,795.5639846809078,801.2113111344211,5.647326453513301,False,False
1875,795.8077851778202,28.05645821018762,25.178979189998092,5.9417683621855755,15,0.0,795.8077851778202,820.9867643678183,25.17897918999813,False,False
1863,792.4127964376815,29.72191156421206,22.255113231427735,7.276309562988237,3,3.439001753417301,795.8517981910989,818.1069114225265,25.694114984844987,False,False
1877,795.994971600733,25.70726573958958,5.842756805352906,2.2947728988663076,17,0.0,795.994971600733,801.837728406086,5.842756805352906,False,False
1862,792.3845972953612,25.75024810130371,28.66487899599432,3.7249905090208792,2,4.230704418936057,796.6153017142973,825.2801807102916,32.89558341493034,False,True
1878,796.6831891984112,19.71123005436063,14.711251014784064,4.067491560274534,18,0.0,796.6831891984112,811.3944402131953,14.711251014784011,False,False
1879,797.3256542629691,33.321910522577525,3.2383110246782234,5.760090603523263,19,0.0,797.3256542629691,800.5639652876473,3.2383110246781825,False,False
1876,795.9886539299183,31.768500958636764,5.701483109148139,7.7254752041543355,16,1.6702692886765362,797.6589232185949,803.360406327743,7.371752397824707,False,False
1880,798.2203924976809,33.18925902025401,12.030206905648368,3.5541792898321507,0,0.0,798.2203924976809,810.2505994033293,12.030206905648356,False,False
1882,798.9939785092474,5.254854145057525,20.919693792772055,4.5055960654271665,2,0.0,798.9939785092474,819.9136723020194,20.919693792772023,False,False
1883,799.1300396198943,8.697683525018352,2.646973090914058,4.109731442617714,3,0.0,799.1300396198943,801.7770127108083,2.6469730909140026,False,False
1884,799.2855095119454,15.61051329551628,16.572167099591944,5.028513659307396,4,0.0,799.2855095119454,815.8576766115374,16.57216709959198,False,False
1841,785.6643088374657,29.72325023620825,22.235553215585544,2.1218009279539243,1,14.126347062535956,799.7906559000016,822.0262091155872,36.36190027812154,False,True
1886,800.3509983123665,6.378330919819345,24.1426743923967,2.52006847725334,6,0.0,800.3509983123665,824.4936727047632,24.142674392396657,False,False
1887,800.6362030855355,32.07206794952838,11.002765357363018,7.878638849873473,7,0.0,800.6362030855355,811.6389684428985,11.002765357363046,False,False
1888,800.8632139135808,34.742662746010325,27.91086391506431,1.968928728299454,8,0.0,800.8632139135808,828.7740778286451,27.910863915064283,False,False
1889,800.8726604678335,11.040133955562254,10.126652190130846,6.863388522426472,9,0.0,800.8726604678335,810.9993126579643,10.126652190130812,False,False
1890,801.1106461016094,31.87946937893052,10.461395378500795,2.093731217399644,10,0.0,801.1106461016094,811.5720414801102,10.46139537850081,False,False
1891,801.2414669255695,6.790900539151112,8.651484191244325,3.2348544217779454,11,0.0,801.2414669255695,809.8929511168138,8.651484191244322,False,False
1765,756.5054964251946,29.527845934356545,24.70910868173727,7.491657481499943,5,44.77657488294972,801.2820713081443,825.9911799898815,69.48568356468695,False,True
1892,801.7218388768695,8.580599256564518,2.0082018110975586,3.5143983865205373,12,0.0,801.7218388768695,803.7300406879671,2.0082018110975923,False,False
1893,801.9395966617957,20.575667050669438,29.4354060516773,4.1123245091802145,13,0.0,801.9395966617957,831.375002713473,29.43540605167732,False,False
1894,802.5508490901436,31.48879029944722,22.42077554584981,7.706924225192868,14,0.0,802.5508490901436,824.9716246359934,22.42077554584978,False,False
1895,803.0249032450986,25.42828218572781,18.925543455456772,3.3357046476078303,15,0.0,803.0249032450986,821.9504467005554,18.92554345545682,False,False
1896,803.5851207705499,31.099323880772143,2.5055194699269916,1.0210657686984088,16,0.0,803.5851207705499,806.0906402404769,2.5055194699269805,False,False
1897,803.6102968363354,10.31305688070631,29.587968299412108,6.910555020949757,17,0.0,803.6102968363354,833.1982651357474,29.58796829941207,False,False
1898,803.9465339329814,14.022530334500553,16.055107353967266,1.0958621819482504,18,0.0,803.9465339329814,820.0016412869487,16.055107353967287,False,False
1899,804.0540193222686,21.9632786054386,7.53374390432562,5.180753715240032,19,0.0,804.0540193222686,811.5877632265942,7.533743904325661,False,False
1900,804.2300352251406,20.959659132365818,14.533209986832233,6.94954435534634,0,0.0,804.2300352251406,818.7632452119728,14.533209986832276,False,False
1902,805.0435095821709,14.762295808930482,6.696502508493036,3.847254313330979,2,0.0,805.0435095821709,811.740012090664,6.69650250849304,False,False
1903,805.5253714166577,34.3924087988602,28.9990187479883,1.1567145627524769,3,0.0,805.5253714166577,834.524390164646,28.999018747988316,False,False
1904,805.6725994606674,5.246689208316524,18.246247587661017,7.025590472533227,4,0.0,805.6725994606674,823.9188470483284,18.24624758766106,False,False
1906,806.421056461117,26.084941186535296,29.182006354819507,4.6751572536808546,6,0.0,806.421056461117,835.6030628159365,29.182006354819464,False,False
1907,806.6273754676191,11.245316911105842,28.119562943899055,1.1090604238940993,7,0.0,806.6273754676191,834.7469384115182,28.11956294389904,False,False
1908,806.8458622796093,33.83512459173741,11.274029355917135,7.481487471316011,8,0.0,806.8458622796093,818.1198916355264,11.27402935591715,False,False
1909,807.7400512811171,28.4809247648237,7.855702781105161,2.154138942911409,9,0.0,807.7400512811171,815.5957540622222,7.855702781105151,False,False
1910,808.50155610484,10.12634177277413,27.129055905633596,2.970717575354562,10,0.0,808.50155610484,835.6306120104736,27.12905590563355,False,False
1785,766.1194361676769,15.595096404938896,2.0853090831840486,4.353621385310467,5,42.6965069298285,808.8159430975054,810.9012521806894,44.78181601301253,False,True
1911,808.8457428870845,7.076448187523528,11.244276934528868,2.4450366545756825,11,0.0,808.8457428870845,820.0900198216134,11.244276934528898,False,False
1912,809.2122270807911,30.716450714620265,25.68393975507376,4.327557848395555,12,0.0,809.2122270807911,834.8961668358648,25.683939755073766,False,False
1805,771.4065011359419,23.00113840499449,18.156233276158478,1.03695314668983,5,38.08260931162704,809.4891104475689,827.6453437237274,56.238842587785484,False,True
1913,809.9392732681371,29.851790722127443,13.20189297554571,2.917922627120986,13,0.0,809.9392732681371,823.1411662436827,13.201892975545661,False,False
1914,809.991743187822,15.612945986754124,3.692285979388462,1.5244485821835498,14,0.0,809.991743187822,813.6840291672104,3.69228597938843,False,False
1915,809.9941691538289,24.211621377913318,7.499931797300103,3.6445297514695225,15,0.0,809.9941691538289,817.494100951129,7.499931797300064,False,False
1916,810.1864336498724,11.271767446405827,29.884869977691455,5.178732605271509,16,0.0,810.1864336498724,840.0713036275638,29.884869977691437,False,False
1917,810.7565524182259,7.021183730773619,24.852652688949817,1.0286745866952063,17,0.0,810.7565524182259,835.6092051071756,24.852652688949775,False,False
1918,810.9109256309799,15.447339356432973,20.224821138361335,4.831284571136796,18,0.0,810.9109256309799,831.1357467693413,20.224821138361335,False,False
1919,810.9282659142686,13.841981062962407,21.88081517522302,1.1630801424529824,19,0.0,810.9282659142686,832.8090810894917,21.880815175223006,False,False
1920,811.268208601658,27.022598821953675,9.296281753683608,4.788179185144948,0,0.0,811.268208601658,820.5644903553416,9.296281753683616,False,False
1861,792.3470071475388,12.804659330898938,10.322580897492264,7.435126322612181,1,19.324366301567466,811.6713734491062,821.9939543465985,29.646947199059696,False,True
1881,798.7740988730937,6.3689534430672765,17.140514925725217,2.507370793645272,1,12.897274576012478,811.6713734491062,828.8118883748315,30.037789501737734,False,True
1922,812.045175138303,27.85729695743256,15.512451970907964,4.617697813493784,2,0.0,812.045175138303,827.5576271092109,15.512451970907932,False,False
1901,804.9682848486124,9.722316065420745,9.751845782092296,4.5795954374299335,1,7.592435613930775,812.5607204625431,822.3125662446355,17.34428139602312,False,True
1924,812.90279572674,13.25764250756997,18.34667185622717,4.656748740843113,4,0.0,812.90279572674,831.2494675829672,18.346671856227204,False,False
1921,811.7091277099628,17.76645515284371,8.767729847130502,1.311094113741678,1,2.016474678459531,813.7256023884223,822.4933322355528,10.784204525589985,False,True
1927,813.7324706755276,27.761933019563195,25.4013908399789,3.6425740730432943,7,0.0,813.7324706755276,839.1338615155065,25.401390839978944,False,False
1926,813.6717834501637,10.939813963876212,8.219007460307349,7.220769584091681,6,0.1308162334184999,813.8025996835822,822.0216071438896,8.349823693725853,False,False
1929,815.088277258287,21.83503019630496,4.970868324103876,2.4392121407437646,9,0.0,815.088277258287,820.0591455823909,4.97086832410389,False,False
1930,815.1080619337694,23.301102790332408,2.9563975246808507,1.8114658788196598,10,0.0,815.1080619337694,818.0644594584502,2.956397524680824,False,False
1931,816.1387527776305,33.02222468989852,11.669488913319313,5.23281694719352,11,0.0,816.1387527776305,827.8082416909499,11.669488913319356,False,False
1932,816.2253604075111,30.867644988713923,9.198853379064765,5.282505297399413,12,0.0,816.2253604075111,825.4242137865758,9.198853379064758,False,False
1933,816.5201805622065,23.467140552785413,23.044345608289017,5.922109336991248,13,0.0,816.5201805622065,839.5645261704956,23.044345608289063,False,False
1934,817.2827285310507,10.24515601871931,10.434504226835404,3.121087994055901,14,0.0,817.2827285310507,827.7172327578861,10.434504226835429,False,False
1935,817.4399369551575,12.872918200128685,28.403793852239264,2.717880987395429,15,0.0,817.4399369551575,845.8437308073967,28.403793852239232,False,False
1825,779.921665784208,29.916569031783503,23.18104047449006,3.3627711249182157,5,37.844693435519616,817.7663592197276,840.9473996942177,61.02573391000965,False,True
1845,787.8954827600322,6.225737105302893,19.634156624634496,6.458984404100365,5,29.87087645969541,817.7663592197276,837.4005158443621,49.50503308432985,False,True
1936,817.9846025093398,5.9251027193722265,24.65970325038305,6.988372930439646,16,0.0,817.9846025093398,842.6443057597228,24.659703250383018,False,False
1923,812.4014318621184,22.982115385342162,9.900472467229967,1.2569791766575729,3,5.705479560408094,818.1069114225265,828.0073838897565,15.605952027638068,False,True
1928,814.1747743198554,34.786102050021626,9.732886782940806,4.06867887724404,8,3.945117315671041,818.1198916355264,827.8527784184672,13.678004098611837,False,False
1937,818.1952042456315,34.8400845988063,14.833849050650961,1.8365739540423627,17,0.0,818.1952042456315,833.0290532962825,14.833849050650997,False,False
1938,818.6099489116765,5.725418886730532,14.97046133106947,7.428326577394863,18,0.0,818.6099489116765,833.580410242746,14.970461331069487,False,False
1939,818.6321828007142,26.113693561092106,22.940451406377164,4.913106786387213,19,0.0,818.6321828007142,841.5726342070914,22.94045140637718,False,False
1940,818.6832524110655,27.118333789355905,18.789205842987684,3.9578236389648596,0,0.0,818.6832524110655,837.4724582540532,18.789205842987712,False,False
1941,818.8563572404182,19.49974739803866,16.565582343186122,5.138973465134058,1,0.0,818.8563572404182,835.4219395836044,16.56558234318618,False,False
1942,819.2432619521304,9.290153432610175,8.468914752327645,7.132595037085074,2,0.0,819.2432619521304,827.7121767044581,8.468914752327692,False,False
1943,820.2207178384144,15.265015254338842,2.450691124623098,6.746068694247607,3,0.0,820.2207178384144,822.6714089630375,2.450691124623063,False,False
1944,820.2255853418421,28.597790499988278,4.506192153048991,5.789837799186637,4,0.0,820.2255853418421,824.7317774948912,4.506192153049028,False,False
1946,820.3282318769864,9.705256636333662,8.193695368813703,2.4353076039630963,6,0.0,820.3282318769864,828.5219272458,8.193695368813678,False,False
1947,820.5453501837507,31.403675288314954,3.1598918334375314,6.787843813594338,7,0.0,820.5453501837507,823.7052420171882,3.159891833437541,False,False
1948,820.5506644761311,28.9701562157739,9.180311840759662,7.146196368346293,8,0.0,820.5506644761311,829.7309763168909,9.180311840759714,False,False
1949,821.2221187466736,17.276456010808197,21.505648442038805,3.212454693921578,9,0.0,821.2221187466736,842.7277671887124,21.50564844203882,False,False
1950,821.2949340781213,24.888525832598816,11.579751475627742,1.3862462683595485,10,0.0,821.2949340781213,832.874685553749,11.579751475627745,False,False
1951,821.4196997941979,27.05678519795942,8.178837889766491,5.238178516126989,11,0.0,821.4196997941979,829.5985376839643,8.178837889766442,False,False
1952,821.6045916509584,14.595444725983622,18.72862991701518,2.090577782514103,12,0.0,821.6045916509584,840.3332215679735,18.728629917015155,False,False
1953,821.9094865022996,11.459408775542098,6.191048530660559,2.217854360499085,13,0.0,821.9094865022996,828.1005350329601,6.19104853066051,False,False
1954,822.2625511636828,8.072838152418765,28.5334834485518,5.551296395476302,14,0.0,822.2625511636828,850.7960346122346,28.533483448551806,False,False
1955,822.4709683583517,28.047828606729794,8.574692616426818,3.4034792901024837,15,0.0,822.4709683583517,831.0456609747785,8.574692616426773,False,False
1956,822.666169105795,9.746458270270642,27.72140589579863,4.936911078255827,16,0.0,822.666169105795,850.3875750015936,27.721405895798625,False,False
1957,823.0458378069261,5.751567228123538,28.695612636495632,4.316957577534593,17,0.0,823.0458378069261,851.7414504434217,28.69561263649564,False,False
1958,823.2460485290964,12.112158574766164,17.68714897103778,7.132180852338913,18,0.0,823.2460485290964,840.9331975001342,17.6871489710378,False,False
1959,823.5814390344835,16.362864447358156,17.57592090996749,1.0337876157944035,19,0.0,823.5814390344835,841.1573599444511,17.57592090996752,False,False
1960,823.7493933309556,26.5987675919516,24.44699690576915,6.871563304651244,0,0.0,823.7493933309556,848.1963902367248,24.446996905769197,False,False
1961,824.2218231863266,30.417908617980302,3.5418052104667597,2.9060934338926865,1,0.0,824.2218231863266,827.7636283967934,3.541805210466805,False,False
1962,824.9353349422641,5.984963651248596,22.761782044009045,6.896196396992566,2,0.0,824.9353349422641,847.6971169862732,22.76178204400901,False,False
1963,825.655726401189,9.456887773833186,13.859434535050244,4.52798994242576,3,0.0,825.655726401189,839.5151609362392,13.85943453505024,False,False
1865,793.8126572908341,20.520781058076913,17.12113503811429,4.108130609222391,5,32.17852269904745,825.9911799898815,843.1123150279958,49.29965773716174,False,True
1885,799.7940695217676,15.783789931600156,10.508396802667903,3.9521464070405936,5,26.19711046811392,825.9911799898815,836.4995767925494,36.70550727078182,False,True
1964,826.1861079469996,14.196042526963234,24.039469833009314,2.305603057387789,4,0.0,826.1861079469996,850.225577780009,24.03946983300932,False,False
1966,826.6965192008428,27.301474323824138,20.67658673844302,1.557977244477092,6,0.0,826.6965192008428,847.3731059392858,20.676586738443007,False,False
1967,826.8037115599175,7.7055314522335125,9.946030401586501,2.701813151040466,7,0.0,826.8037115599175,836.749741961504,9.94603040158654,False,False
1905,806.1323712370515,21.160540170965252,20.50467445054848,5.929327792957502,5,21.512972486675835,827.6453437237274,848.1500181742758,42.0176469372243,False,True
1968,827.6135910979388,21.417147351574865,21.49642383445618,2.114594757558782,8,0.23918732052845826,827.8527784184672,849.3492022529234,21.735611154984667,False,False
1969,827.9365983276207,24.893068295866914,24.207282124505042,1.8537718128522034,9,0.0,827.9365983276207,852.1438804521257,24.207282124505014,False,False
1970,828.3022642009428,17.928505898272704,19.381417834517343,7.252668018021258,10,0.0,828.3022642009428,847.6836820354602,19.38141783451738,False,False
1971,828.7038593787472,26.188631299425534,28.78422682687612,5.438682088282411,11,0.0,828.7038593787472,857.4880862056233,28.78422682687608,False,False
1972,828.7093997328918,16.36623192271744,5.510011432934848,6.935776716625432,12,0.0,828.7093997328918,834.2194111658267,5.510011432934903,False,False
1973,828.7123195672992,26.770540164599446,5.551305835435995,3.8722361300395955,13,0.0,828.7123195672992,834.2636254027352,5.551305835435983,False,False
1974,828.7259349831008,21.67364612205586,15.444592071399395,5.678913951088686,14,0.0,828.7259349831008,844.1705270545002,15.44459207139937,False,False
1975,828.929211999652,8.473848283810385,9.939451276822346,1.744494617350316,15,0.0,828.929211999652,838.8686632764743,9.939451276822297,False,False
1976,829.0687376366824,27.521725562245496,22.26508350239186,7.8077852002257755,16,0.0,829.0687376366824,851.3338211390742,22.265083502391803,False,False
1977,829.0699918772789,26.364231462928363,11.242061845591556,1.4464119205730905,17,0.0,829.0699918772789,840.3120537228705,11.242061845591593,False,False
1978,829.0912549693207,30.12817266833419,26.55412835132879,5.458229453909522,18,0.0,829.0912549693207,855.6453833206496,26.554128351328814,False,False
1979,829.796447557331,17.643535543468328,27.766638119093663,6.676344220049025,19,0.0,829.796447557331,857.5630856764246,27.766638119093614,False,False
1980,829.8741255833393,16.95714801092393,5.883011400489225,1.479693467066173,0,0.0,829.8741255833393,835.7571369838284,5.883011400489181,False,False
1981,830.213101459879,21.00647624015018,22.151309171282133,4.410328143444518,1,0.0,830.213101459879,852.3644106311611,22.15130917128215,False,False
1982,830.5370772473963,26.810341086195393,25.67481295963221,6.761864630448481,2,0.0,830.5370772473963,856.2118902070284,25.674812959632163,False,False
1983,830.7977734774554,21.230139593993126,3.3294129490383444,7.392542679009725,3,0.0,830.7977734774554,834.1271864264937,3.3294129490383284,False,False
1984,832.3156507925105,23.419405221491488,4.688680325324239,4.2119505927636975,4,0.0,832.3156507925105,837.0043311178347,4.688680325324185,False,False
1986,832.9427244986316,30.077849215760153,15.482204744476606,5.964126098401348,6,0.0,832.9427244986316,848.4249292431082,15.482204744476576,False,False
1987,833.243841110417,15.092326234682023,25.406207201624213,7.453873937925822,7,0.0,833.243841110417,858.6500483120411,25.40620720162417,False,False
1988,833.92071221942,20.002327371190166,15.038430635838953,3.172829925746048,8,0.0,833.92071221942,848.959142855259,15.03843063583895,False,False
1989,834.1786407335583,13.649753051114907,23.639429482427786,7.354217466706335,9,0.0,834.1786407335583,857.818070215986,23.639429482427772,False,False
1990,834.1826706059829,33.014890425898486,6.142345048420202,7.855023913759758,10,0.0,834.1826706059829,840.3250156544032,6.142345048420225,False,False
1991,834.7622090641448,8.075751596691932,29.364314036216477,2.783759597775879,11,0.0,834.7622090641448,864.1265231003613,29.364314036216456,False,False
1992,834.8317198836585,23.020235393921414,25.52079922950856,5.5983643047844405,12,0.0,834.8317198836585,860.3525191131671,25.52079922950861,False,False
1993,834.8946047968312,27.86353702222382,19.55301434961839,1.06683023923838,13,0.0,834.8946047968312,854.4476191464496,19.553014349618365,False,False
1994,835.238290753464,16.23286818803965,10.617535109444017,3.0856719904634655,14,0.0,835.238290753464,845.855825862908,10.61753510944402,False,False
1995,835.5582921047326,5.864186304477687,10.975345621532664,4.4854258045855655,15,0.0,835.5582921047326,846.5336377262653,10.97534562153271,False,False
1996,836.4215999184977,13.048092456760903,24.041681485053026,2.78922834257813,16,0.0,836.4215999184977,860.4632814035507,24.041681485053005,False,False
1997,836.4907110068759,10.095398359861957,23.177680121994594,1.466719408016465,17,0.0,836.4907110068759,859.6683911288706,23.177680121994626,False,False
1925,813.225483908661,8.976797244854236,14.199373925305451,6.6346498935907805,5,23.274092883888443,836.4995767925494,850.6989507178548,37.47346680919384,False,True
1945,820.2729635301025,11.852223567323495,28.09978097468873,6.803846812150219,5,16.226613262446904,836.4995767925494,864.5993577672382,44.32639423713567,False,True
1998,836.8758558830932,16.080262819045217,13.219785857345618,2.6147824062899865,18,0.0,836.8758558830932,850.0956417404389,13.219785857345641,False,False
1999,837.0259998745919,22.19906146565478,14.581465879562424,5.283534260783389,19,0.0,837.0259998745919,851.6074657541543,14.581465879562415,False,False
2000,837.793432151138,24.273396068029026,11.145743961794704,7.660191227792172,0,0.0,837.793432151138,848.9391761129326,11.145743961794665,False,False
2001,838.3347757385992,14.676916980380128,21.486459749500202,4.367454832995666,1,0.0,838.3347757385992,859.8212354880994,21.486459749500227,False,False
2002,838.9657684675497,9.821902816603348,3.8842673101637097,6.0506381513983865,2,0.0,838.9657684675497,842.8500357777134,3.88426731016375,False,False
2003,839.3539025168852,31.5352853933507,22.056367211149166,6.225780942171725,3,0.0,839.3539025168852,861.4102697280343,22.05636721114911,False,False
2004,839.3951978708245,7.185693537671098,20.116463675286816,2.0500166770288684,4,0.0,839.3951978708245,859.5116615461113,20.11646367528681,False,False
2006,840.360511056663,19.39762862640393,12.788749603464959,2.6770483601244384,6,0.0,840.360511056663,853.1492606601279,12.788749603464908,False,False
1965,826.5778026217627,21.402647808483074,4.475220095967188,2.550453870439564,5,14.369597072455008,840.9473996942177,845.4226197901849,18.844817168422196,False,True
1985,832.4570279906011,10.811444494157112,13.74629211076294,2.6939111035201186,5,8.490371703616574,840.9473996942177,854.6936918049806,22.23666381437954,False,True
2007,841.051217543975,20.407025317270843,10.168505521672873,4.738076301107025,7,0.0,841.051217543975,851.2197230656478,10.168505521672841,False,False
2008,841.1298370570995,28.09054186850071,3.0579079929457533,5.149763727308165,8,0.0,841.1298370570995,844.1877450500452,3.0579079929457293,False,False
2009,841.1692529236519,12.491164196859081,4.15993234466492,6.126708527529861,9,0.0,841.1692529236519,845.3291852683168,4.159932344664867,False,False
2010,841.3338068980952,8.276215539759619,26.647901979603077,2.4059321010207664,10,0.0,841.3338068980952,867.9817088776982,26.647901979603034,False,False
2011,841.470805853732,16.32473237211248,29.23956338559502,4.702844496946972,11,0.0,841.470805853732,870.7103692393271,29.239563385595034,False,False
2012,841.4838207240147,6.362777244427269,25.137377136356584,2.0711344657389055,12,0.0,841.4838207240147,866.6211978603712,25.137377136356577,False,False
2013,841.7303308757892,19.82795533709052,11.369428714332752,5.358385759630582,13,0.0,841.7303308757892,853.099759590122,11.369428714332798,False,False
2014,842.2029933441306,23.245888827341176,7.539353558591012,1.5972837739249643,14,0.0,842.2029933441306,849.7423469027216,7.53935355859096,False,False
2015,842.4198302607515,12.568628765841105,5.475926624728938,7.3458272375464935,15,0.0,842.4198302607515,847.8957568854804,5.475926624728913,False,False
2016,842.874894804197,27.573252645223107,5.6279256227913885,7.481499178983276,16,0.0,842.874894804197,848.5028204269884,5.627925622791395,False,False
2017,842.964299733629,13.184614524516757,6.344167517226435,7.513905962521313,17,0.0,842.964299733629,849.3084672508554,6.344167517226424,False,False
2018,843.0313848950738,29.387023245869848,7.971255406953283,1.6590524502865829,18,0.0,843.0313848950738,851.0026403020271,7.971255406953333,False,False
2019,843.056520554985,19.207812716730324,9.347618603000312,4.729999850320236,19,0.0,843.056520554985,852.4041391579854,9.347618603000342,False,False
2005,839.4846870592985,13.101143395311553,14.563556944906383,4.6527542210880615,5,3.627627968697311,843.1123150279958,857.6758719729022,18.191184913603706,False,False
2020,843.3072419463268,15.794072227666838,27.713257206263208,6.8429976877983565,0,0.0,843.3072419463268,871.02049915259,27.713257206263165,False,False
2021,843.5586642051217,24.435305398918576,9.306329116610552,6.803047736688026,1,0.0,843.5586642051217,852.8649933217322,9.306329116610527,False,False
2022,844.0807290599997,13.15064102048685,8.345265235245868,5.748492000666859,2,0.0,844.0807290599997,852.4259942952456,8.345265235245847,False,False
2023,844.3555316368415,16.35188076597109,28.51452877176503,6.432436622823201,3,0.0,844.3555316368415,872.8700604086066,28.51452877176507,False,False
2024,844.8883369017536,6.300795723980563,6.993962799839525,6.189820098457862,4,0.0,844.8883369017536,851.8822997015932,6.993962799839551,False,False
2025,845.1186903703476,6.884661762431765,24.810490999318997,2.0636216598484998,5,0.0,845.1186903703476,869.9291813696666,24.810490999318972,False,False
2026,845.6772444882982,6.536904581152035,18.582014097619403,1.590136893964622,6,0.0,845.6772444882982,864.2592585859177,18.582014097619435,False,False
2027,845.7781332074035,34.64747829592922,14.796649440295038,1.1904784118969833,7,0.0,845.7781332074035,860.5747826476985,14.796649440295027,False,False
2028,846.2240215545112,19.076726945113016,28.42288367169045,1.7386009963795388,8,0.0,846.2240215545112,874.6469052262016,28.422883671690442,False,False
2029,846.3853149810551,10.649795442241526,12.821849044375563,5.7221621214519995,9,0.0,846.3853149810551,859.2071640254306,12.82184904437554,False,False
2030,846.6916445634419,32.051372397925924,25.07802425999967,2.897478235383654,10,0.0,846.6916445634419,871.7696688234415,25.078024259999665,False,False
2031,847.2340945693189,23.780505232839708,24.244536827554384,3.364888168607052,11,0.0,847.2340945693189,871.4786313968733,24.244536827554384,False,False
2032,847.9005200245851,6.317309599408705,29.243716045203534,6.125814048260292,12,0.0,847.9005200245851,877.1442360697887,29.24371604520354,False,False
2033,847.9620487037228,9.991991028732027,2.272938195122961,3.7752008637948036,13,0.0,847.9620487037228,850.2349868988457,2.272938195122947,False,False
2034,848.0371538111882,24.19571929129336,28.718755070731177,7.933153233878628,14,0.0,848.0371538111882,876.7559088819194,28.718755070731163,False,False
2035,848.530831235792,31.190794311036473,7.023590561422015,1.5160292750007711,15,0.0,848.530831235792,855.554421797214,7.023590561421997,False,False
2036,848.7566624544692,28.662913851846177,28.028385592566572,4.335421019278741,16,0.0,848.7566624544692,876.7850480470357,28.028385592566565,False,False
2037,849.5417234406627,29.229703177231595,2.9181919878659808,5.753271686847242,17,0.0,849.5417234406627,852.4599154285287,2.918191987865953,False,False
2039,849.5733539078723,8.914604535856967,9.549080919012795,5.565710578907765,19,0.0,849.5733539078723,859.1224348268851,9.549080919012795,False,False
2040,849.626786634946,34.44720389508994,5.0303684659219305,3.485842401233265,0,0.0,849.626786634946,854.657155100868,5.030368465921924,False,False
2041,849.9417249752676,5.184900084540107,28.34826122842872,2.968264413330514,1,0.0,849.9417249752676,878.2899862036962,28.34826122842867,False,False
2042,849.9793170853792,9.40751327843768,25.98982627551645,7.958639217883725,2,0.0,849.9793170853792,875.9691433608956,25.989826275516407,False,False
2043,849.9945356001417,26.68735672405683,16.826082775937955,3.8417623228017885,3,0.0,849.9945356001417,866.8206183760797,16.826082775937948,False,False
2038,849.5535137049068,25.656836665198878,15.52047443036333,7.020709311710424,18,0.5421280355320732,850.0956417404389,865.6161161708022,16.062602465895452,False,False
2044,850.1731275170268,21.086991687025556,11.557102120352052,5.254932503749355,4,0.0,850.1731275170268,861.7302296373789,11.557102120352056,False,False
2045,850.2213658192668,31.17792131392436,16.27025804770391,3.2529534298856984,5,0.0,850.2213658192668,866.4916238669707,16.27025804770392,False,False
2046,850.4447339029053,34.15108935847292,7.917332065752389,2.867457197014062,6,0.0,850.4447339029053,858.3620659686577,7.917332065752362,False,False
2047,850.5978129541022,18.27345464355556,7.480307705958952,6.243126828941787,7,0.0,850.5978129541022,858.0781206600611,7.480307705958921,False,False
2048,851.125805923517,11.551491435677473,12.093700173713103,5.89196989948689,8,0.0,851.125805923517,863.2195060972301,12.09370017371316,False,False
2049,852.1969031007332,9.48524647318441,24.660677139896258,7.201800480846661,9,0.0,852.1969031007332,876.8575802406294,24.66067713989628,False,False
2050,852.272996432914,19.974929876712444,16.599954685633286,6.1297623472204865,10,0.0,852.272996432914,868.8729511185473,16.599954685633293,False,False
2051,853.6548467675012,19.43541323029482,10.078851085036398,5.8098661169751455,11,0.0,853.6548467675012,863.7336978525376,10.078851085036376,False,False
2052,853.6617147886583,6.855531484387699,3.1611853304736592,6.699004307516507,12,0.0,853.6617147886583,856.822900119132,3.1611853304736997,False,False
2053,853.8771990514139,31.944028435386535,15.049115421181884,6.380506760515944,13,0.0,853.8771990514139,868.9263144725958,15.04911542118191,False,False
2054,853.9117222443991,17.379533044431156,15.834876051627237,7.881805659707561,14,0.0,853.9117222443991,869.7465982960264,15.834876051627248,False,False
2055,853.9608653193023,14.89226993007559,13.841967844116365,4.459888332174458,15,0.0,853.9608653193023,867.8028331634187,13.841967844116311,False,False
2056,854.0738387624702,13.815293385794117,25.41813158814047,6.655005133990687,16,0.0,854.0738387624702,879.4919703506107,25.418131588140454,False,False
2057,854.4002687547455,8.860290206235394,2.6200954691876825,2.2068802528736233,17,0.0,854.4002687547455,857.0203642239333,2.6200954691877314,False,False
2058,854.7404737606154,9.195619702941226,4.497886102117304,6.959281625656878,18,0.0,854.7404737606154,859.2383598627326,4.497886102117263,False,False
2059,854.9281702871962,16.543672624735898,24.79522642359586,7.417358566367696,19,0.0,854.9281702871962,879.723396710792,24.795226423595864,False,False
2060,854.9669641810916,34.35551997238099,13.060799158941279,3.2329626486119984,0,0.0,854.9669641810916,868.0277633400328,13.060799158941222,False,False
2061,854.9720936757482,23.110200174559424,19.14806852176374,2.6396879570544236,1,0.0,854.9720936757482,874.120162197512,19.148068521763776,False,False
2062,855.5058925277775,28.467243229721365,22.505474430999644,1.670546443128331,2,0.0,855.5058925277775,878.0113669587772,22.505474430999698,False,False
2063,856.0367319257551,6.2599205817421115,21.36386781291469,3.356022658572038,3,0.0,856.0367319257551,877.4005997386698,21.36386781291469,False,False
2064,856.0591416549457,24.958512948922994,28.283046028459964,3.855847346225369,4,0.0,856.0591416549457,884.3421876834057,28.28304602845992,False,False
2065,856.5044649226465,27.18117124194415,25.223253611912195,7.045193836115628,5,0.0,856.5044649226465,881.7277185345588,25.22325361191224,False,False
2066,857.0187955191554,17.948771611275944,18.302120451271808,5.7599256947608195,6,0.0,857.0187955191554,875.3209159704272,18.302120451271776,False,False
2067,857.1181399031949,29.061390230322257,18.803603025484122,7.670633903064218,7,0.0,857.1181399031949,875.921742928679,18.803603025484108,False,False
2068,857.1813901084097,8.342019840175162,15.857328305737772,5.477261414544046,8,0.0,857.1813901084097,873.0387184141474,15.857328305737724,False,False
2069,857.4258738582763,27.83420326845769,23.87310631737162,5.91605684022413,9,0.0,857.4258738582763,881.2989801756479,23.873106317371594,False,False
2070,857.8724409556011,23.94824362726648,14.076507711437898,2.0291921625874783,10,0.0,857.8724409556011,871.948948667039,14.076507711437898,False,False
2071,858.3077122670858,26.22942658889485,27.28387730844182,4.65176885232862,11,0.0,858.3077122670858,885.5915895755276,27.283877308441788,False,False
2072,858.7605683468076,5.911792577238929,7.822239671267603,4.387914874006043,12,0.0,858.7605683468076,866.5828080180753,7.822239671267653,False,False
2073,858.770155195538,33.513139801447494,15.82754551266652,6.7617037084702485,13,0.0,858.770155195538,874.5977007082046,15.827545512666575,False,False
2074,858.8194749004685,28.41644168032164,11.767347200768336,4.218631047502656,14,0.0,858.8194749004685,870.5868221012369,11.767347200768313,False,False
2075,858.8808198389903,17.91625579101357,14.898699732842374,5.48515882435825,15,0.0,858.8808198389903,873.7795195718327,14.898699732842374,False,False
2076,859.2334569940833,8.497592417602846,8.104312537253943,1.5845250810480613,16,0.0,859.2334569940833,867.3377695313372,8.104312537253918,False,False
2077,859.5671372236995,7.426238630555732,20.908195094414584,4.463571223192606,17,0.0,859.5671372236995,880.4753323181142,20.908195094414623,False,False
2078,861.2989664421231,13.589450862128405,21.737967990407867,6.223865177162442,18,0.0,861.2989664421231,883.0369344325309,21.73796799040781,False,False
2079,861.4434867125858,14.351750131063364,4.15724672746339,5.293126137312026,19,0.0,861.4434867125858,865.6007334400492,4.157246727463416,False,False
2080,861.444709625814,22.609401341328553,12.044682125945382,4.8106338136351265,0,0.0,861.444709625814,873.4893917517594,12.044682125945428,False,False
2081,861.6731656092498,6.257426682851099,14.66264258027716,2.52655125023259,1,0.0,861.6731656092498,876.335808189527,14.66264258027718,False,False
2082,861.9047429582123,21.917068226041934,29.551578678995803,2.8812897837911824,2,0.0,861.9047429582123,891.4563216372081,29.55157867899584,False,False
2083,862.0225125018848,32.96278944749689,2.0121403852003,3.0631112616058678,3,0.0,862.0225125018848,864.034652887085,2.0121403852002686,False,False
2084,862.5412022722865,14.35720510855795,6.075054889391627,1.7392413781937308,4,0.0,862.5412022722865,868.616257161678,6.075054889391595,False,False
2085,862.6155762294046,6.129751387623809,2.6885185898647332,2.2492906566498942,5,0.0,862.6155762294046,865.3040948192694,2.6885185898647705,False,False
2086,862.7876219693468,14.134322745804761,17.8140659890593,6.205924979051608,6,0.0,862.7876219693468,880.601687958406,17.81406598905926,False,False
2087,863.0105086417972,6.146578276362162,4.730523891760701,7.826663820088027,7,0.0,863.0105086417972,867.7410325335579,4.730523891760754,False,False
2088,863.3038482987064,21.443940529270172,27.640925542060316,6.491768097405848,8,0.0,863.3038482987064,890.9447738407667,27.64092554206036,False,False
2089,863.570404944858,14.404112113600304,26.5045816811409,7.92839689350411,9,0.0,863.570404944858,890.0749866259988,26.50458168114085,False,False
2090,863.599379891267,7.132481870738153,23.106947574688085,4.696001788233859,10,0.0,863.599379891267,886.706327465955,23.106947574688093,False,False
2091,863.8185058005012,7.43170974474543,27.609443710019757,5.0371157712471035,11,0.0,863.8185058005012,891.4279495105209,27.60944371001972,False,False
2092,863.820595009711,12.22709558438844,3.785220946666834,1.3483427613859933,12,0.0,863.820595009711,867.6058159563779,3.7852209466668683,False,False
2093,864.3033417524183,28.73779019367135,9.390562332514563,2.308633254863298,13,0.0,864.3033417524183,873.6939040849329,9.390562332514605,False,False
2094,864.3829664305217,23.289416089893322,3.569082950974569,3.640601239235442,14,0.0,864.3829664305217,867.9520493814963,3.5690829509745754,False,False
2095,864.778372034184,7.255110596004503,12.538035194394416,2.6856422835712768,15,0.0,864.778372034184,877.3164072285784,12.53803519439441,False,False
2096,864.9560951093323,28.658575936379897,9.036343906264625,2.0567524873896192,16,0.0,864.9560951093323,873.9924390155969,9.03634390626462,False,False
2097,865.7394123217491,31.28044388793966,17.100906079248315,2.0587466392405926,17,0.0,865.7394123217491,882.8403184009974,17.10090607924826,False,False
2098,865.9383052488081,24.84669388141355,26.651532333266683,5.861210977771565,18,0.0,865.9383052488081,892.5898375820748,26.651532333266687,False,False
2099,866.9639905829936,25.515154770610096,8.226631055689289,2.6196503473261714,19,0.0,866.9639905829936,875.1906216386828,8.226631055689268,False,False
2100,867.0068246195417,17.49107765570614,24.38245722022061,1.1908216716615185,0,0.0,867.0068246195417,891.3892818397624,24.382457220220658,False,False
2101,867.134779936564,30.885181231521596,12.939234009230002,6.684856303122499,1,0.0,867.134779936564,880.0740139457939,12.93923400922995,False,False
2102,869.3306301169907,22.589966808539607,14.042835436276263,2.570108378654248,2,0.0,869.3306301169907,883.373465553267,14.042835436276278,False,False
2103,870.8319721433292,34.49008975447428,2.780185935450184,1.2214526550146294,3,0.0,870.8319721433292,873.6121580787793,2.780185935450163,False,False
2104,870.9685344655225,16.863195015408472,22.560451198553555,5.518697734591039,4,0.0,870.9685344655225,893.528985664076,22.56045119855355,False,False
2105,871.1190315549503,27.746869320645445,9.711337739697562,6.7984232902589286,5,0.0,871.1190315549503,880.8303692946479,9.71133773969757,False,False
2106,871.3435668773217,12.799121956426724,16.608649093940365,6.440094335570191,6,0.0,871.3435668773217,887.952215971262,16.608649093940357,False,False
2107,871.5462456316669,7.473057295222308,8.904335901881801,7.32203713696706,7,0.0,871.5462456316669,880.4505815335488,8.904335901881836,False,False
2108,871.6354207613354,8.549093560915118,4.7888763213184085,1.8516697775243172,8,0.0,871.6354207613354,876.4242970826538,4.788876321318412,False,False
2109,871.953557269374,20.085550531736324,3.36353893599025,2.6793568759394466,9,0.0,871.953557269374,875.3170962053642,3.3635389359902774,False,False
2110,872.4231089255699,16.808864545270442,9.229836802087249,6.590006433320089,10,0.0,872.4231089255699,881.6529457276571,9.22983680208722,False,False
2111,872.6166586150451,7.2726723496152355,17.43492948394267,5.739553441283151,11,0.0,872.6166586150451,890.0515880989878,17.43492948394271,False,False
2112,873.1186067694015,7.616491937617321,29.936645906834535,6.13764086020628,12,0.0,873.1186067694015,903.055252676236,29.936645906834542,False,False
2113,874.7630836547908,6.376073147416492,19.258761125879552,6.5610615108595765,13,0.0,874.7630836547908,894.0218447806703,19.258761125879573,False,False
2114,874.837279129666,17.199062186024396,23.513059448535024,1.7603497107127986,14,0.0,874.837279129666,898.350338578201,23.513059448535046,False,False
2115,874.9780123887294,6.825449035434201,22.33396605574185,7.303715827083824,15,0.0,874.9780123887294,897.3119784444713,22.333966055741826,False,False
2116,876.5711717577923,13.654298430719713,23.277102724112027,6.643705170898037,16,0.0,876.5711717577923,899.8482744819044,23.27710272411207,False,False
2117,876.5809211327462,20.0554271995252,2.872113845936471,2.969768113561836,17,0.0,876.5809211327462,879.4530349786827,2.8721138459364965,False,False
2118,876.7583526329308,26.37468631146247,19.398814618144765,4.007859530174132,18,0.0,876.7583526329308,896.1571672510756,19.398814618144797,False,False
2119,877.233492569577,12.883419971435712,27.66743040839446,3.9540308854793644,19,0.0,877.233492569577,904.9009229779715,27.667430408394466,False,False
2120,877.6033720912351,30.230812716192748,24.47664927915554,2.661665266457637,0,0.0,877.6033720912351,902.0800213703907,24.476649279155595,False,False
2121,878.2657451276846,27.120620181951065,15.305010987298012,4.188783076560896,1,0.0,878.2657451276846,893.5707561149826,15.305010987298033,False,False
2122,878.4078785661288,11.000754809058225,7.059163951020819,7.663528182203019,2,0.0,878.4078785661288,885.4670425171496,7.059163951020764,False,False
2123,878.5637187344405,21.648162854603786,9.365189700781402,7.114301541684885,3,0.0,878.5637187344405,887.928908435222,9.365189700781457,False,False
2124,878.7966950267677,24.846744089807178,4.878745393240057,1.9014399223019844,4,0.0,878.7966950267677,883.6754404200077,4.878745393240024,False,False
2125,879.2875286769147,25.475512517000844,9.505905900937922,3.2279765399612166,5,0.0,879.2875286769147,888.7934345778526,9.505905900937933,False,False
2126,879.4818447618206,12.244948961789486,14.490206874493804,7.149382953585874,6,0.0,879.4818447618206,893.9720516363144,14.490206874493765,False,False
2127,879.8520897850767,13.833609050110692,25.576311425595385,7.3746853073659615,7,0.0,879.8520897850767,905.4284012106721,25.57631142559535,False,False
2128,880.426971768398,20.97606381837182,5.001161838224968,4.994813689133104,8,0.0,880.426971768398,885.428133606623,5.001161838225016,False,False
2129,881.7562238239537,25.796115701908047,3.7683867991238675,4.367716036684085,9,0.0,881.7562238239537,885.5246106230776,3.7683867991238458,False,False
2130,881.7735571924023,34.39445599664967,5.177420762749895,6.303950433795626,10,0.0,881.7735571924023,886.9509779551522,5.177420762749875,False,False
2131,881.937190822744,33.06013796797239,7.639660632412862,4.609092910774594,11,0.0,881.937190822744,889.5768514551569,7.63966063241287,False,False
2132,882.7913965238148,18.184283113696516,4.139767876764937,4.937071343348548,12,0.0,882.7913965238148,886.9311644005797,4.1397678767649495,False,False
2133,882.8286798249544,12.379906640533646,2.684662115370051,5.1576717207568175,13,0.0,882.8286798249544,885.5133419403245,2.684662115370088,False,False
2134,883.5727175933079,20.20442584894186,2.969865819476778,6.4057706157514005,14,0.0,883.5727175933079,886.5425834127847,2.9698658194768086,False,False
2135,884.3228066523976,29.638043443939114,26.116756168143173,5.664340766454994,15,0.0,884.3228066523976,910.4395628205408,26.116756168143183,False,False
2136,884.5749457388908,12.130552979122116,20.11418144353529,4.307389693910256,16,0.0,884.5749457388908,904.6891271824261,20.114181443535244,False,False
2137,884.6225087085702,10.980450986266666,10.304374585153957,4.657913502531108,17,0.0,884.6225087085702,894.9268832937241,10.304374585153937,False,False
2138,885.1544296500766,5.283561590173597,26.491540786751468,3.061834462494252,18,0.0,885.1544296500766,911.6459704368281,26.491540786751443,False,False
2139,885.2064407499018,31.304223687443816,12.766957515225442,2.253831280870635,19,0.0,885.2064407499018,897.9733982651273,12.7669575152255,False,False
2140,885.3088286043524,12.820696587328603,20.83826152826679,7.714536130946335,0,0.0,885.3088286043524,906.1470901326192,20.8382615282668,False,False
2141,885.4548011249509,14.376716347480635,24.298218622767926,2.9260315228411797,1,0.0,885.4548011249509,909.7530197477188,24.298218622767877,False,False
2142,886.4520004018426,18.11821266302886,6.82989951417893,7.7100967276434265,2,0.0,886.4520004018426,893.2818999160215,6.829899514178919,False,False
2143,886.7670420376456,21.556659819175408,24.715739187921063,2.311876139230675,3,0.0,886.7670420376456,911.4827812255667,24.71573918792103,False,False
2144,886.7672881326271,18.827964479691104,2.5206888845888904,3.822875142840337,4,0.0,886.7672881326271,889.287977017216,2.5206888845889353,False,False
2145,886.8018557507703,26.378330505922154,29.98592186198342,2.361371330982778,5,0.0,886.8018557507703,916.7877776127538,29.985921861983456,False,False
2146,887.2216693665712,9.737468156708085,12.699163498936658,4.416216786225594,6,0.0,887.2216693665712,899.9208328655078,12.699163498936628,False,False
2147,887.7779729914888,29.933854727043737,12.910613082923913,5.368545425014933,7,0.0,887.7779729914888,900.6885860744127,12.910613082923874,False,False
2148,889.6416196732941,30.30640708291195,7.663596084133141,1.1680892394497104,8,0.0,889.6416196732941,897.3052157574273,7.6635960841331325,False,False
2149,890.3320855318207,16.17095248924815,5.653312874274402,2.615331090936281,9,0.0,890.3320855318207,895.9853984060951,5.653312874274434,False,False
2150,891.7143732420467,9.40993543799346,14.666960711493562,3.0991242551562785,10,0.0,891.7143732420467,906.3813339535402,14.666960711493516,False,False
2151,891.8027668855452,17.512398832670492,9.293188805064574,1.8902751443094126,11,0.0,891.8027668855452,901.0959556906098,9.293188805064574,False,False
2152,892.1252301857297,5.78952608548674,15.864422031219558,1.2780984051692696,12,0.0,892.1252301857297,907.9896522169493,15.864422031219533,False,False
2153,892.3629600340151,14.299702643866155,2.211885221368754,4.2372290416036495,13,0.0,892.3629600340151,894.5748452553839,2.2118852213687887,False,False
2154,892.6219890253897,10.56290215880971,29.543963447591004,3.184719314044915,14,0.0,892.6219890253897,922.1659524729806,29.543963447590954,False,False
2155,892.631888261054,28.67990909747923,14.557729814545176,1.6117852570314861,15,0.0,892.631888261054,907.1896180755991,14.557729814545155,False,False
2156,893.6215373517878,6.538294647054639,4.820397855213779,3.1085370030148733,16,0.0,893.6215373517878,898.4419352070015,4.820397855213741,False,False
2157,894.1088258973773,21.241230797914962,2.07421860576531,5.929355494211658,17,0.0,894.1088258973773,896.1830445031426,2.0742186057652816,False,False
2158,896.7962008373288,33.23016737294735,16.49340866943327,2.86463458879882,18,0.0,896.7962008373288,913.2896095067621,16.49340866943328,False,False
2159,897.2936203981566,23.131136662960483,27.30213465137127,1.3737228265514707,19,0.0,897.2936203981566,924.5957550495278,27.30213465137126,False,False
2160,897.5627422328943,15.912135809414828,8.684678949074463,7.754135100784963,0,0.0,897.5627422328943,906.2474211819688,8.68467894907451,False,False
2161,897.8911113452589,5.8201519390867285,14.004677411039495,2.4299407026781634,1,0.0,897.8911113452589,911.8957887562983,14.004677411039438,False,False
2162,899.1809720170388,27.154415695279933,21.252398462270964,2.9370422361320165,2,0.0,899.1809720170388,920.4333704793098,21.252398462271003,False,False
2163,899.2298951230935,19.63588663660014,7.4175040787457664,6.553779856837316,3,0.0,899.2298951230935,906.6473992018392,7.417504078745765,False,False
2164,900.0066716563701,17.975452620350204,2.9101394492493395,5.500862751020173,4,0.0,900.0066716563701,902.9168111056194,2.9101394492493,False,False
2165,900.3398998107949,17.12438827100865,19.273182948572533,6.690693213888363,5,0.0,900.3398998107949,919.6130827593674,19.273182948572526,False,False
2166,900.3923642001787,15.850308349046626,13.112185695201124,7.355364020415039,6,0.0,900.3923642001787,913.5045498953798,13.112185695201106,False,False
2167,900.4507208434404,10.858511464247123,29.46491299536446,4.138400548747626,7,0.0,900.4507208434404,929.9156338388049,29.464912995364443,False,False
2168,900.6068134567407,28.175931591446513,24.103084031958648,1.273523125309867,8,0.0,900.6068134567407,924.7098974886994,24.1030840319587,False,False
2169,900.6764005184651,25.957796843497423,21.132888740736675,3.079234389215307,9,0.0,900.6764005184651,921.8092892592018,21.13288874073669,False,False
2170,900.7549532317075,15.288056614780027,13.167824072969072,6.212127965471404,10,0.0,900.7549532317075,913.9227773046766,13.167824072969097,False,False
2171,900.7579271659753,25.761648085616024,18.4247546342661,2.6613215017195695,11,0.0,900.7579271659753,919.1826818002414,18.42475463426615,False,False
2172,900.8642540919909,20.046401602708343,10.188903079086304,3.663873562134215,12,0.0,900.8642540919909,911.0531571710773,10.188903079086344,False,False
2173,900.9308391528332,26.36565550659156,11.58088062175418,6.7485204637553675,13,0.0,900.9308391528332,912.5117197745874,11.580880621754204,False,False
2174,900.9352584870693,33.43856954622804,14.489502797004999,2.1924234517369543,14,0.0,900.9352584870693,915.4247612840743,14.489502797005002,False,False
2175,901.0067955466415,28.47749902067621,26.085584972276347,5.98833838788015,15,0.0,901.0067955466415,927.0923805189178,26.085584972276365,False,False
2176,901.0368838375696,13.73860431336404,20.785404101006105,2.627787107267423,16,0.0,901.0368838375696,921.8222879385756,20.785404101006066,False,False
2177,901.0964404986283,15.762470067064283,6.435904005607255,1.2503746985529438,17,0.0,901.0964404986283,907.5323445042355,6.435904005607199,False,False
2178,901.1296658794809,29.33048713816804,14.19782944304017,6.157265933448233,18,0.0,901.1296658794809,915.327495322521,14.197829443040177,False,False
2179,901.288604559203,32.55526653222353,15.961677363290283,1.7276730869464476,19,0.0,901.288604559203,917.2502819224933,15.961677363290278,False,False
2180,901.3025745561974,29.876349405391522,18.081785972881505,1.9808277102091545,0,0.0,901.3025745561974,919.384360529079,18.081785972881562,False,False
2181,901.3242656064529,20.60091079164124,6.813134409416769,7.277233304079693,1,0.0,901.3242656064529,908.1374000158696,6.813134409416762,False,False
2182,901.4098788618641,18.951963101486417,20.834250188149465,3.368164368045102,2,0.0,901.4098788618641,922.2441290500135,20.83425018814944,False,False
2183,901.4431660815371,34.882516222073406,2.3018860453692747,1.1597726830904347,3,0.0,901.4431660815371,903.7450521269064,2.301886045369315,False,False
2184,901.7128781776876,25.554996958751033,16.09353235272357,3.230690878955606,4,0.0,901.7128781776876,917.8064105304111,16.093532352723514,False,False
2185,901.8124646491551,10.12945744213685,6.444188315296502,4.093528269782574,5,0.0,901.8124646491551,908.2566529644516,6.444188315296515,False,False
2186,901.8529594348511,34.75912338682965,22.94157214603665,5.222644680972607,6,0.0,901.8529594348511,924.7945315808877,22.941572146036606,False,False
2187,902.0695563386734,11.900200390288923,5.460259422331738,2.2455875023013743,7,0.0,902.0695563386734,907.5298157610051,5.460259422331774,False,False
2188,902.1164121059028,31.652669875036402,7.1856302853947245,2.5862671174188065,8,0.0,902.1164121059028,909.3020423912975,7.185630285394723,False,False
2189,902.2616596478098,11.6534337705667,10.237154603737562,6.600720280652231,9,0.0,902.2616596478098,912.4988142515473,10.237154603737508,False,False
2190,902.3311769268479,18.27754052386422,20.888227182742433,6.461984575718883,10,0.0,902.3311769268479,923.2194041095903,20.888227182742412,False,False
2191,902.353446428505,30.71906190707366,21.751890875254016,2.076420163087815,11,0.0,902.353446428505,924.105337303759,21.75189087525405,False,False
2192,902.6785480630111,12.939463060218522,11.632080704606294,3.2008454644688653,12,0.0,902.6785480630111,914.3106287676175,11.632080704606324,False,False
2193,902.9400205389713,20.919062590224286,26.654607174622964,7.873027946691939,13,0.0,902.9400205389713,929.5946277135943,26.654607174622925,False,False
2194,903.1328111000655,17.407166408946388,9.595614302118234,3.2364817488344695,14,0.0,903.1328111000655,912.7284254021837,9.595614302118179,False,False
2196,903.334218172113,22.713019166812863,16.872895830082317,7.25191393696137,16,0.0,903.334218172113,920.2071140021953,16.87289583008237,False,False
2197,903.3684260816116,14.103377762420198,5.703205430075539,6.203309993709943,17,0.0,903.3684260816116,909.0716315116871,5.7032054300755135,False,False
2199,903.5496988179119,17.93430000141045,20.10948394478457,7.916477912507172,19,0.0,903.5496988179119,923.6591827626964,20.10948394478453,False,False
2200,903.5652811068737,15.046103094821753,9.039034096069672,5.422894992295649,0,0.0,903.5652811068737,912.6043152029434,9.039034096069713,False,False
2201,903.9238815034511,33.27757035779865,5.006336781773698,4.784645648470293,1,0.0,903.9238815034511,908.9302182852248,5.006336781773712,False,False
2202,903.9447198232097,6.860796552366488,6.9224966549434415,6.404199932229874,2,0.0,903.9447198232097,910.8672164781531,6.922496654943416,False,False
2203,904.0048805167829,34.955170331196996,14.875774885894453,4.730889682576907,3,0.0,904.0048805167829,918.8806554026773,14.87577488589443,False,False
2204,904.1608976229601,10.902709924220066,24.52040604302408,4.611008881742069,4,0.0,904.1608976229601,928.6813036659842,24.52040604302408,False,False
2205,904.416350700599,11.819943585551666,24.80430822367087,1.0141857361106594,5,0.0,904.416350700599,929.2206589242699,24.804308223670887,False,False
2206,904.5760324763714,34.10419975317501,2.995056739844019,4.06344152017023,6,0.0,904.5760324763714,907.5710892162155,2.995056739844017,False,False
2207,904.637968578574,15.793742294898585,18.73170974637409,4.06200995647305,7,0.0,904.637968578574,923.3696783249482,18.731709746374122,False,False
2208,904.6692531296488,26.019644009630557,9.743213825532136,6.0666776603644,8,0.0,904.6692531296488,914.412466955181,9.743213825532166,False,False
2209,904.6969279620815,25.252292771485262,24.88888994159438,7.964521876065389,9,0.0,904.6969279620815,929.5858179036759,24.888889941594357,False,False
2210,904.7111329574345,29.392427900587464,2.001321875218201,4.816072711532414,10,0.0,904.7111329574345,906.7124548326527,2.0013218752181956,False,False
2211,904.8805046770631,17.024615099532383,24.104633419551448,1.4667790472680546,11,0.0,904.8805046770631,928.9851380966145,24.10463341955142,False,False
2212,904.9140081806233,29.276165130612377,18.53129418455088,3.913306565528263,12,0.0,904.9140081806233,923.4453023651743,18.531294184550916,False,False
2213,904.9305373193273,12.25236083421061,27.569344012225095,6.430865899676421,13,0.0,904.9305373193273,932.4998813315524,27.569344012225088,False,False
2214,904.9372904230313,32.61878009795328,26.616709651529618,5.2934701545107385,14,0.0,904.9372904230313,931.5540000745609,26.616709651529618,False,False
2216,905.2615744758947,13.913456738778306,9.146218070437442,2.967124814588022,16,0.0,905.2615744758947,914.4077925463321,9.146218070437385,False,False
2217,905.435211668503,20.522436954243545,7.37665771727505,2.8966635991043184,17,0.0,905.435211668503,912.8118693857781,7.376657717275066,False,False
2219,905.4631577958684,5.994203014112278,14.224482152475384,1.6285845792756581,19,0.0,905.4631577958684,919.6876399483438,14.224482152475389,False,False
2221,905.583012219491,10.948564027620932,3.187658040432972,1.881155746493576,1,0.0,905.583012219491,908.770670259924,3.187658040433007,False,False
2222,905.6116015539689,28.01618080602733,10.41501520438838,1.155045332867656,2,0.0,905.6116015539689,916.0266167583572,10.415015204388396,False,False
2223,905.620429443783,15.852757529605944,20.29428713818327,6.08210044553482,3,0.0,905.620429443783,925.9147165819662,20.294287138183222,False,False
2224,905.7105409518491,5.672479581860896,26.688825550675286,2.305098546594649,4,0.0,905.7105409518491,932.3993665025243,26.688825550675233,False,False
2225,905.8343298649594,11.879029251920285,15.589902444900646,2.648825978820191,5,0.0,905.8343298649594,921.42423230986,15.589902444900645,False,False
2220,905.5213515014111,28.902181473581354,17.406135159645494,3.656515913696802,0,0.6257386312080371,906.1470901326192,923.5532252922646,18.031873790853524,False,False
2227,906.1603434419559,8.601328970482914,20.750577438849092,5.415568429402438,7,0.0,906.1603434419559,926.910920880805,20.750577438849064,False,False
2228,906.2474635279418,5.843775841795329,10.25472200162205,1.5616315292380685,8,0.0,906.2474635279418,916.5021855295639,10.254722001622099,False,False
2229,906.3077723883599,15.633088436387437,12.999694936780182,2.87265423957229,9,0.0,906.3077723883599,919.3074673251401,12.999694936780202,False,False
2230,906.3929685279322,29.926740032799074,13.789651068518038,3.7780239337330395,10,0.0,906.3929685279322,920.1826195964503,13.789651068518083,False,False
2231,906.4570466005356,17.895693346490553,4.252138285420779,3.299763387789266,11,0.0,906.4570466005356,910.7091848859563,4.252138285420756,False,False
2232,906.5199940330264,12.214557685365852,8.097028024795655,2.6454866953430027,12,0.0,906.5199940330264,914.617022057822,8.09702802479569,False,False
2233,906.6411975373849,32.59375230017359,26.013096390481046,5.373222650351783,13,0.0,906.6411975373849,932.6542939278659,26.013096390480996,False,False
2236,907.1532607023462,27.507900698159357,23.20980096636192,3.3070792808493,16,0.0,907.1532607023462,930.3630616687082,23.209800966361968,False,False
2237,907.1755610081411,8.39888299929081,9.34510214157826,6.3599723699333035,17,0.0,907.1755610081411,916.5206631497194,9.345102141578309,False,False
2195,903.3033017399026,18.046659315848952,4.232619011545145,6.397081358482663,15,3.886316335696506,907.1896180755991,911.4222370871443,8.118935347241631,False,False
2239,907.2719831748507,15.689392082220296,3.9769836491203665,2.7783607520807454,19,0.0,907.2719831748507,911.248966823971,3.9769836491203705,False,False
2240,907.3597694132765,23.848746915763005,23.530697919706064,1.098863864019794,0,0.0,907.3597694132765,930.8904673329826,23.530697919706085,False,False
2226,906.0139228741489,28.654003002200746,18.85461266739591,2.777755398561637,6,1.55716634206658,907.5710892162155,926.4257018836114,20.41177900946252,False,False
2243,907.6791477086908,22.288549180173227,29.392066942834997,7.177273491568381,3,0.0,907.6791477086908,937.0712146515258,29.39206694283496,False,False
2244,907.7147623168032,18.28878211989468,6.336245534172219,2.4006282951719715,4,0.0,907.7147623168032,914.0510078509755,6.336245534172235,False,False
2245,907.8108347266977,14.007187666309592,25.67281050217956,1.8060916943858167,5,0.0,907.8108347266977,933.4836452288773,25.672810502179573,False,False
2246,907.867337133396,5.034192142701926,28.335746831745773,7.820396697638899,6,0.0,907.867337133396,936.2030839651417,28.335746831745723,False,False
2247,907.9466384577233,30.46135825039434,5.267739444885874,1.592332287525028,7,0.0,907.9466384577233,913.2143779026092,5.2677394448858195,False,False
2241,907.6459912484917,17.379537583867357,15.828957632276618,1.3666115896686448,1,0.4914087673779477,908.1374000158696,923.9663576481462,16.320366399654517,False,False
2249,908.1814838607081,12.110694980917177,13.662562763512604,6.316922371706972,9,0.0,908.1814838607081,921.8440466242207,13.662562763512597,False,False
2250,908.4348444075666,23.061493390760074,10.264995212999601,4.330438338039111,10,0.0,908.4348444075666,918.6998396205662,10.264995212999565,False,False
2252,908.9025664049286,22.765556363907642,26.338219777923857,6.745500781184098,12,0.0,908.9025664049286,935.2407861828525,26.338219777923882,False,False
2248,908.1525974748968,25.38181025598234,18.01590221620945,6.0847424088361155,8,1.1494449164007392,909.3020423912975,927.317944607507,19.165347132610236,False,False
2257,909.3698924220183,9.732118851338177,13.575632193068731,7.251255770009562,17,0.0,909.3698924220183,922.945524615087,13.575632193068714,False,False
2261,909.5053095686732,16.968120394121954,10.204952870042582,2.1408069855428686,1,0.0,909.5053095686732,919.7102624387157,10.204952870042575,False,False
2264,909.7059209045439,28.861445999368225,25.84846606340879,5.66581493819139,4,0.0,909.7059209045439,935.5543869679526,25.84846606340875,False,False
2266,910.1212844961982,11.010085723335754,17.07932362029838,5.311957781530763,6,0.0,910.1212844961982,927.2006081164966,17.079323620298396,False,False
2267,910.3479588185468,20.386134226444987,29.875820394374035,4.165436697126966,7,0.0,910.3479588185468,940.2237792129208,29.875820394374045,False,False
2215,904.9872172829761,24.98426174569316,18.484572109967726,2.860199972006261,15,5.4523455375647245,910.4395628205408,928.9241349305086,23.936917647532482,False,True
2235,907.0136928708878,9.700525067859566,17.442943206617013,4.635099006966352,15,3.42586994965302,910.4395628205408,927.8825060271578,20.868813156269994,False,False
2277,910.987054092838,14.287229462125907,20.1266601934893,7.313810608603517,17,0.0,910.987054092838,931.1137142863273,20.12666019348933,False,False
2272,910.6714467150329,5.9926053466544635,24.333986681853894,5.724570377095411,12,0.38171045604440224,911.0531571710773,935.3871438529311,24.715697137898246,False,False
2281,911.1650014065224,12.016350277495736,14.797997656725062,5.093962148684851,1,0.0,911.1650014065224,925.9629990632475,14.797997656725101,False,False
2255,909.245184769272,34.81821014271485,20.743361821967078,2.637390902271962,15,2.177052317872267,911.4222370871443,932.1655989091113,22.920414139839295,False,False
2263,909.6833184106127,17.946457161202147,20.68735683547322,6.202229879635552,3,1.7994628149539267,911.4827812255667,932.1701380610399,22.48681965042715,False,False
2198,903.38258334956,33.290523295890594,9.921980061687027,6.327035260672526,18,8.263387087268029,911.6459704368281,921.5679504985151,18.185367148955038,False,True
2292,912.0930296830095,9.415163166111498,3.8525843554761425,5.736114624727647,12,0.0,912.0930296830095,915.9456140384856,3.852584355476097,False,False
2297,912.2384039065977,26.26123847455882,17.78143813070647,2.8323898838873967,17,0.0,912.2384039065977,930.0198420373041,17.78143813070642,False,False
2269,910.4665497639543,16.16813741241132,15.033721051102743,5.81596119312053,9,2.032264487593011,912.4988142515473,927.53253530265,17.065985538695713,False,False
2253,908.9630915083668,15.911315541468472,19.22271365137017,5.595861862498084,13,3.5486282662205895,912.5117197745874,931.7344334259576,22.771341917590803,False,False
2273,910.7754993860939,16.429260109682744,28.124519285395543,7.145619037041024,13,1.736220388493507,912.5117197745874,940.6362390599829,29.860739673889043,False,False
2301,912.5312128544938,9.720669419003492,13.506745358657076,6.588736767784727,1,0.0,912.5312128544938,926.0379582131509,13.5067453586571,False,False
2287,911.5025729376673,24.843769622057046,29.275824693599255,1.3679051506906572,7,1.711804964941848,913.2143779026092,942.4902025962084,30.987629658541096,False,True
2307,913.1093682875328,19.083813675560705,2.825942957500717,4.831727978051534,7,0.1050096150763693,913.2143779026092,916.0403208601099,2.930952572577098,False,False
2218,905.4375252533051,17.179090134135183,13.30409270861315,6.074212495300323,18,7.852084253456951,913.2896095067621,926.5937022153752,21.15617696207005,False,True
2286,911.4394366462545,12.658280662451348,25.509743617836033,2.0906669150722195,6,2.065113249125261,913.5045498953798,939.0142935132159,27.57485686696134,False,False
2317,913.7142578964671,16.358866515806767,16.384253538489244,6.688057124054401,17,0.0,913.7142578964671,930.0985114349563,16.384253538489247,False,False
2270,910.5425657001146,26.027161934860935,29.58378243808988,3.215528486711789,10,3.380211604562078,913.9227773046766,943.5065597427665,32.96399404265196,False,True
2321,913.9259479024425,21.03539013572332,2.1591680948760814,2.447996861698722,1,0.0,913.9259479024425,916.0851159973187,2.1591680948761223,False,False
2284,911.301657754221,27.18719697012046,10.76554709602509,6.0553581658497,4,2.7493500967544833,914.0510078509755,924.8165549470006,13.514897192779586,False,False
2312,913.4775624368528,14.903682457089342,16.27696621735461,2.5199798601848715,12,0.8330663307646091,914.3106287676175,930.587594984972,17.110032548119193,False,False
2256,909.3669827182754,24.22991031044004,15.488278177020575,5.3295873447400455,16,5.040809828056695,914.4077925463321,929.8960707233526,20.529088005077256,False,False
2268,910.4039250170792,15.876249801139018,8.959090514989146,5.399233770400526,8,4.008541938101757,914.412466955181,923.3715574701702,12.967632453090914,False,False
2288,911.5232378813439,20.58910878043065,24.47860282500962,1.383773536774597,8,2.8892290738371003,914.412466955181,938.8910697801906,27.367831898846703,False,True
2341,915.1824698258091,14.348072782767106,27.46691299341396,3.101731417345402,1,0.0,915.1824698258091,942.6493828192231,27.466912993413985,False,False
2238,907.216998108682,31.092657816705348,12.51954313380034,6.586363659407973,18,8.11049721383904,915.327495322521,927.8470384563213,20.63004034763935,False,True
2234,906.8022215774878,25.685993839633912,21.65109438264507,5.196202519083506,14,8.622539706586508,915.4247612840743,937.0758556667193,30.273634089231564,False,True
2254,909.058781452058,10.303391679531885,2.0080506380220253,4.230440660884856,14,6.365979832016251,915.4247612840743,917.4328119220963,8.374030470038292,False,True
2242,907.6506036612358,26.9410500368563,24.39619323532421,1.7606679666828147,2,8.376013097121472,916.0266167583572,940.4228099936814,32.77220633244565,False,True
2262,909.5070711869898,19.898351268160887,20.66929732489342,6.133425530024445,2,6.519545571367416,916.0266167583572,936.6959140832507,27.188842896260894,False,True
2265,909.7761104616665,32.043356124959075,25.197311003297926,7.237889900513659,5,7.011667151087295,916.7877776127538,941.9850886160517,32.20897815438525,False,False
2285,911.4291707426112,13.113801554578297,14.079055889656921,6.1736454122366995,5,5.35860687014258,916.7877776127538,930.8668335024107,19.437662759799537,False,False
2361,917.1855655916629,18.752470214217233,6.856583062457822,7.385295604787608,1,0.0,917.1855655916629,924.0421486541208,6.856583062457844,False,False
2259,909.4133733132784,24.769751412687235,25.27504151092446,2.3260830061545894,19,7.836908609214902,917.2502819224933,942.5253234334177,33.11195012013934,False,True
2279,911.0550738199536,19.437343471146637,27.645255984893403,5.3224809320109285,19,6.195208102539709,917.2502819224933,944.8955379073867,33.84046408743313,False,True
2274,910.8099827127658,29.589745524647885,15.677003043739322,1.8429324159985558,14,6.622829209330575,917.4328119220963,933.1098149658357,22.299832253069894,False,True
2304,912.8372723875161,24.67602007224649,19.144332174059393,5.280636193529742,4,4.969138142894963,917.8064105304111,936.9507427044705,24.113470316954363,False,False
2283,911.266457019139,27.221151031655186,10.715366137940483,2.776149130501888,3,7.614198383538337,918.8806554026773,929.5960215406178,18.3295645214788,False,True
2251,908.5632095957133,28.638310074645705,3.1814380133622997,3.416700709209943,11,10.619472204528165,919.1826818002414,922.3641198136037,13.800910217890419,False,True
2271,910.6634921656605,11.363838195918898,24.912936040097154,3.4845144225648674,11,8.519189634580925,919.1826818002414,944.0956178403386,33.432125674678105,False,True
2260,909.4530235883232,27.14871641269974,4.433543505463495,7.428412853122696,0,9.931336940755841,919.384360529079,923.8179040345425,14.364880446219331,False,True
2280,911.1407539983256,15.167084321518407,6.400923305929965,1.9046162285927677,0,8.243606530753368,919.384360529079,925.785283835009,14.644529836683319,False,True
2305,912.9119578325185,10.680577690721254,8.053742591320425,2.2152665531000495,5,6.701124926848934,919.6130827593674,927.6668253506879,14.754867518169362,False,True
2381,918.4468821566209,11.548239799649709,5.720274587412935,2.1011752106120123,1,1.2633802820948858,919.7102624387157,925.4305370261287,6.983654869507859,False,False
2290,911.9937994670379,29.10226055187673,15.63488357445499,3.1616559835835383,10,8.18882012941242,920.1826195964503,935.8175031709053,23.82370370386741,False,True
2276,910.9614256402847,14.546309839642587,11.223393882199193,3.517198099756938,16,9.245688361910652,920.2071140021953,931.4305078843945,20.469082244109813,False,True
2282,911.1992623927114,17.566347668706747,26.17726510997119,6.320536586422728,2,9.23410808659844,920.4333704793098,946.6106355892811,35.411373196569684,False,True
2258,909.3738870400821,28.30765819187323,26.30128454926898,4.719763733225709,18,12.194063458432993,921.5679504985151,947.8692350477841,38.49534800770198,False,True
2278,910.9972392214511,22.771973445175053,21.590880243325735,5.257669764238459,18,10.570711277063992,921.5679504985151,943.1588307418408,32.16159152038972,False,True
2289,911.702168710163,33.24285958934409,12.715491357270242,7.892185637703985,9,10.107120549038768,921.8092892592018,934.5247806164721,22.82261190630902,False,True
2309,913.1488013081706,11.829582779971492,13.679846511298772,1.5119700769240172,9,8.6604879510312,921.8092892592018,935.4891357705006,22.34033446233002,False,True
2296,912.2261077304144,24.312717219120497,21.799110946201477,7.313744379036685,16,9.596180208161286,921.8222879385756,943.6213988847771,31.39529115436278,False,True
2294,912.1893805980301,7.276851181366136,26.71760784769579,2.24415333922187,14,9.976571874950537,922.1659524729806,948.8835603206765,36.69417972264637,False,True
2302,912.5610689933986,17.608851082646975,14.47289237552529,6.089176467603065,2,9.683060056614863,922.2441290500135,936.7170214255387,24.15595243214011,False,True
2322,913.9316674843452,5.4544385335706735,25.587786630272728,7.63217799302228,2,8.312461565668286,922.2441290500135,947.8319156802862,33.900248195941,False,True
2291,912.0337106939378,26.96922156834075,6.8655268674483985,6.87018486026075,11,10.330409119665887,922.3641198136037,929.229646681052,17.19593598711424,False,True
2337,915.029468166493,34.47657504296996,7.2361998804507195,6.5532263206945105,17,7.916056448594077,922.945524615087,930.1817244955378,15.152256329044803,False,True
2310,913.2477646053582,29.413712969696093,16.982112613590893,7.95949631043798,10,9.971639504232144,923.2194041095903,940.2015167231812,26.953752117823,False,True
2327,914.3361034163439,20.32154549963513,3.625835331852819,5.988161473190436,7,9.033574908604237,923.3696783249482,926.995513656801,12.659410240457078,False,True
2308,913.1424503809835,10.196540401922581,15.511396000016305,2.3554814144352827,8,10.229107089186641,923.3715574701702,938.8829534701865,25.740503089203003,False,True
2332,914.6651238440734,31.055232391967593,14.63466544987199,5.063540771199731,12,8.78017852110088,923.4453023651743,938.0799678150463,23.414843970972925,False,True
2300,912.371118974666,28.22044865118801,10.944310815098483,3.161717614123077,0,11.182106317598596,923.5532252922646,934.4975361073631,22.126417132697043,False,True
2299,912.3558752896755,19.150545800213695,17.431281395593572,7.710377112796862,19,11.303307473020936,923.6591827626964,941.09046415829,28.734588868614537,False,True
2320,913.918365316018,24.69458105702418,18.532568222658053,4.253032434999132,0,9.899538718524468,923.8179040345425,942.3504722572005,28.432106941182496,False,True
2401,920.5507058948032,27.195678240033924,2.840609380423809,5.231634623315304,1,3.4156517533430133,923.9663576481462,926.8069670285699,6.25626113376677,False,False
2421,922.3199824521606,16.119647079764764,19.74509105973528,7.912002552985603,1,1.7221662019601354,924.0421486541208,943.787239713856,21.46725726169541,False,False
2311,913.2801479296149,17.969799636784806,12.527006493190786,6.120705276203188,11,10.825189374144088,924.105337303759,936.6323437969498,23.3521958673349,False,True
2331,914.6224368280886,11.108243666294598,5.717405260711273,5.940841715086584,11,9.482900475670476,924.105337303759,929.8227425644703,15.200305736381779,False,True
2319,913.7962773474724,25.094999631044836,4.149528346189939,4.220052856339749,19,10.79947770205547,924.5957550495278,928.7452833957178,14.949006048245451,False,True
2328,914.3707978890395,32.047188991386264,29.549820692976954,6.690389594452059,8,10.339099599659903,924.7098974886994,954.2597181816764,39.88892029263684,False,True
2306,912.9251914719779,13.079774646355162,29.940786352901274,4.579668564115667,6,11.869340108909796,924.7945315808877,954.7353179337889,41.81012646181102,False,True
2324,914.1298735634091,22.21808569642632,22.439566860429107,7.785865986572737,4,10.686681383591463,924.8165549470006,947.2561218074296,33.12624824402053,False,True
2303,912.6805199852208,26.256188267924163,21.638875064617007,6.368632888199089,3,13.234196596745392,925.9147165819662,947.5535916465832,34.87307166136236,False,True
2441,924.0385468455135,27.872488075188304,24.155989267533442,7.186790477505927,1,1.9244522177340286,925.9629990632475,950.1189883307809,26.080441485267443,False,False
2461,926.3582713985655,9.34486645142388,7.914857924283322,5.394290136025095,1,0.0,926.3582713985655,934.2731293228488,7.914857924283297,False,False
2326,914.2851423131375,33.34077887670761,25.45281211542159,3.7558238468264267,6,12.140559570473897,926.4257018836114,951.878513999033,37.59337168589548,False,True
2347,915.6068002584765,20.879942658626756,4.930110128413694,5.111929330382305,7,11.304120622328469,926.910920880805,931.8410310092187,16.2342307507422,False,True
2367,917.4736132422602,18.021223202975136,3.8066445132595925,6.7564001240703355,7,9.521900414540823,926.995513656801,930.8021581700606,13.328544927800408,False,True
2346,915.5705340929966,31.85661646180781,13.05134103986342,6.054801364224016,6,11.630074023500015,927.2006081164966,940.2519491563601,24.681415063363488,False,True
2348,915.9694156236181,34.959485357443825,4.5898120726471925,7.267124419599892,8,11.348528983888855,927.317944607507,931.9077566801542,15.938341056536046,False,True
2325,914.15950573229,24.315604955143264,18.02005698342333,3.954341953772401,5,13.5073196183979,927.6668253506879,945.6868823341113,31.527376601821288,False,True
2298,912.331606656161,26.53083207914289,21.700514380373445,2.3407093742372647,18,15.5154318001604,927.8470384563213,949.5475528366948,37.21594618053382,False,True
2318,913.7278200147111,17.46328366875111,9.025680467232867,4.093154420229509,18,14.119218441610201,927.8470384563213,936.8727189235542,23.14489890884306,False,True
2275,910.8929356598717,32.35772934644189,7.67736051924458,7.778828215081821,15,16.989570367286092,927.8825060271578,935.5598665464023,24.666930886530622,False,True
2295,912.1895843814674,6.753420121820849,6.678206591156213,6.172990356376875,15,15.692921645690376,927.8825060271578,934.560712618314,22.37112823684663,False,True
2481,928.1007511457435,23.436436026456892,4.005010396230865,6.72000472235331,1,0.0,928.1007511457435,932.1057615419744,4.005010396230887,False,False
2339,915.137234199407,22.29357282617654,29.575623408162716,4.364963511128503,19,13.608049196310844,928.7452833957178,958.3209068038806,43.1836726044736,False,True
2315,913.578905629314,10.56370006484098,8.072786098208864,3.0829431879933806,15,15.345229301194536,928.9241349305086,936.9969210287175,23.41801539940343,False,True
2351,916.5570779853404,24.06800705504282,16.755392894698566,5.274237070951935,11,12.428060111274135,928.9851380966145,945.7405309913131,29.18345300597275,False,True
2371,917.6741774926031,25.62072281920955,11.443332027981171,2.957337321632113,11,11.55546918844891,929.229646681052,940.6729787090333,22.998801216430138,False,True
2329,914.4581328675671,32.42723862582611,28.180750484641003,5.36496971891807,9,15.1276850361088,929.5858179036759,957.7665683883168,43.308435520749754,False,True
2349,915.9839166362373,8.383961956019089,21.583763164294734,6.2811529067650245,9,13.60190126743862,929.5858179036759,951.1695810679706,35.18566443173336,False,True
2293,912.1526181419835,15.970089671267985,26.275051661231497,5.401096394413452,13,17.44200957161081,929.5946277135943,955.8696793748258,43.7170612328423,False,True
2323,914.1058209898532,19.85422566259155,26.952725696199625,5.81134516473244,3,15.490200550764598,929.5960215406178,956.5487472368175,42.44292624696425,False,True
2343,915.2898238511716,9.131538589396179,7.337261220268623,2.6271022735895047,3,14.306197689446208,929.5960215406178,936.9332827608864,21.64345890971481,False,True
2316,913.6337076623496,25.905508652717742,14.044784763542534,2.3790600465149465,16,16.262363061003043,929.8960707233526,943.9408554868952,30.30714782454561,False,True
2357,916.9165676863208,9.577843952190188,28.008491240458042,6.656904027866817,17,13.10327435098327,930.0198420373041,958.0283332777622,41.111765591441326,False,True
2377,917.8636815162981,11.506319210667378,22.50948012371705,5.552362894028576,17,12.156160521005972,930.0198420373041,952.5293221610211,34.665640644723,False,True
2397,920.1667891475703,10.365074222433908,12.895115407202528,7.112756528443144,17,9.853052889733817,930.0198420373041,942.9149574445066,22.748168296936342,False,True
2417,922.0746538635002,25.89521697188393,9.046605569582226,5.384625935126888,17,8.107070632037562,930.1817244955378,939.22833006512,17.15367620161976,False,True
2437,923.921762164485,18.5686254863989,18.280897227957134,7.039562133605543,17,6.259962331052748,930.1817244955378,948.4626217234949,24.540859559009846,False,False
2336,914.9381306015173,31.85470749749242,25.36246850585938,1.9048373774451184,16,15.424931067190869,930.3630616687082,955.7255301745676,40.787399573050266,False,True
2352,916.5771706169509,26.801115993068343,29.158518506106333,4.554628989800616,12,14.010424368021177,930.587594984972,959.7461134910784,43.16894287412754,False,True
2387,919.2733690988172,30.500054391245687,24.75674127221592,5.803347498781118,7,11.52878907124341,930.8021581700606,955.5588994422765,36.2855303434593,False,True
2345,915.4704053591466,28.49060416304651,21.79881164637625,3.8155425656619277,5,15.396428143264075,930.8668335024107,952.665645148787,37.19523978964037,False,True
2340,915.1513034574336,26.317984806692678,7.437830615624151,4.817883430054433,0,15.739163875548911,930.8904673329826,938.3282979486067,23.176994491173105,False,True
2457,925.898772946262,16.66279206070498,29.13861978881694,7.038076495823282,17,5.214941340065252,931.1137142863273,960.2523340751443,34.353561128882234,False,False
2356,916.7851293374121,9.03430427408878,10.22697591429857,7.268844388956202,16,14.645378546982442,931.4305078843945,941.6574837986931,24.87235446128102,False,True
2314,913.5232425307752,10.713610138645977,15.835563731264358,2.3646139178330907,14,18.03075754378574,931.5540000745609,947.3895638058252,33.86632127505004,False,True
2313,913.5097735423938,11.843992605951449,2.5905957176247005,7.47727016262613,13,18.224659883563845,931.7344334259576,934.3250291435824,20.815255601188596,False,True
2407,921.380704354346,12.567024628437892,6.856844119478165,7.634495821013037,7,10.460326654872688,931.8410310092187,938.6978751286969,17.31717077435087,False,True
2368,917.4991793874938,23.280819579488288,3.5725123874867464,7.981215851654884,8,14.408577292660425,931.9077566801542,935.480269067641,17.981089680147193,False,True
2501,930.1053149724148,19.01791515665424,27.72371398744602,2.4825546672406333,1,2.0004465695595854,932.1057615419744,959.8294755294204,29.724160557005575,False,False
2335,914.8639172533713,31.44390785890244,22.04491956656234,2.6187238698391155,15,17.301681655740026,932.1655989091113,954.2105184756737,39.34660122230241,False,True
2355,916.6160513853183,8.343653828168716,11.730226450345283,7.387033068164508,15,15.549547523792967,932.1655989091113,943.8958253594566,27.279773974138266,False,True
2333,914.7349789680097,21.70922997244647,29.213568290850603,4.646780607667715,13,17.76490236354266,932.4998813315524,961.713449622403,46.97847065439328,False,True
2353,916.5896638597951,19.020940951000682,20.414607008036988,2.08413659506902,13,16.064630068070755,932.6542939278659,953.0689009359029,36.47923707610778,False,True
2373,917.7343812994158,12.328666354936772,25.215404389482796,2.928052650313448,13,14.919912628450106,932.6542939278659,957.8696983173487,40.13531701793295,False,True
2334,914.7428136779429,28.310207000740917,29.57818428401913,1.7375800442085136,14,18.367001287892776,933.1098149658357,962.6879992498548,47.94518557191191,False,True
2354,916.5935213803166,9.383945453595715,14.269039552249216,6.138953092617254,14,16.516293585519065,933.1098149658357,947.3788545180848,30.785333137768248,False,True
2365,917.4510913048066,5.691674978284508,28.81347818842846,5.89768111188517,5,16.032553924070726,933.4836452288773,962.2971234173058,44.84603211249919,False,True
2360,916.9953295810276,29.011947601351615,18.56150964467072,7.444893202733174,0,17.5022065263355,934.4975361073631,953.0590457520339,36.06371617100626,False,True
2380,918.4438174867803,11.926095480463912,9.316274799573684,1.8222928468248014,0,16.0537186205828,934.4975361073631,943.8138109069367,25.369993420156447,False,True
2369,917.5334665367191,18.102430652701123,18.885734498188363,1.0212784640855512,9,16.99131407975301,934.5247806164721,953.4105151146605,35.87704857794142,False,True
2389,919.5206379544152,21.745190159380318,21.10077611077863,3.4421048097343996,9,15.004142662056893,934.5247806164721,955.6255567272507,36.104918772835504,False,True
2372,917.7282549727045,21.824503804545138,13.393238960457657,5.426214058393921,12,17.51253121014804,935.2407861828525,948.6340251433102,30.905770170605706,False,True
2392,919.8656213909225,16.72209522875351,26.049546477801318,4.426233504678584,12,15.521522462008647,935.3871438529311,961.4366903307324,41.57106893980995,False,True
2388,919.3654254292817,33.70276715274618,17.60663556185608,3.3599664321666682,8,16.114843638359275,935.480269067641,953.086904629497,33.7214792002153,False,True
2344,915.3929765997514,29.011529747378468,10.30692688378216,3.9716379044361427,4,20.161410368201246,935.5543869679526,945.8613138517347,30.46833725198337,False,True
2364,917.3844661490821,15.53565230881368,29.476897543871424,6.18717751373945,4,18.169920818870537,935.5543869679526,965.0312845118241,47.64681836274201,False,True
2375,917.8454152192504,26.848431231406767,29.792730211816437,5.328091737641249,15,17.71445132715189,935.5598665464023,965.3525967582187,47.507181538968325,False,True
2330,914.5258035985047,19.169175231855395,22.596254212970365,4.509759460058765,10,21.291699572400603,935.8175031709053,958.4137573838757,43.887953785370996,False,True
2350,916.3098062456794,10.17721097101479,24.1070612819307,7.0986132974439276,10,19.5076969252259,935.8175031709053,959.924564452836,43.61475820715657,False,True
2366,917.4548857627735,7.49383548107366,19.90872354193359,3.106199477681507,6,18.748198202368144,936.2030839651417,956.1118075070752,38.65692174430171,False,True
2391,919.6880294169714,33.81906378373496,20.341816701344495,7.534096298818053,11,16.944314379978437,936.6323437969498,956.9741604982943,37.28613108132288,False,True
2342,915.1896970665374,16.469804626667916,28.335653557102297,7.161640565525658,2,21.50621701671332,936.6959140832507,965.031567640353,49.84187057381564,False,True
2362,917.2463318592157,23.525673652007185,14.725466334982514,1.9431739201922684,2,19.470689566323017,936.7170214255387,951.4424877605213,34.19615590130559,False,True
2384,918.839879811622,9.959208095210073,24.35667664753345,5.110028129728857,4,18.110862892848445,936.9507427044705,961.307419352004,42.46753954038195,False,True
2404,921.0664607424507,15.86227487638888,10.664657160971704,7.369361442618115,4,15.884281962019827,936.9507427044705,947.6153998654422,26.548939122991555,False,True
2395,919.9251549566644,28.80337762777775,12.140492970490119,7.309573508394803,15,17.071766072053038,936.9969210287175,949.1374139992075,29.21225904254311,False,True
2363,917.3519234307225,32.92292805876086,25.22061239115241,4.59199167868786,3,19.719291220803257,937.0712146515258,962.2918270426782,44.93990361195563,False,True
2374,917.7914361183128,21.421978968371793,24.707258238751667,3.7154979626504785,14,19.284419548406504,937.0758556667193,961.783113905471,43.99167778715821,False,True
2394,919.8942893518746,8.821533672019209,25.398701058507886,4.189787661705339,14,17.18156631484476,937.0758556667193,962.4745567252272,42.580267373352626,False,True
2414,921.8849737485715,7.564353760463973,20.15254282150353,2.85990085790589,14,15.190881918147852,937.0758556667193,957.2283984882229,35.34342473965137,False,True
2412,921.7034732484191,11.966805057411673,6.262944802910696,3.4185894660373815,12,16.37649456662723,938.0799678150463,944.342912617957,22.639439369537968,False,True
2432,923.3912043269395,14.13320353600902,26.99367882892894,3.9487454231004335,12,14.688763488106815,938.0799678150463,965.0736466439753,41.68244231703579,False,True
2400,920.4633352432332,30.477584568754786,26.188157609685696,2.8236486840001973,0,17.8649627053735,938.3282979486067,964.5164555582925,44.05312031505923,False,True
2408,921.4484630703884,8.30511527363062,5.904238474077287,5.968518919170118,8,17.434490399798165,938.8829534701865,944.7871919442638,23.338728873875425,False,True
2428,922.990262496358,21.098713708352072,13.522709488406601,1.4485965647200185,8,15.900807283832592,938.8910697801906,952.4137792685972,29.423516772239168,False,True
2386,919.0389154806793,11.154405568983652,5.162827285419235,4.724796473869967,6,19.975378032536582,939.0142935132159,944.1771207986351,25.138205317955794,False,True
2477,927.9043166695523,10.758185542769853,7.312231078691504,1.5082772096242754,17,11.324013395567704,939.22833006512,946.5405611438115,18.63624447425923,False,True
2497,929.3334634991144,17.55171652553458,27.03158715722499,7.779168641895094,17,9.89486656600559,939.22833006512,966.2599172223449,36.926453723230566,False,True
2370,917.6074258872883,25.83430940072801,10.7725668943347,3.8273675718349938,10,22.59409083589287,940.2015167231812,950.9740836175158,33.36665773022753,False,True
2521,940.2191854371478,5.512840458655102,19.51512662313512,3.364360640440629,1,0.0,940.2191854371478,959.7343120602828,19.515126623135075,False,False
2427,922.8961621386029,31.01704186159854,17.11184484276567,1.3138019595215251,7,17.327617074317914,940.2237792129208,957.3356240556865,34.43946191708358,False,True
2406,921.3298763131718,7.952949660394896,24.700859973278625,6.891915925856613,6,18.92207284318829,940.2519491563601,964.9528091296387,43.622932816466914,False,True
2426,922.8016060423304,23.9078620536358,22.61982684539562,7.419539357540728,6,17.450343114029693,940.2519491563601,962.8717760017557,40.07016995942536,False,True
2382,918.7777859300065,26.745656786855736,3.5107237652712184,1.2844240805921074,2,21.645024063674896,940.4228099936814,943.9335337589526,25.15574782894612,False,True
2402,920.857447151667,5.86219533744241,5.364734336382763,6.611356013134607,2,19.56536284201445,940.4228099936814,945.7875443300642,24.930097178397205,False,True
2393,919.8723785150645,30.183715520422233,28.34828945612712,3.270104649833952,13,20.76386054491843,940.6362390599829,968.98452851611,49.11215000104551,False,True
2411,921.667375125407,22.56441656681491,3.4212788392895797,2.4160593565337756,11,19.005603583626225,940.6729787090333,944.0942575483228,22.42688242291581,False,True
2359,916.9905602578507,25.326651214085814,14.38679502422839,4.4065673542397334,19,24.099903900439358,941.09046415829,955.4772591825184,38.486698924667735,False,True
2385,918.8926751482527,16.118883838241587,18.55023237832167,7.85738746548904,5,23.09241346779902,941.9850886160517,960.5353209943734,41.64264584612067,False,True
2405,921.2922607978787,18.090347941578916,27.53842531393592,6.230554685152692,5,20.692827818172987,941.9850886160517,969.5235139299876,48.23125313210892,False,True
2420,922.3165474133916,14.065888785477766,3.7447360051428564,4.571339780950803,0,20.033924843808904,942.3504722572005,946.0952082623434,23.778660848951745,False,True
2447,924.5776449096346,14.59506852630488,25.087214886190495,6.203977564405702,7,17.91255768657379,942.4902025962084,967.5774174823989,42.9997725727643,False,True
2379,918.4205610236913,26.720668568901214,18.786169879291826,3.4232945557181287,19,24.10476240972639,942.5253234334177,961.3114933127096,42.890932289018224,False,True
2338,915.0332739060775,34.82121275627147,10.498988972236422,1.5636347832829995,18,28.12555683576329,943.1588307418408,953.6578197140773,38.624545807999766,False,True
2390,919.5736370643581,30.65062432200788,20.63657806368746,6.769832147684811,10,23.93292267840843,943.5065597427665,964.143137806454,44.5695007420959,False,True
2376,917.8515406887145,34.60769254444723,21.179770824114712,2.155122053256411,16,25.769858196062614,943.6213988847771,964.8011697088918,46.949629020177326,False,True
2415,922.0375614451802,10.366850567693344,13.262413327469885,4.600469851460991,15,21.858263914276336,943.8958253594566,957.1582386869264,35.12067724174619,False,True
2422,922.4762574082968,13.45842152358175,10.315652259318881,1.4971438183210546,2,21.45727635065589,943.9335337589526,954.2491860182715,31.77292860997477,False,True
2442,924.0532461830923,8.803556838240262,8.840665274010643,3.6052789776387244,2,19.880287575860393,943.9335337589526,952.7741990329633,28.720952849871082,False,True
2396,920.0322975369799,31.99267674062055,6.282641379769229,7.97160463491762,16,23.908557949915348,943.9408554868952,950.2234968666644,30.191199329684537,False,True
2431,923.2508715010366,23.026951045393847,13.692122510703102,4.446207086906738,11,20.84338604728623,944.0942575483228,957.786380059026,34.535508557989374,False,True
2448,924.6677856793505,7.818008476988075,7.671948333426037,1.7446550366251985,8,20.119406264913323,944.7871919442638,952.4591402776898,27.791354598339353,False,True
2399,920.3148580363713,20.555534923868322,8.45394142376069,6.652448435378788,19,24.580679871015377,944.8955379073867,953.3494793311474,33.034621294776116,False,True
2425,922.7115102468974,29.060449330798996,17.204257100990283,7.999699638960634,5,22.975372087213827,945.6868823341113,962.8911394351015,40.1796291882041,False,True
2451,924.7430398010612,24.426100483931126,28.378966106411102,1.087371747537555,11,20.997491190251935,945.7405309913131,974.1194970977242,49.376457296663034,False,True
2471,927.1477838298075,9.268424073161203,16.849819596945395,3.788090731506178,11,18.5927471615056,945.7405309913131,962.5903505882585,35.442566758450994,False,True
2491,928.8432791440085,5.600560649872035,21.250433119764978,5.625500379656201,11,16.897251847304574,945.7405309913131,966.990964111078,38.147684967069495,False,True
2424,922.7032025405292,33.75489996661388,21.383803614858202,3.4792873627287855,4,23.158111311205516,945.8613138517347,967.2451174665929,44.54191492606367,False,True
2440,924.0381344665459,30.433745582871676,3.6281604179468165,5.145601879677813,0,22.057073795797464,946.0952082623434,949.7233686802902,25.685234213744252,False,True
2460,926.2042520869472,5.516475119727704,19.916815905215962,6.696641160916222,0,19.890956175396127,946.0952082623434,966.0120241675593,39.80777208061204,False,True
2517,937.868672748003,25.718786580975692,6.170388266695897,5.1762834585696424,17,8.671888395808537,946.5405611438115,952.7109494105074,14.842276662504446,False,True
2462,926.3733258322086,20.050232136528756,26.345799054018222,4.073805045847912,2,20.237309757072467,946.6106355892811,972.9564346432993,46.58310881109071,False,True
2444,924.4662958260751,10.001342469986842,14.078520206738443,2.7326148100811913,4,22.78982598135451,947.2561218074296,961.334642014168,36.868346188092914,False,True
2434,923.5127503414323,21.038514217892807,4.295750907892341,2.148533437435778,14,23.876813464392967,947.3895638058252,951.6853147137176,28.172564372285365,False,True
2383,918.8263389843132,21.37245555953986,21.6740061332304,3.168675012813353,3,28.72725266226996,947.5535916465832,969.2275977798136,50.401258795500326,False,True
2403,920.8874714653712,17.449447677750957,25.007831414170553,1.2484477858148688,3,26.666120181212023,947.5535916465832,972.5614230607538,51.67395159538262,False,True
2541,947.7197853516057,34.076841446273065,20.95365606895755,3.6319385337646493,1,0.0,947.7197853516057,968.6734414205632,20.95365606895757,False,False
2482,928.3451581927831,13.072857709948934,21.86752470532107,4.970468662550367,2,19.486757487503155,947.8319156802862,969.6994403856073,41.35428219282426,False,True
2358,916.9290018745854,17.851513957019723,18.450178459651244,3.6236727399753876,18,30.940233173198635,947.8692350477841,966.3194135074353,49.39041163284992,False,True
2378,918.238581762989,18.2543646382978,27.054062364264222,3.844070902823672,18,29.630653284795017,947.8692350477841,974.9232974120483,56.684715649059285,False,True
2452,924.9387283465481,22.551633629628423,21.384347634703367,4.560896459339197,12,23.695296796762022,948.6340251433102,970.0183727780135,45.07964443146534,False,True
2435,923.7340600583516,16.297464985326656,16.076838983324357,6.134838587702147,15,25.403353940855936,949.1374139992075,965.2142529825319,41.4801929241803,False,True
2398,920.3129960236661,13.413774498612407,19.29330469758862,3.727189693603394,18,29.23455681302869,949.5475528366948,968.8408575342834,48.5278615106173,False,True
2480,928.040853154062,12.420215521962016,20.44631533284974,6.70855960418855,0,21.682515526228144,949.7233686802902,970.1696840131399,42.12883085907788,False,True
2416,922.062294863186,11.606377002111138,26.627837430746343,6.838477168211778,16,28.161202003478365,950.2234968666644,976.8513342974107,54.78903943422472,False,True
2436,923.8932692731854,21.733364517834843,7.625991436057806,5.23245543790152,16,26.33022759347898,950.2234968666644,957.8494883027222,33.95621902953678,False,True
2410,921.5087049079297,31.868211580239166,24.692966359255454,6.064149888155759,10,29.46537870958616,950.9740836175158,975.6670499767713,54.15834506884164,False,True
2502,931.0192603176698,13.004630970686234,18.836763136602126,3.7035790461282727,2,20.4232274428515,951.4424877605213,970.2792508971235,39.25999057945364,False,True
2454,925.6176421870753,29.546216662108975,22.549712513851226,4.658388452619903,14,26.067672526642355,951.6853147137176,974.2350272275688,48.61738504049356,False,True
2446,924.5345413885035,25.90903042944964,14.974107842920382,4.926053755043183,6,27.343972610529477,951.878513999033,966.8526218419534,42.31808045344985,False,True
2466,926.8691813989235,16.254500126361958,28.198466341244323,3.6803661209056973,6,25.009332600109474,951.878513999033,980.0769803402773,53.20779894135376,False,True
2468,926.9171972085093,25.595989543523263,6.390126878133376,4.1946763928871045,8,25.496582060087917,952.4137792685972,958.8039061467306,31.886708938221318,False,True
2488,928.6187964315271,7.7929876285303905,11.157948302371098,7.4380675576592274,8,23.840343846162682,952.4591402776898,963.6170885800609,34.99829214853378,False,True
2445,924.5294020465622,15.016899538229486,6.896063115598514,2.6271687218639883,5,28.136243102224853,952.665645148787,959.5617082643855,35.03230621782336,False,True
2537,946.3188765024153,31.67645075215188,21.084500615952884,2.077078025492852,17,6.392072908092132,952.7109494105074,973.7954500264602,27.476573524044966,False,True
2500,929.8869121825385,22.70080724344404,9.148076058742886,5.7368269368246985,0,23.172133569495372,953.0590457520339,962.2071218107767,32.32020962823822,False,True
2520,938.4628287829486,21.39034774804329,29.646481782972085,1.7762775078387207,0,14.596216969085276,953.0590457520339,982.7055275350059,44.24269875205732,False,True
2413,921.7926368128387,9.951752299381827,8.470089118134583,6.928140843692973,13,31.276264123064152,953.0689009359029,961.5389900540375,39.74635324119879,False,True
2508,933.88924554527,29.99703188416797,11.230375876346418,5.999901853069702,8,19.197659084226984,953.086904629497,964.3172805058434,30.428034960573427,False,True
2557,953.1400493906357,14.083945918818106,20.745046969722054,7.20891662299764,17,0.0,953.1400493906357,973.8850963603577,20.74504696972201,False,False
2419,922.1562507134083,19.578067087407412,20.558859685198108,2.841769381070541,19,31.193228617739123,953.3494793311474,973.9083390163455,51.75208830293718,False,True
2561,953.3577839145981,16.19035633658093,11.429140901144013,4.4566584614572635,1,0.0,953.3577839145981,964.7869248157422,11.429140901144024,False,False
2409,921.4663948721602,33.71027379382366,18.27354130378254,6.658430930849651,9,31.944120242500276,953.4105151146605,971.684056418443,50.217661546282784,False,True
2429,923.0377036245757,12.02686298996134,19.576347406438625,4.793021843699671,9,30.372811490084814,953.4105151146605,972.986862521099,49.949158896523386,False,True
2418,922.111905741915,21.538716588104492,17.963848575921777,5.96858641222214,18,31.545913972162225,953.6578197140773,971.6216682899991,49.50976254808404,False,True
2455,925.7149398615123,32.983018712436476,25.04819620642664,5.463628226066814,15,28.49557861416133,954.2105184756737,979.2587146821003,53.54377482058794,False,True
2522,941.2995434163105,28.83177251771653,4.093531834671969,3.110252052129817,2,12.949642601961045,954.2491860182715,958.3427178529435,17.043174436632967,False,True
2528,942.6407572920002,9.16350593075287,23.084889472330037,5.923298957177788,8,11.618960889676146,954.2597181816764,977.3446076540064,34.703850362006165,False,True
2486,928.517653526314,12.465919081914725,16.88993937705886,4.815039787799831,6,26.2176644074749,954.7353179337889,971.6252573108478,43.10760378453381,False,True
2439,923.9923140170765,20.629122857461127,25.612716089195033,6.041121999365418,19,31.4849451654419,955.4772591825184,981.0899752717135,57.09766125463693,False,True
2467,926.8715715436718,25.722801037382702,21.603374284086673,1.8053152701347845,7,28.68732789860462,955.5588994422765,977.1622737263632,50.29070218269135,False,True
2456,925.719098170367,12.608845631183915,9.196699505107077,5.704716365655275,16,30.00643200420052,955.7255301745676,964.9222296796746,39.20313150930758,False,True
2433,923.4122228271196,15.744287239009328,4.326043971871222,2.087352444311938,13,32.4574565477061,955.8696793748258,960.1957233466969,36.783500519577274,False,True
2506,931.9798405031453,11.90697481503306,27.916895006750043,5.471811171041459,6,24.131967003929958,956.1118075070752,984.0287025138252,52.048862010679954,False,True
2423,922.6591624218806,23.149219960114607,26.94774595443325,6.0005841470050765,3,33.889584814936825,956.5487472368175,983.4964931912507,60.837330769370055,False,True
2511,934.5976624540625,33.45570555042962,26.943200875790737,6.186561921827073,11,22.376498044231766,956.9741604982943,983.917361374085,49.31969892002246,False,True
2475,927.7363579708726,17.64968684045428,12.407631320475025,4.135289763819048,15,29.421880716053806,957.1582386869264,969.5658700074015,41.829512036528854,False,True
2487,928.5638901452713,30.7245996018048,7.775553709090554,7.544982346756649,7,28.77173391041515,957.3356240556865,965.111177764777,36.54728761950571,False,True
2507,932.8271376055975,5.431960417231426,20.634152349708465,4.82377635527876,7,24.50848645008898,957.3356240556865,977.9697764053949,45.142638799797396,False,True
2449,924.7155772213946,32.01663624670801,11.166907071949897,3.4865258153339953,9,33.050991166922245,957.7665683883168,968.9334754602668,44.21789823887218,False,True
2469,927.0703458195044,11.712694729916032,27.729080651485095,7.159870871920603,9,30.69622256881246,957.7665683883168,985.495649039802,58.425303220297565,False,True
2489,928.7008053216794,8.545709476649055,14.78458912938073,3.9243178456892154,9,29.065763066637487,957.7665683883168,972.5511575176976,43.85035219601821,False,True
2531,944.8859341621916,12.83923930447798,19.108970097968374,4.6261179721404435,11,12.900445896834412,957.786380059026,976.8953501569944,32.009415994802794,False,True
2551,951.9887941412526,10.116010169554997,22.926267842707603,7.855041809114275,11,5.797585917773404,957.786380059026,980.7126479017336,28.723853760481006,False,False
2476,927.767746230278,29.54470323206281,27.99427958885559,4.659602096234548,16,30.08174207244417,957.8494883027222,985.8437678915777,58.076021661299706,False,True
2453,925.3548956249425,19.206543801526053,20.285074721748572,7.360891246661436,13,32.51480269240619,957.8696983173487,978.1547730390973,52.79987741415482,False,True
2459,926.0533801253213,15.479111776159137,28.020618885524744,6.979816929532856,19,32.26752667855931,958.3209068038806,986.3415256894053,60.28814556408406,False,True
2542,947.9039760357236,8.80783657562606,7.531763266089212,6.344936812378322,2,10.438741817219807,958.3427178529435,965.8744811190327,17.970505083309035,False,True
2430,923.077226127468,16.507028524810693,26.64521902705632,7.589143285335581,10,35.33653125640774,958.4137573838757,985.058976410932,61.981750283464066,False,True
2577,958.5801229417743,9.609023263355507,23.17288526895184,2.125277574986321,17,0.0,958.5801229417743,981.7530082107262,23.17288526895186,False,False
2548,950.7125102151614,31.517831097337485,2.418275124859303,7.352176075209101,8,8.091395931569195,958.8039061467306,961.2221812715899,10.509671056428488,False,True
2465,926.7347811961993,19.80903015371863,9.183300388171336,5.5479742553926,5,32.82692706818625,959.5617082643855,968.7450086525569,42.0102274563576,False,True
2485,928.4899537919218,6.004716689347331,3.5652043286177064,6.335197683498951,5,31.07175447246368,959.5617082643855,963.1269125930032,34.63695880108139,False,True
2472,927.4314364842204,30.047532810223572,29.079205765332237,2.465539042888058,12,32.314677006858005,959.7461134910784,988.8253192564107,61.393882772190295,False,True
2581,959.5232618743601,33.20491003937741,26.66916234296085,2.43413510633975,1,0.3062136550603327,959.8294755294204,986.4986378723812,26.97537599802115,False,False
2450,924.7289734461765,11.581626598434523,5.767291878650572,3.412269836533337,10,35.19559100665947,959.924564452836,965.6918563314865,40.96288288531002,False,True
2568,955.5871914536689,28.491411965246122,24.742323123951962,5.040344041219139,8,5.634989817920996,961.2221812715899,985.9645043955418,30.3773129418729,False,True
2464,926.5588293927242,31.866818337849782,21.957389112944153,2.0296146432660436,4,34.7485899592798,961.307419352004,983.2648084649481,56.705979072223954,False,True
2479,928.0354223690599,21.12154268686151,9.589684146404387,1.7865118423198751,19,33.27607094364964,961.3114933127096,970.9011774591139,42.865755090053995,False,True
2499,929.8337142515826,16.13175071265269,26.941166793308934,3.6182310565959312,19,31.477779061126967,961.3114933127096,988.2526601060185,58.41894585443595,False,True
2484,928.3757557568574,16.936685222452997,24.525528688253644,1.9145784421092127,4,32.95888625731061,961.334642014168,985.8601707024217,57.484414945564254,False,True
2492,928.8683661579706,24.878682142028737,6.313540532758575,3.013290401982824,12,32.56832417276178,961.4366903307324,967.750230863491,38.88186470552034,False,True
2473,927.5612050953614,21.632278573685245,28.192233243032454,4.583066065626153,13,33.977784958676125,961.5389900540375,989.73122329707,62.17001820170856,False,True
2493,929.0608370839636,12.103163918172246,16.67565007758379,2.438862130007395,13,32.65261253843937,961.713449622403,978.3890996999868,49.32826261602315,False,True
2474,927.6252774307275,19.63598765393638,9.10392104549775,6.508669538912321,14,34.15783647474359,961.783113905471,970.8870349509688,43.261757520241304,False,True
2540,947.6309534119961,11.450198888947687,20.868868715984792,1.557305629370802,0,14.576168398780624,962.2071218107767,983.0759905267615,35.445037114765455,False,True
2560,953.2529988723551,15.306549629529048,25.038848246370144,4.876450084343453,0,8.95412293842162,962.2071218107767,987.2459700571468,33.99297118479171,False,True
2443,924.3244925118191,9.875105193416193,7.291119392774084,2.2109286640629247,3,37.967334530859034,962.2918270426782,969.5829464354523,45.25845392363317,False,True
2494,929.1774905596576,29.025295542448557,19.283542470061686,5.858314250950242,14,33.510508690197184,962.6879992498548,981.9715417199164,52.794051160258846,False,True
2514,935.1695627615666,9.283990078989078,26.754749549279758,5.0048400912380355,14,27.518436488288216,962.6879992498548,989.4427487991345,54.27318603756794,False,True
2505,931.9590745198234,27.40139522363887,3.42841346135793,4.80664469861309,5,30.932064915278147,962.8911394351015,966.3195528964594,34.360478376636024,False,True
2525,941.9989992051028,31.269160429877452,16.434146675467453,3.278112011476955,5,21.127913387900435,963.1269125930032,979.5610592684707,37.56206006336788,False,True
2470,927.1054316115991,23.976559967423196,29.485420857567682,7.763532628186932,10,37.03770619485488,964.143137806454,993.6285586640216,66.52312705242252,False,True
2588,962.7083317134975,34.922837319059695,2.127409572356687,6.896839802666727,8,1.6089487923459274,964.3172805058434,966.4446900782001,3.736358364702596,False,False
2580,959.4286363637428,31.401735201793286,26.903089705944048,5.5740282616645915,0,5.087819194549638,964.5164555582925,991.4195452642365,31.99090890049365,False,False
2496,929.3293615109001,19.973232040599882,5.270970603718468,5.617550001219795,16,35.47180819799178,964.8011697088918,970.0721403126104,40.7427788017103,False,True
2516,936.432731212609,18.898160023860274,21.316607412224588,2.2580576513339974,16,28.368438496282806,964.8011697088918,986.1177771211164,49.68504590850739,False,True
2536,946.262124670988,13.499923884394939,16.673811669163655,4.013844553446756,16,18.660105008686628,964.9222296796746,981.5960413488383,35.33391667785031,False,True
2504,931.6084251939858,12.654147758141487,8.58469584453174,2.323870371793906,4,33.42285931783829,965.0312845118241,973.6159803563559,42.00755516237007,False,True
2562,953.4922917083078,31.63878293199777,21.453393775526834,5.600254800383777,2,11.539275932045257,965.031567640353,986.4849614158799,32.99266970757208,False,True
2512,934.8339914336157,20.728328306883277,21.002473447184883,6.276319888337893,12,30.239655210359615,965.0736466439753,986.0761200911602,51.24212865754453,False,True
2527,942.2038084189767,33.291280724251536,28.506491328226655,4.55553098265419,7,22.90736934580036,965.111177764777,993.6176690930037,51.41386067402698,False,True
2495,929.2586450802938,9.324851347580392,9.125639788297708,7.948808725071636,15,35.95560790223806,965.2142529825319,974.3398927708296,45.08124769053575,False,True
2515,935.4566524368012,26.399504739210695,22.93856940154659,3.8976400094154484,15,29.895944321417574,965.3525967582187,988.2911661597653,52.834513722964175,False,True
2490,928.7606174954046,16.44721422740044,12.411943164575641,5.927857892411596,10,36.93123883608189,965.6918563314865,978.1037994960622,49.34318200065752,False,True
2582,959.7236784706325,21.533984968565978,16.952957078356153,4.152787996460175,2,6.150802648400145,965.8744811190327,982.8274381973888,23.103759726756266,False,True
2597,965.8949046764947,15.995907936264636,18.573279269108212,4.479600233511915,17,0.0,965.8949046764947,984.4681839456028,18.573279269108184,False,False
2438,923.9435461608099,31.741910183958776,12.219546055813321,3.8456646559905887,18,42.375867346625455,966.3194135074353,978.5389595632487,54.595413402438794,False,True
2545,949.3917872934412,21.512556446697488,2.862119662282012,1.6533595222719628,5,16.9277656030182,966.3195528964594,969.1816725587414,19.7898852653002,False,True
2526,942.1842616274902,34.830132786080014,12.051334692439683,2.438530578637012,6,24.668360214463178,966.8526218419534,978.903956534393,36.71969490690287,False,True
2546,950.0166913420102,9.752838673765332,20.366676467249892,3.9154885458278885,6,16.835930499943174,966.8526218419534,987.2192983092033,37.202606967193105,False,True
2524,941.9852653882335,18.08708284017414,8.89351680194234,6.334843783540631,4,25.25985207835936,967.2451174665929,976.1386342685353,34.15336888030174,False,True
2547,950.4005131293455,29.372198904440832,24.63195938638711,4.430179003016024,7,17.176904353053374,967.5774174823989,992.209376868786,41.808863739440426,False,True
2532,945.0538325543578,23.395649401415778,12.403414252487329,3.14789967384746,12,22.6963983091332,967.750230863491,980.1536451159783,35.099812561620524,False,True
2458,925.9829782760851,25.514823234585606,13.423863165456693,2.0863090326538973,18,42.857879258198295,968.8408575342834,982.2647206997401,56.28174242365503,False,True
2509,934.0182163449408,21.33085856501321,17.131256513497664,3.00506405614024,9,34.915259115325966,968.9334754602668,986.0647319737644,52.04651562882361,False,True
2513,935.1504951909258,23.192628448477482,26.528043444818046,3.141367984647496,13,33.83403332518424,968.98452851611,995.5125719609281,60.36207677000232,False,True
2565,953.891169274735,30.804501234621434,15.893169116721902,1.0213008783741024,5,15.290503284006377,969.1816725587414,985.0748416754633,31.183672400728256,False,True
2463,926.4224537373502,32.881578346948544,5.245492439164812,2.094854237463801,3,42.805144042463326,969.2275977798136,974.4730902189783,48.05063648162809,False,True
2483,928.3489903136293,15.019255156829391,27.027729792213616,6.806278555289983,3,40.878607466184235,969.2275977798136,996.2553275720271,67.9063372583978,False,True
2585,961.4156357034401,20.348948149940725,24.598431100225238,4.572436217934763,5,8.107878226547541,969.5235139299876,994.1219450302128,32.706309326772725,False,True
2600,969.5336085943137,6.319154491936075,20.460565330311237,7.534540448619854,0,0.0,969.5336085943137,989.994173924625,20.460565330311283,False,False
2535,946.0204904202795,26.610736016446445,7.232985265346009,6.601165748633942,15,23.545379587121943,969.5658700074015,976.7988552727475,30.778364852467917,False,True
2601,970.0071747715455,24.070905715257503,18.785144642353853,6.515999637834233,1,0.0,970.0071747715455,988.7923194138993,18.785144642353885,False,False
2552,952.0385067987671,12.029510650957693,7.95562685297889,7.546905434608775,12,17.97986597924637,970.0183727780135,977.9739996309924,25.935492832225236,False,True
2572,957.4311206170382,6.261132503790957,5.788212105978192,7.18393541715302,12,12.587252160975254,970.0183727780135,975.8065848839917,18.375464266953486,False,True
2556,953.088836566612,11.149348500252225,21.61179031502264,4.273590856642533,16,16.98330374599834,970.0721403126104,991.683930627633,38.59509406102097,False,True
2602,970.4944171657069,16.826383318586274,15.794107264901427,6.634518881392862,2,0.0,970.4944171657069,986.2885244306083,15.794107264901413,False,False
2534,945.618536294897,23.29540237059882,10.096318495477425,5.770945039175563,14,25.268498656071756,970.8870349509688,980.9833534464462,35.36481715154923,False,True
2519,938.2497380473635,12.1521846101357,17.61171451019628,5.742619978659924,19,32.6514394117504,970.9011774591139,988.5128919693102,50.263153921946696,False,True
2605,971.0194871774924,12.804000095310805,17.146190901936805,6.909230696490545,5,0.0,971.0194871774924,988.1656780794292,17.146190901936848,False,False
2478,928.0073951576472,21.8160215737573,14.629923431249296,2.331357354661807,18,43.614273132351855,971.6216682899991,986.2515917212484,58.24419656360112,False,True
2529,943.1689793972678,17.767755913064477,14.316675510984592,7.281570751045748,9,28.515077021175216,971.684056418443,986.0007319294276,42.83175253215984,False,True
2549,950.8104477141678,6.9870402426901945,6.341248696251644,5.119341234408756,9,20.87360870427517,971.684056418443,978.0253051146947,27.214857400526853,False,True
2569,955.8213598410653,14.33308373446904,20.79977262978851,6.832519669387804,9,15.862696577377733,971.684056418443,992.4838290482315,36.66246920716628,False,True
2608,971.9965663024227,10.808032528892966,23.325760757444296,2.5708441751138342,8,0.0,971.9965663024227,995.322327059867,23.3257607574443,False,False
2589,963.0844656979148,8.533500864693467,7.075190944704408,2.23750853899321,9,9.466691819782795,972.5511575176976,979.626348462402,16.54188276448724,False,True
2503,931.4128849053055,11.604128739964152,29.318378140913932,7.386550364183822,3,41.14853815544825,972.5614230607538,1001.8798012016678,70.46691629636223,False,True
2609,972.4824558007452,15.691585702264177,6.081424650577675,4.987853122493998,9,0.5044067203538134,972.986862521099,979.0682871716767,6.585831370931487,False,False
2544,948.7914612800661,22.039038791657394,2.5149449542870723,3.277617746719621,4,24.82451907628979,973.6159803563559,976.130925310643,27.33946403057689,False,True
2539,947.4723851118466,22.914303599528548,10.378543075825934,6.959279334816055,19,26.435953904498888,973.9083390163455,984.2868820921715,36.81449698032486,False,True
2571,957.0390282497749,34.08135681609188,25.37028399647688,3.8280807748125922,11,17.080468847949305,974.1194970977242,999.4897810942011,42.45075284442623,False,True
2554,952.7824649091253,20.859452188074215,18.647293246673588,4.16056212869974,14,21.452562318443483,974.2350272275688,992.8823204742424,40.09985556511708,False,True
2523,941.672331459284,22.821560685432154,6.619986898835785,4.570356449130192,3,32.800758759694304,974.4730902189783,981.0930771178141,39.42074565853011,False,True
2543,948.3737957601551,23.473926925301633,16.361446180242577,6.484200371145271,3,26.099294458823238,974.4730902189783,990.8345363992208,42.46074063906576,False,True
2498,929.6460562974155,13.69991404604565,3.2698206124513467,3.9793236567060215,18,45.27724111463283,974.9232974120483,978.1931180244997,48.547061727084156,False,True
2510,934.0832445025949,28.07558603674666,19.505401487679705,2.7531838483250524,10,41.583805474176415,975.6670499767713,995.172451464451,61.08920696185612,False,True
2564,953.7851192141837,16.286912662442592,24.517060398839686,6.488038628426995,4,22.345806096459228,976.130925310643,1000.6479857094827,46.86286649529893,False,True
2584,961.261333029104,12.146993211778536,27.085499164776493,5.657577673870614,4,14.869592281538985,976.130925310643,1003.2164244754194,41.955091446315464,False,True
2604,970.57184901225,19.968345768389057,27.22809264637074,3.209294952504608,4,5.566785256285243,976.1386342685353,1003.366726914906,32.794877902656026,False,True
2617,976.3458273124054,28.22227187166147,22.67665110755032,3.4332990445265335,17,0.0,976.3458273124054,999.0224784199557,22.676651107550356,False,False
2555,953.039066996937,23.891142926422955,12.725506561963378,5.43984378606204,15,23.75978827581048,976.7988552727475,989.5243618347108,36.485294837773836,False,True
2576,958.5702268983007,21.266452987180113,28.929105448447643,7.459661906803465,16,18.281107399110056,976.8513342974107,1005.7804397458584,47.21021284755773,False,True
2567,955.3397869817677,31.748144611741548,26.769907850899774,7.182909962488301,7,21.822486744595494,977.1622737263632,1003.932181577263,48.59239459549531,False,True
2530,943.5757488673105,30.355069418812285,19.127109246418676,1.1135817703055881,10,34.52805062875166,978.1037994960622,997.2309087424808,53.655159875170284,False,True
2533,945.3736618673973,31.01764717463307,6.74031535927461,7.497750279768834,13,32.78111117169999,978.1547730390973,984.895088398372,39.52142653097462,False,True
2518,938.0614907762001,21.535133414067968,14.886802093199682,2.1290829113651712,18,40.477468787048565,978.5389595632487,993.4257616564483,55.36427088024823,False,True
2538,947.3324109817032,17.293088942727824,15.074108743537531,7.0044046134412,18,31.206548581545462,978.5389595632487,993.6130683067862,46.280657325082984,False,True
2566,954.9880024450091,29.803697279675433,15.409421309556208,3.0893165484278082,6,23.915954089383945,978.903956534393,994.3133778439493,39.325375398940196,False,True
2586,961.5083751909152,18.397260078664736,2.1733728798728706,2.985755478759028,6,17.39558134347783,978.903956534393,981.0773294142659,19.568954223350715,False,True
2575,958.4390699905226,31.69024195402465,6.131802557227603,6.80786394754756,15,20.81964469157765,979.2587146821003,985.3905172393279,26.951447248805266,False,True
2620,979.2895677974574,13.568929004916384,2.495057869547386,1.0236750181946697,0,0.0,979.2895677974574,981.7846256670048,2.495057869547395,False,False
2606,971.5554414081784,18.45234093544312,9.505385629336839,4.586959590051047,6,8.521538932098906,980.0769803402773,989.5823659696141,18.02692456143575,False,True
2592,963.7248508441386,28.855039128442073,28.130193747946237,1.3309562491013984,12,16.428794271839706,980.1536451159783,1008.2838388639245,44.55898801978594,False,True
2612,974.111009137129,8.799653571007509,18.815379352391346,6.9291109765625185,12,6.042635978849262,980.1536451159783,998.9690244683696,24.85801533124061,False,False
2591,963.5117104933487,28.800732166252082,11.811691798958442,6.432685302524485,11,17.200937408384902,980.7126479017336,992.524339700692,29.012629207343366,False,True
2574,957.9234039022222,30.021257890111976,18.405902527018807,1.2678100770858443,14,23.059949544224082,980.9833534464462,999.3892559734651,41.46585207124292,False,True
2594,965.4701687925066,5.658520174147953,18.889348908319217,2.0471411031653495,14,15.513184653939675,980.9833534464462,999.8727023547655,34.402533562258895,False,True
2559,953.2309220096893,13.405206689280062,5.560852421723178,1.5964283217611324,19,27.85905326202419,981.0899752717135,986.6508276934367,33.4199056837474,False,True
2579,959.0009466475803,17.143997864238017,2.0155782414993526,2.6869780901619866,19,22.089028624133107,981.0899752717135,983.1055535132128,24.10460686563249,False,True
2563,953.7458858068741,6.665886855807002,12.993749022387561,5.161801904794151,3,27.347191310940048,981.0930771178141,994.0868261402017,40.34094033332758,False,True
2583,960.7650833882647,14.04266910970512,16.60714870050154,4.1578069287233514,3,20.327993729549462,981.0930771178141,997.7002258183156,36.93514243005097,False,True
2621,981.3989495083034,16.922234422128746,14.714678690044913,5.568531361220234,1,0.0,981.3989495083034,996.1136281983484,14.714678690044934,False,False
2596,965.7561718275645,12.282344949713107,28.982692130103413,4.038891592024936,16,15.83986952127384,981.5960413488383,1010.5787334789417,44.822561651377214,False,True
2614,976.0363710819502,25.44260671465148,14.18612668763819,2.998661676222187,14,5.93517063796628,981.9715417199164,996.1576684075546,20.121297325604473,False,True
2558,953.2299898351869,26.419292507921565,8.827934435164387,1.2225460978775136,18,29.03473086455324,982.2647206997401,991.0926551349045,37.862665299717605,False,True
2622,982.3150926715186,8.639626793243128,18.480993308355536,1.6041789180614097,2,0.0,982.3150926715186,1000.7960859798742,18.48099330835555,False,False
2599,966.6213437594253,15.877680491374944,6.71109791909204,5.500459368674679,19,16.48420975378758,983.1055535132128,989.8166514323049,23.195307672879608,False,True
2603,970.5553688693736,27.11733500136582,26.570591473474437,7.680137280919643,3,12.941124321877055,983.4964931912507,1010.0670846647251,39.511715795351506,False,True
2611,973.575186402976,14.595574415331242,23.8924530394208,2.7581674255857336,11,10.342174971108989,983.917361374085,1007.8098144135058,34.23462801052983,False,True
2619,979.0304631910875,17.70462143487648,6.11994859340137,2.0236270319268517,19,5.2564189010839755,984.2868820921715,990.4068306855728,11.376367494485294,False,True
2624,984.439782195468,29.88011884004785,23.10365865524315,4.500200518959735,4,0.0,984.439782195468,1007.5434408507111,23.10365865524318,False,False
2625,984.5931131296322,14.993669294219854,25.889541741301827,6.0495608929168165,5,0.0,984.5931131296322,1010.4826548709341,25.889541741301855,False,False
2626,984.6479441335156,33.223083370023566,8.413396899985397,3.326051065691991,6,0.0,984.6479441335156,993.061341033501,8.4133968999854,False,False
2553,952.6467190231987,30.003357031760178,12.737737433011485,7.021916521878997,13,32.2483693751733,984.895088398372,997.6328258313835,44.986106808184786,False,True
2573,957.4531877004475,10.566406346546351,13.621750678619911,4.4750183146575875,13,27.44190069792444,984.895088398372,998.5168390769919,41.063651376544385,False,True
2550,951.9081758221614,8.373950795974167,26.699290213079678,3.10760673960717,10,33.15080058877061,985.058976410932,1011.7582666240116,59.85009080185023,False,True
2570,956.5268037467424,8.687070997195423,13.416330018487873,7.820013746495961,10,28.532172664189602,985.058976410932,998.4753064294199,41.948502682677486,False,True
2595,965.5244228298657,19.71559336164536,6.411031220102813,6.6362748776591,15,19.86609440946222,985.3905172393279,991.8015484594307,26.277125629565035,False,True
2615,976.0977534112526,28.016833500815768,6.51716103882449,2.767523520712442,15,9.292763828075294,985.3905172393279,991.9076782781524,15.809924866899792,False,True
2628,985.5373249325514,12.503316068610584,6.76482344337853,2.880288329151306,8,0.0,985.5373249325514,992.30214837593,6.764823443378532,False,False
2616,976.3171507590997,10.510281500644593,25.717754178991118,2.7489882070524816,16,9.526617132478009,985.8437678915777,1011.5615220705688,35.24437131146908,False,True
2578,958.9748108961606,23.634376139990632,18.272646388238627,7.329212208341556,18,27.276780825087712,986.2515917212484,1004.524238109487,45.54942721332634,False,True
2629,986.4686425843962,31.28257205115251,29.569998590629755,5.441647273642996,9,0.0,986.4686425843962,1016.038641175026,29.56999859062978,False,False
2632,988.0684267348411,21.858041396069897,8.971346855389964,2.161590624591581,12,0.0,988.0684267348411,997.039773590231,8.971346855389925,False,False
2635,989.3035447843912,5.282072336091286,29.692282982098604,4.691987601825918,15,0.0,989.3035447843912,1018.9958277664898,29.692282982098618,False,False
2636,989.3216998860798,29.323136855550427,27.338743402599714,4.671447488749341,16,0.0,989.3216998860798,1016.6604432886795,27.338743402599675,False,False
2637,989.4058826730869,14.323770742824472,3.784373800347772,3.7269228539025647,17,0.0,989.4058826730869,993.1902564734347,3.784373800347794,False,False
2634,988.8944540648134,11.256863497811587,27.623528986715822,2.479962084380622,14,0.5482947343210753,989.4427487991345,1017.0662777858503,28.171823721036844,False,False
2593,965.2410861904202,31.834448145222147,4.560189985713402,7.835098121361105,13,24.49013710664974,989.73122329707,994.2914132827833,29.05032709236309,False,True
2639,989.8940795909853,19.16544726764247,11.706397781483933,2.0972241994861824,19,0.0,989.8940795909853,1001.6004773724692,11.706397781483929,False,False
2640,990.6234792795291,18.061110239422234,6.738822331172944,5.793811124489091,0,0.0,990.6234792795291,997.362301610702,6.738822331172969,False,False
2623,982.629733471297,13.552565099015052,19.392558572760006,2.7317438136502665,3,8.204802927923879,990.8345363992208,1010.2270949719808,27.59736150068386,False,True
2598,966.286977097997,18.172834187881787,2.4497571768226885,1.845649770907074,18,24.805678036907466,991.0926551349045,993.5424123117272,27.255435213730152,False,True
2641,991.2193479923812,22.432970137856845,18.943723070674768,2.722147796808581,1,0.0,991.2193479923812,1010.163071063056,18.943723070674764,False,False
2642,991.311211507496,34.33747668067056,5.183277867968101,7.995860102149186,2,0.0,991.311211507496,996.494489375464,5.183277867968059,False,False
2587,962.6226645864994,26.64859124468251,10.730922905671516,3.668266225406935,7,29.586712282286612,992.209376868786,1002.9402997744575,40.3176351879581,False,True
2644,992.5220901282089,5.69398178618891,6.088531748074627,1.7130413870898833,4,0.0,992.5220901282089,998.6106218762835,6.088531748074615,False,False
2631,988.0208346642772,32.36891680956991,8.705715182084894,1.6195153849162855,11,4.503505036414822,992.524339700692,1001.2300548827769,13.209220218499695,False,True
2645,992.9266640275778,13.692094826105063,7.4371375115648455,6.5250891972891605,5,0.0,992.9266640275778,1000.3638015391426,7.437137511564856,False,False
2646,993.0195808051581,23.89629083978553,4.530438579530493,4.755258505896875,6,0.0,993.0195808051581,997.5500193846885,4.5304385795304825,False,False
2618,977.2278654813658,27.813464324427983,16.24929757678611,7.065906617575475,18,16.19789617508252,993.4257616564483,1009.6750592332345,32.44719375186867,False,True
2638,989.8346778388437,29.230074054407574,4.526054185137896,1.688010755804636,18,3.7077344728834305,993.5424123117272,998.0684664968651,8.233788658021354,False,True
2607,971.9917815724825,29.86613731482676,14.970976940935895,4.43161189490028,7,21.625887520521133,993.6176690930037,1008.5886460339395,36.59686446145702,False,True
2627,985.155367374696,7.933735216096883,19.705904956546846,6.912491944753286,7,8.462301718307685,993.6176690930037,1013.3235740495505,28.16820667485456,False,True
2643,992.489170142644,14.979231424728464,25.508666276671054,2.0584083853407056,3,1.5976559975576947,994.0868261402017,1019.5954924168727,27.106322274228773,False,False
2613,974.4176036789527,33.7408961551124,17.675228881840532,7.760883763502411,13,19.873809603830637,994.2914132827833,1011.9666421646239,37.54903848567119,False,True
2590,963.196667983112,31.117792188393715,2.287378980185305,1.5830727217581135,10,31.975783481339022,995.172451464451,997.4598304446363,34.2631624615243,False,True
2610,973.0038544557096,9.000873984292245,28.472333642062793,4.7590466716916,10,22.168597008741358,995.172451464451,1023.6447851065138,50.640930650804194,False,True
2648,995.7444874655564,11.431846186689377,2.9565311908529908,6.218922117350094,8,0.0,995.7444874655564,998.7010186564094,2.9565311908529566,False,False
2649,995.8065835521976,21.00783105643179,26.446684998097655,3.4921010457238415,9,0.0,995.8065835521976,1022.2532685502953,26.44668499809768,False,False
2652,996.3615032198699,11.051412368533668,10.3042140548553,3.822072222393758,12,0.0,996.3615032198699,1006.6657172747251,10.304214054855265,False,False
2630,987.3881951676683,15.722187632385687,23.2677346278553,7.041641332285694,10,9.842713574812478,997.2309087424808,1020.498643370336,33.110448202667726,False,True
2650,995.8841766145885,18.97217025119204,6.109404350387162,3.2104634206772116,10,1.3467321278923237,997.2309087424808,1003.340313092868,7.456136478279518,False,False
2633,988.6092282023758,29.447363340173663,24.379667856769167,1.6958186076494153,13,9.023597629007668,997.6328258313835,1022.0124936881526,33.40326548577684,False,True
2654,998.0391592770466,15.097828767581765,18.838601516800917,6.546511263626744,14,0.0,998.0391592770466,1016.8777607938475,18.838601516800964,False,False
2653,996.7916199008973,31.70115806802899,25.483015608655755,2.3231571077006907,13,1.7252191760945834,998.5168390769919,1023.9998546856476,27.20823478475029,False,False
2655,998.9204384309701,34.13561924365402,29.653929811147957,4.924992163848975,15,0.0,998.9204384309701,1028.574368242118,29.65392981114792,False,False
2656,998.9979481565334,5.465150284613879,12.866671240915702,6.481502557547826,16,0.0,998.9979481565334,1011.8646193974491,12.866671240915707,False,False
2657,999.142122743839,19.6325781615733,16.048317771129884,3.662123627769889,17,0.0,999.142122743839,1015.1904405149688,16.04831777112986,False,False
2658,999.2755334901879,24.963487023700203,2.8784866869352452,7.580806851441585,18,0.0,999.2755334901879,1002.1540201771231,2.8784866869352754,False,False
2659,999.3539555956605,21.52660537521145,24.32693031555134,4.252049358222131,19,0.0,999.3539555956605,1023.6808859112118,24.326930315551294,False,False
2651,995.8862490475394,26.3844106103285,20.32712217089214,2.4583481591781746,11,3.6035320466617122,999.4897810942011,1019.8169032650933,23.930654217553865,False,True
2660,999.6202011252781,30.520956486110553,10.347060322093501,4.744879907655725,0,0.0,999.6202011252781,1009.9672614473716,10.347060322093512,False,False
2661,1000.1934278364365,5.799159760010532,7.279381875475458,1.8300360314937725,1,0.0,1000.1934278364365,1007.472809711912,7.279381875475451,False,False
2662,1000.2548372590654,5.481458739812524,9.91341755198655,4.564421264184456,2,0.0,1000.2548372590654,1010.168254811052,9.913417551986527,False,False
2663,1001.0111429744323,8.662388185782667,10.626818811761236,6.341975828693794,3,0.0,1001.0111429744323,1011.6379617861936,10.626818811761268,False,False
2664,1001.3948665625925,9.654827565021181,9.407988928753154,5.963207675650916,4,0.0,1001.3948665625925,1010.8028554913457,9.407988928753184,False,False
2665,1002.586199934535,19.260548034133596,20.31251693925549,3.1895071599157148,5,0.0,1002.586199934535,1022.8987168737905,20.312516939255488,False,False
2666,1002.8673941872129,11.468717526027264,24.488189816746825,2.946436401923809,6,0.0,1002.8673941872129,1027.3555840039596,24.48818981674674,False,False
2647,993.8158460130295,10.786961440368461,6.297220234253368,1.425665019230877,7,9.124453761427958,1002.9402997744575,1009.2375200087108,15.421673995681317,False,True
2667,1003.3964032509584,14.29878263404128,20.98297980345578,7.314517747877179,7,0.0,1003.3964032509584,1024.3793830544141,20.98297980345569,False,False
2668,1004.0501864598308,11.48272906888401,20.26623080229478,1.8913927585223762,8,0.0,1004.0501864598308,1024.3164172621255,20.26623080229467,False,False
2669,1004.0954072684883,9.98268875601213,18.455153780053383,3.024144070159215,9,0.0,1004.0954072684883,1022.5505610485417,18.455153780053365,False,False
2670,1004.5933526489305,30.259819699380262,21.623828064246005,2.2248663643714606,10,0.0,1004.5933526489305,1026.2171807131765,21.623828064246027,False,False
2671,1004.9803737781317,7.779813606086723,8.699062687560389,4.307763541489504,11,0.0,1004.9803737781317,1013.6794364656921,8.6990626875604,False,False
2672,1005.1200291639698,11.765232363072075,25.865197571731898,4.610932454305194,12,0.0,1005.1200291639698,1030.9852267357016,25.86519757173187,False,False
2674,1008.6047358149211,11.596113138496449,7.4567114230967,6.147146784555255,14,0.0,1008.6047358149211,1016.0614472380179,7.456711423096749,False,False
2675,1009.2310710864207,29.28142560471494,20.300152187774636,7.853638522340752,15,0.0,1009.2310710864207,1029.5312232741953,20.300152187774643,False,False
2676,1010.0141271180441,12.663812501243417,4.575885213072945,4.53892501929612,16,0.0,1010.0141271180441,1014.5900123311171,4.575885213072979,False,False
2677,1011.0183572117355,19.286077146422958,7.894991982755363,2.052564520528806,17,0.0,1011.0183572117355,1018.9133491944909,7.894991982755414,False,False
2673,1007.1495131377906,10.59460320922447,28.23169447264617,4.826774899347781,13,4.8171290268333,1011.9666421646239,1040.1983366372701,33.04882349947957,False,False
2678,1012.9225978106833,23.532596474658845,2.7432699932269995,4.473472930433264,18,0.0,1012.9225978106833,1015.6658678039104,2.7432699932270452,False,False
2679,1013.3411283577433,28.332214424289266,25.255906877696685,2.233444150323459,19,0.0,1013.3411283577433,1038.59703523544,25.255906877696702,False,False
2680,1013.7113484957479,18.261536709262565,22.81369930374052,7.43055274835619,0,0.0,1013.7113484957479,1036.5250477994884,22.813699303740577,False,False
2681,1013.8465334013674,11.726609762744882,15.798107032648351,3.4409349654183066,1,0.0,1013.8465334013674,1029.6446404340159,15.798107032648431,False,False
2682,1014.77053255748,12.419847161655376,29.65730252509938,7.4961016898890245,2,0.0,1014.77053255748,1044.4278350825793,29.65730252509934,False,False
2683,1014.8775802151366,32.40390665641556,28.890338476787583,5.401306126475001,3,0.0,1014.8775802151366,1043.7679186919243,28.890338476787633,False,False
2684,1015.2458993668076,18.3626238854551,3.084698244506858,5.429366511058265,4,0.0,1015.2458993668076,1018.3305976113145,3.0846982445068534,False,False
2685,1015.638526843569,22.4841547954356,26.888319278876338,2.5593067334733224,5,0.0,1015.638526843569,1042.5268461224455,26.888319278876452,False,False
2686,1015.6779987346389,15.600202195929718,20.304062267625945,6.783753938050849,6,0.0,1015.6779987346389,1035.9820610022648,20.30406226762591,False,False
2687,1015.9250455206005,13.269429405236524,27.84713056301276,5.0802758015614815,7,0.0,1015.9250455206005,1043.7721760836132,27.847130563012684,False,False
2688,1016.2334496363064,13.196357442263848,7.354570464094319,7.837184110798164,8,0.0,1016.2334496363064,1023.5880201004007,7.354570464094309,False,False
2689,1016.4955394835563,15.469404950542145,4.4060343849743875,7.433456530691928,9,0.0,1016.4955394835563,1020.9015738685307,4.406034384974419,False,False
2690,1017.2311772779054,25.98684815473996,22.623269492672215,1.7665544666068727,10,0.0,1017.2311772779054,1039.8544467705776,22.623269492672193,False,False
2691,1018.0601774083234,13.705086985434715,5.615060284781364,5.214673502107863,11,0.0,1018.0601774083234,1023.6752376931048,5.615060284781407,False,False
2692,1018.2162627544373,28.203403373163383,5.666225397255872,2.2244044265127996,12,0.0,1018.2162627544373,1023.8824881516931,5.666225397255857,False,False
2693,1018.3863496925384,8.851308634025992,5.948240484170407,3.4623277109935287,13,0.0,1018.3863496925384,1024.3345901767088,5.948240484170469,False,False
2694,1018.4970696354894,24.495749957274743,8.009722061781885,7.437585058384088,14,0.0,1018.4970696354894,1026.5067916972714,8.009722061781986,False,False
2695,1018.6194716413358,10.841560403768826,7.891581046997706,7.380069543193282,15,0.0,1018.6194716413358,1026.5110526883336,7.891581046997771,False,False
2696,1018.7368243342265,12.11397662806592,15.057807364013241,4.7182281622474145,16,0.0,1018.7368243342265,1033.7946316982398,15.057807364013229,False,False
2697,1019.8526781416635,19.35916984519122,15.615265244028265,6.512207635463884,17,0.0,1019.8526781416635,1035.4679433856918,15.615265244028251,False,False
2698,1020.802271666966,23.029957515913928,21.377003905780676,6.458588217204955,18,0.0,1020.802271666966,1042.1792755727467,21.377003905780725,False,False
2699,1021.2292901502484,10.441110121230345,23.088427106632572,5.559834735456922,19,0.0,1021.2292901502484,1044.317717256881,23.088427106632594,False,False
2700,1022.5431088407931,31.355488591917855,22.313717738378244,6.428616809903293,0,0.0,1022.5431088407931,1044.8568265791714,22.313717738378273,False,False
2701,1023.3602040669708,12.6080830762263,13.585435511875247,3.5353273023745935,1,0.0,1023.3602040669708,1036.945639578846,13.58543551187529,False,False
2702,1023.444971278807,34.8418452761873,25.60564787104383,3.3447666706693773,2,0.0,1023.444971278807,1049.0506191498507,25.605647871043743,False,False
2703,1025.3713287328098,10.049193177433237,19.85941430139094,5.377599239047059,3,0.0,1025.3713287328098,1045.2307430342007,19.85941430139087,False,False
2704,1025.4879517309746,16.730743177445618,12.395625740288498,6.371912242845197,4,0.0,1025.4879517309746,1037.8835774712632,12.395625740288551,False,False
2705,1025.8092125016135,26.638212411069972,20.04183147328434,1.5166151923143865,5,0.0,1025.8092125016135,1045.851043974898,20.041831473284446,False,False
2706,1026.0026863708988,20.529698991506745,19.422912069280212,4.492898846828777,6,0.0,1026.0026863708988,1045.425598440179,19.4229120692803,False,False
2707,1026.2398237388636,19.132503444643724,7.640051269538764,4.29207340951736,7,0.0,1026.2398237388636,1033.8798750084025,7.640051269538844,False,False
2708,1027.5219008177316,21.74797672259845,2.4084614167457135,2.1017590332932388,8,0.0,1027.5219008177316,1029.9303622344773,2.408461416745695,False,False
2709,1028.057781191282,20.861246743724127,26.225311065702503,6.7536028581060705,9,0.0,1028.057781191282,1054.2830922569844,26.2253110657025,False,False
2710,1028.2525064210893,6.092394120306027,6.239403899671804,2.4076991276280744,10,0.0,1028.2525064210893,1034.491910320761,6.239403899671743,False,False
2711,1028.3448525640038,29.108789520484063,27.908605464864376,2.063901699111112,11,0.0,1028.3448525640038,1056.2534580288682,27.908605464864422,False,False
2712,1029.381533037985,12.088147384852178,9.991340205577652,7.224329553980803,12,0.0,1029.381533037985,1039.3728732435627,9.991340205577671,False,False
2713,1029.6388043098596,16.742960040773276,13.80027154757078,3.144776654144518,13,0.0,1029.6388043098596,1043.4390758574302,13.800271547570674,False,False
2714,1029.801750998559,17.14280030385146,13.050192712831477,3.462619694834714,14,0.0,1029.801750998559,1042.8519437113905,13.050192712831404,False,False
2715,1030.5046809145822,6.895532935145338,24.837780793658027,1.7458744778258342,15,0.0,1030.5046809145822,1055.3424617082403,24.837780793658112,False,False
2716,1031.0231245497757,18.977177315704704,18.540074264402627,1.704130562450033,16,0.0,1031.0231245497757,1049.5631988141783,18.54007426440262,False,False
2717,1031.121214053725,13.023518325460548,19.237404264746875,4.483468120768775,17,0.0,1031.121214053725,1050.3586183184718,19.23740426474683,False,False
2718,1031.1796350666352,19.636152853865177,24.53160184383243,4.719205199807991,18,0.0,1031.1796350666352,1055.7112369104677,24.531601843832505,False,False
2719,1031.2301782648456,33.21596294133066,7.932768619830597,5.0220029888482465,19,0.0,1031.2301782648456,1039.162946884676,7.93276861983054,False,False
2720,1031.2315190492136,10.105085437740634,5.144788265480748,4.7152756982845645,0,0.0,1031.2315190492136,1036.3763073146943,5.144788265480656,False,False
2721,1031.3772771057559,5.564836586183313,13.16150090901983,1.3799410178020648,1,0.0,1031.3772771057559,1044.5387780147757,13.161500909019878,False,False
2722,1031.876489947919,29.73589650268113,9.44853219134781,2.2865053219798672,2,0.0,1031.876489947919,1041.3250221392668,9.448532191347795,False,False
2723,1032.2784562978952,12.822530129538919,9.257683435682813,6.3262453822737434,3,0.0,1032.2784562978952,1041.536139733578,9.257683435682793,False,False
2724,1032.741541889552,21.34457477042304,18.765431949285755,5.875483176887277,4,0.0,1032.741541889552,1051.506973838838,18.765431949285812,False,False
2725,1033.1877134898107,32.31972140198739,23.67611178095639,3.4431978697982117,5,0.0,1033.1877134898107,1056.8638252707672,23.67611178095649,False,False
2726,1033.1879984194138,9.331860282073539,4.9002407749915236,1.7194528564482432,6,0.0,1033.1879984194138,1038.0882391944053,4.9002407749915164,False,False
2727,1033.7178363084786,8.16640978575413,25.778163798245057,7.177561254429339,7,0.0,1033.7178363084786,1059.4960001067236,25.778163798245032,False,False
2728,1034.5441690412815,15.534194582817648,8.035397555717479,7.943332093981941,8,0.0,1034.5441690412815,1042.579566596999,8.035397555717509,False,False
2729,1035.957312325672,27.92598145199467,22.100322875052644,5.100391260283767,9,0.0,1035.957312325672,1058.0576352007247,22.100322875052598,False,False
2730,1036.687083335508,26.85275031079341,8.778393777409182,2.225553410872832,10,0.0,1036.687083335508,1045.4654771129174,8.778393777409292,False,False
2731,1037.0045591780256,10.780000657760262,27.162790813638907,5.4401638883675085,11,0.0,1037.0045591780256,1064.1673499916644,27.16279081363882,False,False
2732,1039.5934337079389,9.440261985203842,19.592349160818785,6.376499418778601,12,0.0,1039.5934337079389,1059.1857828687575,19.592349160818685,False,False
2733,1039.676219268186,29.420787141588878,18.727753801900803,3.1092147060287454,13,0.0,1039.676219268186,1058.403973070087,18.727753801900917,False,False
2734,1040.1205338966183,26.71431385470858,6.086850989413332,5.733910540534905,14,0.0,1040.1205338966183,1046.2073848860316,6.0868509894132785,False,False
2735,1040.1838446922752,18.291934496700648,7.076097837808607,3.6145552816879016,15,0.0,1040.1838446922752,1047.259942530084,7.076097837808675,False,False
2736,1040.4940228137837,31.911171240727516,7.840678736748233,5.68776426726599,16,0.0,1040.4940228137837,1048.334701550532,7.840678736748259,False,False
2737,1041.30232034003,24.574394927202363,6.150467073675795,6.073845112911306,17,0.0,1041.30232034003,1047.452787413706,6.150467073675827,False,False
2738,1042.4452497059262,11.824111138220294,4.455934449933121,4.048739995172897,18,0.0,1042.4452497059262,1046.9011841558593,4.455934449933011,False,False
2739,1043.2385997039005,21.926268870368173,7.959086781714218,5.072160512048489,19,0.0,1043.2385997039005,1051.1976864856147,7.959086781714177,False,False
2740,1043.6740124560022,33.25619250212934,2.966816615661735,6.907266427212501,0,0.0,1043.6740124560022,1046.6408290716638,2.966816615661628,False,False
2741,1043.6750939361116,14.460352831745395,22.657295890143374,7.295942912159709,1,0.0,1043.6750939361116,1066.332389826255,22.65729589014336,False,False
2742,1046.3565001790641,34.090409604082154,18.024471702161854,1.729159684706004,2,0.0,1046.3565001790641,1064.380971881226,18.024471702161918,False,False
2743,1046.78824314616,23.571879622244843,17.627727668322564,5.5341914084604005,3,0.0,1046.78824314616,1064.4159708144825,17.62772766832245,False,False
2744,1046.993666699303,10.930130545435048,8.547081075817486,3.989622085997746,4,0.0,1046.993666699303,1055.5407477751205,8.54708107581746,False,False
2745,1047.233235671531,32.49741399130255,27.515095621802292,4.590910614171419,5,0.0,1047.233235671531,1074.7483312933334,27.515095621802402,False,False
2746,1047.8869609632595,14.910929672441384,6.366299320396591,7.698632622308934,6,0.0,1047.8869609632595,1054.2532602836561,6.3662993203965925,False,False
2747,1048.1219589628572,23.365101754541907,16.01176531922704,1.4152432850238705,7,0.0,1048.1219589628572,1064.1337242820844,16.011765319227152,False,False
2748,1048.2489806029478,17.81814663794326,5.941909030902432,4.991035502899345,8,0.0,1048.2489806029478,1054.1908896338502,5.94190903090248,False,False
2749,1048.9959340900189,27.94657380189307,6.996704714668212,3.4577831231852563,9,0.0,1048.9959340900189,1055.992638804687,6.9967047146681125,False,False
2750,1049.3139208123887,11.058006645987296,15.694022524622437,3.953320792652592,10,0.0,1049.3139208123887,1065.007943337011,15.694022524622369,False,False
2751,1049.621108761024,13.540682976581266,14.275318862701505,5.855258464845703,11,0.0,1049.621108761024,1063.8964276237255,14.275318862701397,False,False
2752,1049.6789313294103,30.837931732209384,22.457854704154798,1.4768534854940807,12,0.0,1049.6789313294103,1072.1367860335652,22.457854704154897,False,False
2753,1050.2933858067506,21.199585860835292,8.90932546834806,4.348721583513832,13,0.0,1050.2933858067506,1059.2027112750986,8.909325468348015,False,False
2754,1050.8308974288102,30.012415326355203,2.364663783663038,1.6190386601429467,14,0.0,1050.8308974288102,1053.1955612124732,2.3646637836629907,False,False
2755,1051.5094059637051,33.50907548108436,16.1827256334551,2.0885850241724944,15,0.0,1051.5094059637051,1067.6921315971601,16.182725633454993,False,False
2756,1051.9025747954329,12.359421422198071,9.8815597954345,4.393156425314142,16,0.0,1051.9025747954329,1061.7841345908673,9.881559795434441,False,False
2757,1052.1801162618,23.195095675193897,11.117915968163345,5.691087467601392,17,0.0,1052.1801162618,1063.2980322299634,11.117915968163288,False,False
2758,1052.4016090491455,17.5523509146525,29.103515526100956,2.92600657956532,18,0.0,1052.4016090491455,1081.5051245752463,29.103515526100864,False,False
2759,1053.3800270437098,15.14182962537558,23.001761640538597,7.354254496524008,19,0.0,1053.3800270437098,1076.3817886842485,23.00176164053869,False,False
2760,1053.6813537875896,5.655586607100176,19.28730735862158,4.568871486286593,0,0.0,1053.6813537875896,1072.9686611462112,19.287307358621547,False,False
2761,1054.4592692300507,21.94077834663946,5.94928529162101,5.622036951531616,1,0.0,1054.4592692300507,1060.4085545216717,5.949285291620981,False,False
2762,1054.6343393133466,10.035438406503745,21.76053352753546,4.981144032148794,2,0.0,1054.6343393133466,1076.394872840882,21.760533527535472,False,False
2763,1054.7778098512617,33.379879386326095,24.446024516319795,4.535633757866019,3,0.0,1054.7778098512617,1079.2238343675815,24.446024516319767,False,False
2764,1055.2937934293652,10.410716235882786,26.032918624838953,3.813965722940492,4,0.0,1055.2937934293652,1081.326712054204,26.032918624838885,False,False
2765,1055.3414887590031,19.742855868452033,13.459539513330977,4.741921708086897,5,0.0,1055.3414887590031,1068.8010282723342,13.459539513331038,False,False
2766,1055.3938966308672,6.318809582519025,28.594315193794483,5.226730597394337,6,0.0,1055.3938966308672,1083.9882118246617,28.5943151937945,False,False
2767,1055.876567809167,24.18590858127179,21.603485465191103,3.1263780994879076,7,0.0,1055.876567809167,1077.4800532743582,21.60348546519117,False,False
2768,1056.2294814133152,11.683297546495423,19.275600582181653,5.96937077791085,8,0.0,1056.2294814133152,1075.5050819954968,19.275600582181596,False,False
2769,1056.230414879982,7.820507239125911,11.551058843131937,5.7656161363416185,9,0.0,1056.230414879982,1067.7814737231138,11.551058843131841,False,False
2770,1057.4235200948704,9.437841348414658,8.15668314007586,7.8289447311630695,10,0.0,1057.4235200948704,1065.580203234946,8.156683140075756,False,False
2771,1058.592492183721,32.89029936036654,9.50301645181908,3.433025069919249,11,0.0,1058.592492183721,1068.0955086355402,9.503016451819121,False,False
2772,1060.1599635853406,18.78837851429612,14.86948723539328,4.5402545699977575,12,0.0,1060.1599635853406,1075.029450820734,14.869487235393308,False,False
2773,1060.2731958441168,15.723873827234838,4.079433344613269,2.3998823609802926,13,0.0,1060.2731958441168,1064.3526291887301,4.079433344613335,False,False
2774,1060.508860098764,11.410334694037296,13.94212092449171,3.048685430907202,14,0.0,1060.508860098764,1074.4509810232557,13.942120924491746,False,False
2775,1061.342680324411,27.151299673715393,20.135835275733445,7.885448365356936,15,0.0,1061.342680324411,1081.4785156001444,20.13583527573337,False,False
2776,1063.760409277704,11.251097097722962,14.447379502831712,2.8578711549599043,16,0.0,1063.760409277704,1078.2077887805356,14.447379502831609,False,False
2777,1063.795898895292,21.56386368017098,11.844239286268156,2.811882149758958,17,0.0,1063.795898895292,1075.6401381815604,11.844239286268248,False,False
2778,1064.4686529860646,10.901023080563613,14.518792078306694,7.688077467098043,18,0.0,1064.4686529860646,1078.9874450643713,14.51879207830666,False,False
2779,1064.5251976443717,13.097371947733713,8.304150626866845,4.4902099607979125,19,0.0,1064.5251976443717,1072.8293482712386,8.304150626866885,False,False
2780,1065.4636735420302,32.54977002101039,24.160668213531643,3.737689382817381,0,0.0,1065.4636735420302,1089.6243417555618,24.160668213531608,False,False
2781,1065.7040451362807,32.995229980466306,23.3556486224366,7.6614193980764,1,0.0,1065.7040451362807,1089.0596937587172,23.355648622436547,False,False
2782,1065.8777781534284,25.12353317747477,6.394413183089288,1.934045846005924,2,0.0,1065.8777781534284,1072.2721913365176,6.3944131830892275,False,False
2783,1066.9585424615561,14.355034841253545,20.651523800887635,5.295970469126111,3,0.0,1066.9585424615561,1087.6100662624438,20.651523800887617,False,False
2784,1067.18412126653,22.450763708556163,23.00670230080343,2.84549665367171,4,0.0,1067.18412126653,1090.1908235673334,23.006702300803454,False,False
2785,1067.4008182513412,25.97964014051324,19.13392176830446,1.5917397419604726,5,0.0,1067.4008182513412,1086.5347400196456,19.13392176830439,False,False
2786,1070.7560649588982,5.600397753791643,23.367848632315727,5.203970421249546,6,0.0,1070.7560649588982,1094.123913591214,23.367848632315827,False,False
2787,1070.763003219817,8.926364690884744,6.671888298478118,4.2298511802728385,7,0.0,1070.763003219817,1077.434891518295,6.671888298478052,False,False
2788,1071.0385029007641,6.054736234627583,5.895881365102337,3.3612029292734205,8,0.0,1071.0385029007641,1076.9343842658664,5.895881365102241,False,False
2789,1071.0622104711751,25.771090159842494,28.79270785653525,2.7484524681230402,9,0.0,1071.0622104711751,1099.8549183277105,28.792707856535344,False,False
2790,1071.0802139004857,23.519668762455098,8.79951233331823,5.430122623781656,10,0.0,1071.0802139004857,1079.879726233804,8.799512333318262,False,False
2791,1071.4262738185012,6.3514817246550335,3.3948762757568067,7.449153845488739,11,0.0,1071.4262738185012,1074.821150094258,3.3948762757568147,False,False
2792,1073.1634081390507,6.5338062968218935,15.470309455244594,2.5586476211189293,12,0.0,1073.1634081390507,1088.6337175942954,15.47030945524466,False,False
2793,1073.1752235138422,20.818895932544656,9.26499776971882,4.890364910945556,13,0.0,1073.1752235138422,1082.440221283561,9.264997769718775,False,False
2794,1073.2109022081074,5.817776513890282,5.154839740807436,6.572296936830982,14,0.0,1073.2109022081074,1078.3657419489148,5.154839740807347,False,False
2795,1074.0419140411836,34.20332101808847,15.03908268576432,2.624142007075646,15,0.0,1074.0419140411836,1089.080996726948,15.039082685764242,False,False
2796,1074.1163393692912,10.604906703305726,20.794132231767314,2.518258144947233,16,0.0,1074.1163393692912,1094.9104716010584,20.794132231767207,False,False
2797,1074.4937807178333,20.319044752825363,5.604512045026237,2.550897338944964,17,0.0,1074.4937807178333,1080.0982927628595,5.60451204502624,False,False
2798,1074.9408013982177,14.210420523330885,6.322108349902619,4.992918457574179,18,0.0,1074.9408013982177,1081.2629097481204,6.322108349902692,False,False
2799,1075.7361410662434,29.13786190206637,2.6120006845964676,2.990663018990005,19,0.0,1075.7361410662434,1078.3481417508399,2.6120006845965236,False,False
2800,1075.815341286718,5.095402140443745,23.691931760789558,4.19841024068692,0,0.0,1075.815341286718,1099.5072730475076,23.691931760789657,False,False
2801,1075.8406773207594,13.353134018110385,11.922475455919798,4.2299289883241755,1,0.0,1075.8406773207594,1087.7631527766791,11.922475455919766,False,False
2802,1077.970424949519,9.255849437748491,4.393777499686911,2.2511010155802147,2,0.0,1077.970424949519,1082.3642024492058,4.393777499686848,False,False
2803,1078.3064984900536,23.220953923839048,14.226600322474848,6.278277498883412,3,0.0,1078.3064984900536,1092.5330988125286,14.226600322474951,False,False
2804,1078.734246584576,34.39797554178422,3.621347159173809,6.126613442927866,4,0.0,1078.734246584576,1082.35559374375,3.6213471591738653,False,False
2805,1078.855970561742,6.830494593951086,3.5018852972713965,4.934783060040499,5,0.0,1078.855970561742,1082.3578558590134,3.5018852972714285,False,False
2806,1079.0291103625352,24.16632797244364,23.201148257996504,4.756690659856229,6,0.0,1079.0291103625352,1102.2302586205317,23.201148257996465,False,False
2807,1079.5266417994164,7.861062186757085,16.890440424042467,6.734592809581108,7,0.0,1079.5266417994164,1096.417082223459,16.89044042404248,False,False
2808,1079.9056925996713,16.410674663752207,3.0033005764779666,6.260412441633691,8,0.0,1079.9056925996713,1082.9089931761494,3.0033005764780683,False,False
2809,1080.4222272347881,28.576467880421717,5.733540208438185,4.251294984562987,9,0.0,1080.4222272347881,1086.1557674432263,5.733540208438171,False,False
2810,1082.2735023012244,14.472284388124098,8.27580824017512,1.6657154443622886,10,0.0,1082.2735023012244,1090.5493105413996,8.275808240175138,False,False
2811,1083.0568851889823,34.43650432892487,16.456147344824103,7.442887131041953,11,0.0,1083.0568851889823,1099.5130325338064,16.456147344824103,False,False
2812,1083.4000880754727,31.163601000406267,8.698169040622963,7.5545400426836835,12,0.0,1083.4000880754727,1092.0982571160957,8.698169040623043,False,False
2813,1083.5146720523023,24.956961557023696,12.853852167944634,3.6723828220313086,13,0.0,1083.5146720523023,1096.3685242202469,12.853852167944524,False,False
2814,1083.5838569529014,9.485925368020903,19.770363859043844,6.085061637984542,14,0.0,1083.5838569529014,1103.3542208119452,19.770363859043755,False,False
2815,1083.6651813654228,11.2381282100058,18.6902948056626,3.333104225074774,15,0.0,1083.6651813654228,1102.3554761710855,18.69029480566269,False,False
2816,1083.6653553440142,17.242969527114838,16.661229645776373,5.573231220341237,16,0.0,1083.6653553440142,1100.3265849897905,16.661229645776302,False,False
2817,1084.5177801333273,12.781620729489557,10.651308636847027,2.7206737263886858,17,0.0,1084.5177801333273,1095.1690887701743,10.651308636847034,False,False
2818,1086.115496212222,6.887129641142426,28.63459069271216,1.4692322811663554,18,0.0,1086.115496212222,1114.7500869049343,28.63459069271221,False,False
2819,1087.2498368246268,14.456364487948221,20.616012591697494,3.3145733730155893,19,0.0,1087.2498368246268,1107.8658494163242,20.616012591697427,False,False
2820,1087.2812189154542,8.375856149292819,7.882486995739168,5.142639740012489,0,0.0,1087.2812189154542,1095.1637059111933,7.8824869957391,False,False
2821,1087.6541225321962,30.361432501895507,22.790251602719803,5.7650851126069735,1,0.0,1087.6541225321962,1110.444374134916,22.790251602719763,False,False
2822,1089.8245760908615,18.868884955347223,19.465751778482336,6.450131449448886,2,0.0,1089.8245760908615,1109.2903278693439,19.4657517784824,False,False
2823,1089.9497768481936,32.08844163805419,8.239219775086703,7.463226197761725,3,0.0,1089.9497768481936,1098.1889966232802,8.239219775086667,False,False
2824,1090.5371701970275,15.022047637309349,23.330204117954544,2.7733809806621506,4,0.0,1090.5371701970275,1113.867374314982,23.33020411795451,False,False
2825,1091.8677697446649,5.515577761768014,12.460572703153614,3.7364233128369353,5,0.0,1091.8677697446649,1104.3283424478184,12.460572703153503,False,False
2826,1092.0206395145876,27.92009751082228,17.017140426412276,5.88477772205238,6,0.0,1092.0206395145876,1109.0377799409998,17.017140426412197,False,False
2827,1094.291359267518,31.11314332642486,11.095329717838421,1.7722264813506694,7,0.0,1094.291359267518,1105.3866889853564,11.095329717838467,False,False
2828,1094.7124005859903,13.902462694849905,27.095134349407484,6.3667784987858616,8,0.0,1094.7124005859903,1121.8075349353978,27.095134349407545,False,False
2829,1094.796879584156,32.3626608685321,26.11018451760263,4.165939866858507,9,0.0,1094.796879584156,1120.9070641017586,26.110184517602647,False,False
2830,1095.1249788848916,17.490361480692684,22.299446942150894,5.926292887819684,10,0.0,1095.1249788848916,1117.4244258270423,22.29944694215078,False,False
2831,1095.8021660036072,34.834857697560025,3.0580059243632816,7.436609303154299,11,0.0,1095.8021660036072,1098.8601719279704,3.058005924363215,False,False
2832,1096.201672658531,12.266942727990187,21.394982057456897,5.297939257464229,12,0.0,1096.201672658531,1117.5966547159878,21.3949820574569,False,False
2833,1096.239648112928,21.75496367779322,8.41819538437715,5.284702288719234,13,0.0,1096.239648112928,1104.6578434973053,8.418195384377213,False,False
2834,1097.7146660122053,33.78095715310096,22.91467745726673,6.801893186857187,14,0.0,1097.7146660122053,1120.629343469472,22.914677457266635,False,False
2835,1098.2467701231722,17.274323810428136,26.195585441527882,2.1354579048000026,15,0.0,1098.2467701231722,1124.4423555647,26.195585441527783,False,False
2836,1098.3455167793747,29.137665470741116,25.68564491626201,4.658171481037435,16,0.0,1098.3455167793747,1124.0311616956367,25.685644916261936,False,False
2837,1098.5847077982783,5.004560882151637,5.736574338374998,1.3175852661060676,17,0.0,1098.5847077982783,1104.3212821366533,5.736574338375021,False,False
2838,1098.66860601524,15.529704622181349,28.02443260025595,5.03466116952806,18,0.0,1098.66860601524,1126.6930386154959,28.024432600255977,False,False
2839,1099.0771772979072,7.8652952802189535,29.772866125304645,1.2940954411487344,19,0.0,1099.0771772979072,1128.850043423212,29.772866125304745,False,False
2840,1099.5309468956027,30.147029711496753,27.626022770296778,5.7304227036409525,0,0.0,1099.5309468956027,1127.1569696658994,27.626022770296686,False,False
2841,1099.6897154299159,16.832639985567276,20.391203118656502,6.9345935511038475,1,0.0,1099.6897154299159,1120.0809185485723,20.39120311865645,False,False
2842,1099.9498512383514,18.124120949742842,23.659685382553953,6.76216594605708,2,0.0,1099.9498512383514,1123.6095366209054,23.659685382554017,False,False
2843,1100.6702524521077,26.754230444796082,5.672924864632021,7.577929514342456,3,0.0,1100.6702524521077,1106.3431773167397,5.672924864632023,False,False
2844,1100.6960489694536,33.347689711451636,5.717943577852473,6.8375882634912015,4,0.0,1100.6960489694536,1106.4139925473062,5.717943577852566,False,False
2845,1100.9549661540195,25.40174019120257,6.160305987926277,6.014771489667756,5,0.0,1100.9549661540195,1107.1152721419458,6.160305987926222,False,False
2846,1100.9682183629075,9.663144007017063,19.52065806986942,7.900087544805736,6,0.0,1100.9682183629075,1120.4888764327768,19.52065806986934,False,False
2847,1101.5868901079184,29.970819808733644,13.538548882558972,2.8654424309996838,7,0.0,1101.5868901079184,1115.1254389904773,13.538548882558871,False,False
2848,1101.672854546311,34.24479224403527,28.611530889453633,5.261516533410474,8,0.0,1101.672854546311,1130.2843854357648,28.61153088945366,False,False
2849,1101.7129237770869,18.1124909863369,26.769265376918792,1.0806550825813377,9,0.0,1101.7129237770869,1128.4821891540057,26.76926537691884,False,False
2850,1102.1011382976187,14.05739080841913,16.90482405377807,1.0421429770906596,10,0.0,1102.1011382976187,1119.0059623513969,16.904824053778157,False,False
2851,1104.0574193121297,21.974763898024516,13.535662102369212,3.9112463062858334,11,0.0,1104.0574193121297,1117.593081414499,13.535662102369315,False,False
2852,1104.8216328047772,11.196903963733085,4.812310855497201,2.1735168014613793,12,0.0,1104.8216328047772,1109.6339436602743,4.812310855497117,False,False
2853,1104.8823819528038,7.468712772803864,28.609979214035132,2.083333789921447,13,0.0,1104.8823819528038,1133.492361166839,28.609979214035093,False,False
2854,1105.6866233252183,9.77644321920917,12.421495469644784,1.4982110327540819,14,0.0,1105.6866233252183,1118.108118794863,12.421495469644697,False,False
2855,1105.7494003611928,23.236885841079943,23.870928167499066,3.854013751959461,15,0.0,1105.7494003611928,1129.6203285286917,23.87092816749896,False,False
2856,1106.5003140120646,10.310204876676,27.713217197018956,7.875654953668484,16,0.0,1106.5003140120646,1134.2135312090836,27.71321719701905,False,False
2857,1106.632699413143,22.85946409850701,29.123294526158986,3.078670095899306,17,0.0,1106.632699413143,1135.755993939302,29.123294526159043,False,False
2858,1107.3132855503186,14.836803521459599,15.760104877374802,6.95059620552031,18,0.0,1107.3132855503186,1123.0733904276933,15.760104877374715,False,False
2859,1107.3871340620724,20.09869039581261,4.51657295589467,2.7483043418414734,19,0.0,1107.3871340620724,1111.903707017967,4.516572955894617,False,False
2860,1107.5663516837658,20.816224253890766,21.763961719784565,4.287781320490675,0,0.0,1107.5663516837658,1129.3303134035505,21.763961719784675,False,False
2861,1107.778097587258,15.147407273656677,15.843427825898042,2.751640389883929,1,0.0,1107.778097587258,1123.621525413156,15.843427825898061,False,False
2862,1108.6281206588176,23.65470472476655,29.650637838141645,7.810014185079414,2,0.0,1108.6281206588176,1138.2787584969592,29.65063783814162,False,False
2863,1109.6503407006937,19.951687052106006,15.634513212393642,3.669272884978655,3,0.0,1109.6503407006937,1125.2848539130873,15.634513212393585,False,False
2864,1110.7455488769288,26.218537375404892,23.942815111408937,2.7408084379772455,4,0.0,1110.7455488769288,1134.6883639883376,23.94281511140889,False,False
2865,1110.7760527192436,11.56688306332003,24.806300696059175,1.5116081927274467,5,0.0,1110.7760527192436,1135.5823534153028,24.806300696059225,False,False
2866,1111.2290343444615,6.112919969183976,11.072645560274818,3.7114130685711118,6,0.0,1111.2290343444615,1122.3016799047364,11.07264556027485,False,False
2867,1111.4875800701586,21.201308700833053,12.022948537758506,7.307725032472599,7,0.0,1111.4875800701586,1123.5105286079172,12.022948537758566,False,False
2868,1111.8937039760706,27.646363987251384,8.876286558378844,1.843610326001068,8,0.0,1111.8937039760706,1120.7699905344493,8.876286558378752,False,False
2869,1112.6582348392199,8.061373089232177,19.886439216787142,2.67876034014287,9,0.0,1112.6582348392199,1132.544674056007,19.88643921678704,False,False
2870,1112.6783769895055,26.473177558133962,26.818941690675604,1.3136453213350585,10,0.0,1112.6783769895055,1139.497318680181,26.8189416906755,False,False
2871,1113.8991937509288,6.91835496789858,10.352604246509452,5.602192075722824,11,0.0,1113.8991937509288,1124.2517979974382,10.352604246509372,False,False
2872,1114.67669150316,18.665353946246327,23.57899438144148,1.2849436303194754,12,0.0,1114.67669150316,1138.2556858846017,23.57899438144159,False,False
2873,1114.8546901514824,10.272457926420914,16.352086408661535,1.2063727319162474,13,0.0,1114.8546901514824,1131.206776560144,16.352086408661535,False,False
2874,1114.961991961034,32.766803123203246,26.722711081585803,2.481467584386304,14,0.0,1114.961991961034,1141.68470304262,26.722711081585885,False,False
2875,1116.2032274271014,12.992621864830227,20.995201909974863,4.000419110795331,15,0.0,1116.2032274271014,1137.1984293370763,20.995201909974867,False,False
2876,1116.2556284172244,26.88064119297768,21.715070569620178,4.230672991775675,16,0.0,1116.2556284172244,1137.9706989868446,21.71507056962014,False,False
2877,1117.552267201336,33.49952462589967,8.562394827440787,2.015225129868118,17,0.0,1117.552267201336,1126.1146620287768,8.562394827440812,False,False
2878,1119.0650200121233,17.640628049600195,9.785602515848206,1.854356820238385,18,0.0,1119.0650200121233,1128.8506225279716,9.785602515848268,False,False
2879,1119.2315211241087,16.699595331791414,7.60713563998276,7.278559578249394,19,0.0,1119.2315211241087,1126.8386567640914,7.607135639982744,False,False
2880,1119.351016351152,25.83660679322879,3.3390560975883656,3.7652830001348363,0,0.0,1119.351016351152,1122.6900724487405,3.3390560975883545,False,False
2881,1120.2432240828307,27.168764878128773,11.703062833576297,5.680342618826714,1,0.0,1120.2432240828307,1131.946286916407,11.703062833576269,False,False
2882,1120.6502210895853,26.850060485169454,21.570784986257244,1.6410304583332231,2,0.0,1120.6502210895853,1142.2210060758425,21.570784986257195,False,False
2883,1121.0068134749936,30.213981644534332,5.497195949654275,5.461739031819317,3,0.0,1121.0068134749936,1126.5040094246478,5.4971959496542695,False,False
2884,1121.2587953090904,16.1828581583162,7.048654179138085,2.9847205110616093,4,0.0,1121.2587953090904,1128.3074494882285,7.048654179138111,False,False
2885,1121.5780847420513,18.233101021294168,25.820110114729314,4.025261657232363,5,0.0,1121.5780847420513,1147.3981948567805,25.820110114729232,False,False
2886,1122.0900079070325,6.635307741306428,13.966149586977005,2.1049452232205788,6,0.0,1122.0900079070325,1136.0561574940095,13.966149586977053,False,False
2887,1123.2985876571267,21.678240500890194,7.282230008408039,1.1264798196241534,7,0.0,1123.2985876571267,1130.5808176655348,7.282230008408078,False,False
2888,1124.4529734148882,16.738372696080557,13.035307024451615,1.8373760502625043,8,0.0,1124.4529734148882,1137.4882804393399,13.03530702445164,False,False
2889,1124.5234097143746,30.061534673326218,12.133121928086767,2.281852127903158,9,0.0,1124.5234097143746,1136.6565316424612,12.133121928086666,False,False
2890,1126.1823803579432,21.629590239601885,8.91336188381131,6.952619732876432,10,0.0,1126.1823803579432,1135.0957422417546,8.913361883811376,False,False
2891,1126.5126412016352,13.214366745165707,28.708448948080093,3.756665313711997,11,0.0,1126.5126412016352,1155.2210901497153,28.708448948080104,False,False
2892,1127.658553119123,29.818872391769386,12.062479989206006,5.716740631911966,12,0.0,1127.658553119123,1139.721033108329,12.06247998920594,False,False
2893,1128.0040066029655,20.4068393232259,29.650757431767122,7.871647545413365,13,0.0,1128.0040066029655,1157.6547640347326,29.650757431767033,False,False
2894,1128.31821894303,15.68817658756162,3.237044646162031,6.5031358517664755,14,0.0,1128.31821894303,1131.555263589192,3.237044646162076,False,False
2895,1128.3938141620233,15.62360630342255,22.363927112649908,3.002456992563491,15,0.0,1128.3938141620233,1150.7577412746732,22.36392711264989,False,False
2896,1128.679326704162,31.339824130416922,15.679261499520562,2.588293022461777,16,0.0,1128.679326704162,1144.3585882036825,15.679261499520635,False,False
2897,1128.8186292534247,14.952384657145233,21.804144924827348,7.8481357970045424,17,0.0,1128.8186292534247,1150.622774178252,21.80414492482737,False,False
2898,1130.4270130539246,18.697014286711553,2.9133696026605884,7.792393431029382,18,0.0,1130.4270130539246,1133.3403826565852,2.913369602660623,False,False
2899,1130.6009996937398,10.721751016655432,22.62058869542559,6.121701438537086,19,0.0,1130.6009996937398,1153.2215883891654,22.620588695425567,False,False
2900,1130.8393925252042,22.890381503039702,16.620278665528595,5.7240389666623,0,0.0,1130.8393925252042,1147.4596711907327,16.62027866552853,False,False
2901,1131.4346481102998,5.628523547948918,10.920021173525697,6.283369016198931,1,0.0,1131.4346481102998,1142.3546692838254,10.920021173525583,False,False
2902,1131.8151201504722,32.90477998904417,4.430216090137635,7.628357100906587,2,0.0,1131.8151201504722,1136.24533624061,4.430216090137719,False,False
2903,1131.8537336089078,21.908298509850034,5.18215315711015,1.2017060234785908,3,0.0,1131.8537336089078,1137.035886766018,5.182153157110179,False,False
2904,1132.7889073390645,31.2621211533489,18.82782561703503,5.204499868367929,4,0.0,1132.7889073390645,1151.6167329560994,18.827825617034932,False,False
2905,1133.4217035700967,20.13134856525238,4.065823563744496,6.134767793330255,5,0.0,1133.4217035700967,1137.4875271338412,4.065823563744516,False,False
2906,1134.0391180047782,20.27529727662032,27.36675517923347,6.4335946386580085,6,0.0,1134.0391180047782,1161.4058731840116,27.36675517923345,False,False
2907,1136.0967528609754,22.09176063015847,24.404914990859396,2.6612858683578016,7,0.0,1136.0967528609754,1160.5016678518348,24.404914990859425,False,False
2908,1136.5262132361765,14.388589626456564,10.605172721222619,3.9307123156112245,8,0.0,1136.5262132361765,1147.131385957399,10.605172721222516,False,False
2909,1136.6510930422107,14.02745248508062,6.964153488749473,7.805138670839683,9,0.0,1136.6510930422107,1143.6152465309601,6.964153488749389,False,False
2910,1137.0322557494499,12.769079015004266,9.741782712987265,4.0406582604299786,10,0.0,1137.0322557494499,1146.7740384624371,9.741782712987288,False,False
2911,1137.1262230913903,16.548736504030867,3.4660118938177726,3.556431218432663,11,0.0,1137.1262230913903,1140.592234985208,3.466011893817722,False,False
2912,1137.4852101242986,31.98713508980757,18.18786710750091,4.445987713259543,12,0.0,1137.4852101242986,1155.6730772317997,18.187867107501006,False,False
2913,1137.5602191386217,32.867501782581726,24.075726200882507,1.7994076319840384,13,0.0,1137.5602191386217,1161.6359453395041,24.0757262008824,False,False
2914,1137.5808888562415,29.089693160721087,13.605204064568886,4.627267364909378,14,0.0,1137.5808888562415,1151.1860929208103,13.605204064568852,False,False
2915,1137.6247439785054,32.23269402694898,6.021944492752864,7.591089530051608,15,0.0,1137.6247439785054,1143.6466884712584,6.021944492752937,False,False
2916,1138.1241207544372,30.043913631986232,5.857077607134574,2.2175092204076305,16,0.0,1138.1241207544372,1143.9811983615718,5.85707760713467,False,False
2917,1138.6865534480985,12.500380177027909,27.954463148796165,1.2924580083325634,17,0.0,1138.6865534480985,1166.6410165968946,27.954463148796094,False,False
2918,1138.8473335228002,8.255830353967863,11.573037645576452,2.032605025618529,18,0.0,1138.8473335228002,1150.4203711683767,11.573037645576505,False,False
2919,1138.9968688594647,5.439991799096791,13.105543706817091,4.423294559743121,19,0.0,1138.9968688594647,1152.1024125662818,13.105543706817116,False,False
2920,1139.45627082333,25.710933555628984,12.389357055004007,4.595034249902586,0,0.0,1139.45627082333,1151.845627878334,12.389357055003984,False,False
2921,1139.580404546226,19.66933280279326,4.328284222962022,2.639072919079199,1,0.0,1139.580404546226,1143.908688769188,4.328284222962111,False,False
2922,1139.882646202689,26.62908019895916,11.182210723851451,2.946446253922947,2,0.0,1139.882646202689,1151.0648569265406,11.18221072385154,False,False
2923,1140.520521462454,30.790367445818838,15.46326765285587,4.544614042756662,3,0.0,1140.520521462454,1155.98378911531,15.463267652855848,False,False
2924,1142.83333794447,12.809323963385934,3.962288437333427,4.5715399521822935,4,0.0,1142.83333794447,1146.7956263818035,3.9622884373334273,False,False
2925,1142.8612775417434,30.114373701787553,18.45026617463475,7.288520191270026,5,0.0,1142.8612775417434,1161.3115437163783,18.450266174634862,False,False
2926,1143.631994964815,33.074453510531114,13.689645777038995,6.430595010045702,6,0.0,1143.631994964815,1157.321640741854,13.689645777039004,False,False
2927,1144.5246555946826,23.790214711216898,2.7259108165083656,7.5623593114364,7,0.0,1144.5246555946826,1147.250566411191,2.7259108165083035,False,False
2928,1144.7512089313686,5.130276016020861,4.901823594055315,7.902269273740968,8,0.0,1144.7512089313686,1149.653032525424,4.901823594055259,False,False
2929,1145.455068618532,34.705141634249806,5.166666434031628,3.9093317195663224,9,0.0,1145.455068618532,1150.6217350525637,5.16666643403164,False,False
2930,1146.813761249564,23.413206247927125,18.27960681146512,6.510364883090023,10,0.0,1146.813761249564,1165.0933680610292,18.2796068114651,False,False
2931,1148.5451186921375,26.16706871320605,24.106054661789443,4.787893369454526,11,0.0,1148.5451186921375,1172.6511733539269,24.106054661789358,False,False
2932,1148.9208918198096,10.944107239023992,3.8292138721541518,7.289306012992354,12,0.0,1148.9208918198096,1152.7501056919639,3.8292138721542415,False,False
2933,1149.3614034195057,31.004156988533946,18.204740407071125,6.840574867570028,13,0.0,1149.3614034195057,1167.5661438265768,18.204740407071085,False,False
2934,1149.5638994662731,13.112811888982815,6.727546830584998,7.473889718629525,14,0.0,1149.5638994662731,1156.291446296858,6.72754683058497,False,False
2935,1150.68675527057,19.45702443214087,24.878763114918105,2.682203687288422,15,0.0,1150.68675527057,1175.565518385488,24.878763114918,False,False
2936,1151.2502020331765,18.218645551069976,11.235814756328626,2.8371178699890156,16,0.0,1151.2502020331765,1162.4860167895051,11.235814756328637,False,False
2937,1151.7567020305207,16.538860473487112,4.9221306565980445,2.0800249707804506,17,0.0,1151.7567020305207,1156.6788326871188,4.9221306565980285,False,False
2938,1153.4385253677763,5.705587678113815,3.437998165562229,1.6325788028521413,18,0.0,1153.4385253677763,1156.8765235333385,3.4379981655622487,False,False
2939,1155.039132217846,13.494363043584393,28.47197484136706,2.0886785342885306,19,0.0,1155.039132217846,1183.511107059213,28.471974841367,False,False
2940,1155.8441254904155,20.123071992747924,28.31846022989361,2.9520591791771063,0,0.0,1155.8441254904155,1184.1625857203092,28.318460229893617,False,False
2941,1156.5636252095705,18.66371632981045,3.2026329770550666,7.291386951626124,1,0.0,1156.5636252095705,1159.7662581866257,3.2026329770551456,False,False
2942,1158.068352421021,9.130475349088586,7.681509227519786,3.5810372816319798,2,0.0,1158.068352421021,1165.749861648541,7.681509227519882,False,False
2943,1158.092371989268,9.098547417958171,24.110704662153896,4.640528828211609,3,0.0,1158.092371989268,1182.203076651422,24.11070466215392,False,False
2944,1158.3496406036043,21.573556122913494,17.400148449827714,3.2432244126565815,4,0.0,1158.3496406036043,1175.7497890534319,17.40014844982761,False,False
2945,1159.3213187455076,27.19047313928013,28.777120555896598,6.730134802218132,5,0.0,1159.3213187455076,1188.0984393014041,28.777120555896545,False,False
2946,1161.1219243860749,18.26846576584292,18.36855558299021,6.177064111025638,6,0.0,1161.1219243860749,1179.490479969065,18.36855558299021,False,False
2947,1161.3103768086244,14.398865978299316,23.435193451658765,4.349572660777918,7,0.0,1161.3103768086244,1184.745570260283,23.435193451658733,False,False
2948,1161.8927335623898,16.775536190479972,8.670173708826049,1.1897019388231624,8,0.0,1161.8927335623898,1170.5629072712159,8.670173708826042,False,False
2949,1163.3790935310533,19.353683827689906,23.135884442556367,5.619981861536541,9,0.0,1163.3790935310533,1186.5149779736096,23.13588444255629,False,False
2950,1164.1318744639732,26.097103077202174,28.152992181881423,7.0173718588604626,10,0.0,1164.1318744639732,1192.2848666458547,28.152992181881473,False,False
2951,1166.1924799108567,24.18406655524494,9.71127040496257,3.149667539332135,11,0.0,1166.1924799108567,1175.9037503158193,9.711270404962534,False,False
2952,1166.39626444027,13.515038847563957,21.181080061493663,1.21396358281838,12,0.0,1166.39626444027,1187.5773445017637,21.18108006149373,False,False
2953,1166.4386211192493,27.849703454542574,19.768308478632004,5.2598636250781,13,0.0,1166.4386211192493,1186.2069295978813,19.76830847863198,False,False
2954,1166.5543622522734,10.819706903395012,8.048141718285635,1.8850269640566926,14,0.0,1166.5543622522734,1174.6025039705592,8.048141718285706,False,False
2955,1166.827129501627,34.048212015671496,3.512787962605237,6.758385783154623,15,0.0,1166.827129501627,1170.3399174642323,3.5127879626052163,False,False
2956,1167.4436290534836,7.787822955163202,27.217923461077962,1.3187089115100679,16,0.0,1167.4436290534836,1194.6615525145617,27.217923461078044,False,False
2957,1168.4463618924603,31.878979199778904,28.356419370948114,5.677651578537254,17,0.0,1168.4463618924603,1196.8027812634084,28.35641937094806,False,False
2958,1169.4663187220026,6.999255072581869,22.45428312340417,3.8524843086584806,18,0.0,1169.4663187220026,1191.9206018454067,22.45428312340414,False,False
2959,1170.173449370384,25.141659533155636,10.47133707446091,6.4568298528278305,19,0.0,1170.173449370384,1180.644786444845,10.471337074460962,False,False
2960,1170.7075201560383,24.0300389402182,19.50511629519287,6.875511932250759,0,0.0,1170.7075201560383,1190.2126364512312,19.50511629519292,False,False
2961,1172.9350230844666,26.324686249031608,4.387444829278154,1.5020971277175887,1,0.0,1172.9350230844666,1177.3224679137447,4.387444829278138,False,False
2962,1172.991995979597,24.889154742400155,22.051347791703215,5.474849905791453,2,0.0,1172.991995979597,1195.0433437713002,22.051347791703165,False,False
2963,1174.3407599477189,8.331255552141744,24.520315253494044,5.422191794700657,3,0.0,1174.3407599477189,1198.861075201213,24.52031525349412,False,False
2964,1175.3498966782954,7.27079086143892,4.043821477660693,3.453645969417838,4,0.0,1175.3498966782954,1179.393718155956,4.043821477660686,False,False
2965,1176.771472806056,21.006379286000108,22.840157351964315,2.8395187337179504,5,0.0,1176.771472806056,1199.6116301580203,22.840157351964308,False,False
2966,1177.6578395306908,22.732649326184415,6.385523269413275,7.970946436979043,6,0.0,1177.6578395306908,1184.043362800104,6.38552326941317,False,False
2967,1177.6628304408866,28.61988296194103,4.832627181725069,3.835533951126655,7,0.0,1177.6628304408866,1182.4954576226116,4.832627181725002,False,False
2968,1179.2326038886604,25.591197082811046,8.042569714049865,5.859728959956878,8,0.0,1179.2326038886604,1187.2751736027103,8.042569714049932,False,False
2969,1179.3387978273654,31.227795524834598,17.303113207246863,3.1952087008185543,9,0.0,1179.3387978273654,1196.6419110346123,17.303113207246952,False,False
2970,1179.8510739141773,8.788916193882383,11.868309360388068,4.3729802227380885,10,0.0,1179.8510739141773,1191.7193832745654,11.868309360388139,False,False
2971,1180.3503909813257,12.652578860846639,27.83178458272209,6.24943149599509,11,0.0,1180.3503909813257,1208.1821755640478,27.831784582722094,False,False
2972,1181.2024488038942,8.944805451633911,4.999993100669164,1.2227816192535357,12,0.0,1181.2024488038942,1186.2024419045633,4.999993100669144,False,False
2973,1181.8360728267041,14.159186680878955,2.759212980217748,7.3701416885469335,13,0.0,1181.8360728267041,1184.595285806922,2.7592129802178533,False,False
2974,1181.93407347362,5.075543490565201,19.122354625959822,5.346783347496159,14,0.0,1181.93407347362,1201.0564280995798,19.122354625959815,False,False
2975,1182.0979682324785,11.926258502775756,3.235527040607003,3.8542314100930524,15,0.0,1182.0979682324785,1185.3334952730854,3.2355270406069394,False,False
2976,1182.3215317024753,32.9574515588141,5.4637065710860675,6.178175883992852,16,0.0,1182.3215317024753,1187.7852382735614,5.46370657108605,False,False
2977,1182.4791677791886,13.873657639134182,26.712869301264707,2.199061570288634,17,0.0,1182.4791677791886,1209.1920370804532,26.712869301264618,False,False
2978,1182.6339837305397,22.75508372287748,19.564124870860926,2.3816695087755906,18,0.0,1182.6339837305397,1202.1981086014007,19.56412487086095,False,False
2979,1182.8096298760534,22.340861261759024,12.553562892320937,1.561409171216022,19,0.0,1182.8096298760534,1195.3631927683743,12.553562892320997,False,False
2980,1183.2854350759935,33.339376378393666,7.302230011067945,3.1524618956851578,0,0.0,1183.2854350759935,1190.5876650870614,7.302230011067877,False,False
2981,1183.964206137094,29.79602768044092,9.618972280900177,7.559636450364983,1,0.0,1183.964206137094,1193.583178417994,9.618972280900152,False,False
2982,1184.1560979159449,26.282107213905107,5.244619488689743,2.808017634828018,2,0.0,1184.1560979159449,1189.4007174046346,5.24461948868975,False,False
2983,1185.4679317918467,26.872558766199802,6.722437240408874,6.002057864075047,3,0.0,1185.4679317918467,1192.1903690322556,6.722437240408908,False,False
2984,1188.0216112959527,17.36794457177242,7.1883109212248035,6.842891226582884,4,0.0,1188.0216112959527,1195.2099222171776,7.188310921224911,False,False
2985,1188.8395553642931,18.735233146118908,17.506012285163475,4.024647632017396,5,0.0,1188.8395553642931,1206.3455676494566,17.50601228516348,False,False
2986,1188.9403422299843,26.612220154581937,28.011383421305837,4.872135457544061,6,0.0,1188.9403422299843,1216.9517256512902,28.011383421305936,False,False
2987,1189.3279870374204,17.274821831186454,3.0863836777334095,3.050991582481652,7,0.0,1189.3279870374204,1192.4143707151538,3.0863836777334654,False,False
2988,1189.4016550619308,15.148547545578186,23.962766878954994,4.635470675721712,8,0.0,1189.4016550619308,1213.3644219408857,23.96276687895488,False,False
2989,1189.446985533956,32.570014314181506,9.926050143327002,3.680319669014376,9,0.0,1189.446985533956,1199.373035677283,9.926050143327075,False,False
2990,1189.568133895279,34.08612447323088,21.991655489840127,7.179100785031105,10,0.0,1189.568133895279,1211.559789385119,21.991655489840014,False,False
2991,1190.941989491519,17.745046147509676,17.93700371885098,5.210424379043046,11,0.0,1190.941989491519,1208.87899321037,17.937003718850974,False,False
2992,1192.7420688475004,6.92020135145966,28.27331375076926,6.868224689872753,12,0.0,1192.7420688475004,1221.0153825982695,28.273313750769148,False,False
2993,1195.0223436520532,33.96997539816027,15.054838425086876,7.346930523344596,13,0.0,1195.0223436520532,1210.0771820771402,15.054838425086928,False,False
2994,1195.4580994637588,28.363088172051512,28.68434572306516,5.9059454549722705,14,0.0,1195.4580994637588,1224.142445186824,28.684345723065235,False,False
2995,1195.8013335785242,26.04370620225986,8.026157729570652,5.475916418912499,15,0.0,1195.8013335785242,1203.827491308095,8.026157729570741,False,False
2996,1196.3930859828001,28.809907825472138,25.90589042847628,7.398650972730609,16,0.0,1196.3930859828001,1222.2989764112765,25.90589042847637,False,False
2997,1196.8615344564678,31.46516863868376,28.470080536827673,5.835559365134091,17,0.0,1196.8615344564678,1225.3316149932955,28.47008053682771,False,False
2998,1196.8953740130962,32.60186253447389,29.225475468003918,7.435050233122885,18,0.0,1196.8953740130962,1226.1208494811,29.22547546800388,False,False
2999,1198.7056830536646,32.28821065452523,17.85334328982928,5.1329212741413075,19,0.0,1198.7056830536646,1216.559026343494,17.853343289829354,False,False
3000,1199.0864024035925,32.77014240954031,2.9256729525677794,6.581828867349597,0,0.0,1199.0864024035925,1202.0120753561603,2.9256729525677656,False,False
3001,1199.0985928203888,15.64010711876823,26.193579949166832,1.2585650834798547,1,0.0,1199.0985928203888,1225.2921727695557,26.19357994916686,False,False
3002,1199.1752344735853,32.245418454678514,21.468278339180344,3.177962746566063,2,0.0,1199.1752344735853,1220.6435128127657,21.468278339180415,False,False
3003,1199.229527213973,15.763616936893316,10.431767852913865,7.419558660044725,3,0.0,1199.229527213973,1209.6612950668869,10.431767852913936,False,False
3004,1199.4080525975485,25.950367957474356,22.920106154205946,1.497067884947597,4,0.0,1199.4080525975485,1222.3281587517545,22.920106154205996,False,False
3005,1199.7246049940127,15.024448700343,16.746254662074374,6.1123903111126925,5,0.0,1199.7246049940127,1216.470859656087,16.746254662074307,False,False
3006,1203.2818854892098,7.693001601634575,28.844257539168275,2.1119454876565844,6,0.0,1203.2818854892098,1232.126143028378,28.84425753916821,False,False
3007,1205.2005747316437,22.10571348598646,16.278654233030018,7.143357342443596,7,0.0,1205.2005747316437,1221.4792289646737,16.27865423303001,False,False
3008,1205.2430229806132,30.39318687604567,11.802853071871716,3.2744347327281833,8,0.0,1205.2430229806132,1217.045876052485,11.802853071871823,False,False
3009,1206.7339757528696,16.11747116160071,8.415663006432142,7.272056593835018,9,0.0,1206.7339757528696,1215.1496387593018,8.415663006432169,False,False
3010,1207.017034341586,30.55312347166135,25.981891345217406,2.701535019437429,10,0.0,1207.017034341586,1232.9989256868034,25.98189134521749,False,False
3011,1210.5658523353043,16.030682664402086,7.031999593415367,1.2298247479477933,11,0.0,1210.5658523353043,1217.5978519287196,7.031999593415321,False,False
3012,1211.62306641905,22.10551474389267,15.893728996439501,3.943938620862462,12,0.0,1211.62306641905,1227.5167954154895,15.89372899643945,False,False
3013,1211.7402808219613,16.23358064572318,4.142150968802072,3.6541858910339418,13,0.0,1211.7402808219613,1215.8824317907633,4.142150968802071,False,False
3014,1211.9107792876748,34.817022579310404,17.54949583211362,5.453230251139209,14,0.0,1211.9107792876748,1229.4602751197885,17.549495832113735,False,False
3015,1212.8162727849708,17.707234467758717,29.39764656162577,7.92144823454787,15,0.0,1212.8162727849708,1242.2139193465966,29.397646561625834,False,False
3016,1214.4970751702003,16.708258705095663,28.274198343061716,4.160168173001654,16,0.0,1214.4970751702003,1242.771273513262,28.2741983430617,False,False
3017,1214.8479416318505,25.832224437301942,24.96809988827176,4.161252608737741,17,0.0,1214.8479416318505,1239.8160415201223,24.96809988827181,False,False
3018,1215.1148136315205,19.596490384705092,26.064292684865098,4.705925979231685,18,0.0,1215.1148136315205,1241.1791063163855,26.064292684864995,False,False
3019,1216.208063405844,5.971338274819572,7.2593618196526695,6.456422029328861,19,0.0,1216.208063405844,1223.4674252254968,7.259361819652668,False,False
3020,1217.4653705615221,32.84509325201843,8.085754131010631,4.505096649847287,0,0.0,1217.4653705615221,1225.5511246925328,8.085754131010617,False,False
3021,1219.6254734958695,6.518923482602817,12.614092201358215,3.785345482743259,1,0.0,1219.6254734958695,1232.2395656972278,12.61409220135829,False,False
3022,1220.1705861930286,30.270546422709,27.327654849493268,1.9496225789566184,2,0.0,1220.1705861930286,1247.4982410425218,27.32765484949323,False,False
3023,1221.018228911807,27.872693687028654,4.733838073792336,3.048342908549363,3,0.0,1221.018228911807,1225.7520669855994,4.733838073792413,False,False
3024,1221.1244896188562,25.2611747722056,10.853464708341853,6.239992170197036,4,0.0,1221.1244896188562,1231.977954327198,10.85346470834179,False,False
3025,1221.7979059433064,29.0212671351257,26.900435975468945,6.445085038519859,5,0.0,1221.7979059433064,1248.6983419187754,26.90043597546901,False,False
3026,1223.6582444767716,16.25668217582033,16.914743417730378,6.833249644702132,6,0.0,1223.6582444767716,1240.572987894502,16.91474341773028,False,False
3027,1224.067018872711,20.660358347232844,6.042084132548069,1.3923381807652535,7,0.0,1224.067018872711,1230.1091030052592,6.042084132548098,False,False
3028,1224.4611794157781,27.147532226385017,4.5126054486997145,7.524387320834344,8,0.0,1224.4611794157781,1228.973784864478,4.512605448699787,False,False
3029,1226.5688808865302,32.01628175767989,27.929026655778276,2.7085298220002314,9,0.0,1226.5688808865302,1254.4979075423084,27.929026655778216,False,False
3030,1227.0651611720828,26.798459647020056,4.057684196728891,1.5271738070850644,10,0.0,1227.0651611720828,1231.1228453688116,4.057684196728815,False,False
3031,1229.773839514878,21.23571687284851,19.329225492262935,5.5466538112006,11,0.0,1229.773839514878,1249.1030650071411,19.32922549226305,False,False
3032,1230.51786882247,25.684640738444894,13.50216079563666,1.8513528258308118,12,0.0,1230.51786882247,1244.0200296181067,13.502160795636655,False,False
3033,1231.3436957736637,19.407825676777996,12.532253788973044,4.261584048271244,13,0.0,1231.3436957736637,1243.8759495626368,12.532253788973094,False,False
3034,1231.6265619302267,12.310901333432275,17.684124227883043,5.248140105604584,14,0.0,1231.6265619302267,1249.3106861581098,17.684124227883103,False,False
3035,1232.194194233323,26.46996906961851,4.931890204982138,2.149139439781203,15,0.0,1232.194194233323,1237.1260844383053,4.93189020498221,False,False
3036,1233.2174212742952,22.31773805671107,25.38822743923052,7.590649995547352,16,0.0,1233.2174212742952,1258.6056487135259,25.388227439230604,False,False
3037,1233.4127419042723,28.223963226839217,27.664714477627676,6.878835955838584,17,0.0,1233.4127419042723,1261.0774563819,27.66471447762774,False,False
3038,1234.0585708843992,12.987888761408023,26.78518105568139,5.110866611556927,18,0.0,1234.0585708843992,1260.8437519400804,26.785181055681278,False,False
3039,1238.0847824259781,27.3020197354493,19.999116376393786,3.8827424881071124,19,0.0,1238.0847824259781,1258.083898802372,19.999116376393886,False,False
3040,1238.4279245162907,22.285544031543246,13.850159969518154,3.870830608423803,0,0.0,1238.4279245162907,1252.278084485809,13.850159969518245,False,False
3041,1239.6993050164174,22.713433614517278,16.0832074570721,6.7092367683070435,1,0.0,1239.6993050164174,1255.7825124734895,16.08320745707215,False,False
3042,1241.320583869824,33.674649294508555,22.35943256825247,2.5907120343700605,2,0.0,1241.320583869824,1263.6800164380766,22.359432568252487,False,False
3043,1241.4655398861166,21.237361851778953,18.073478914016654,1.1251004525614872,3,0.0,1241.4655398861166,1259.5390188001334,18.073478914016732,False,False
3044,1241.5054593385494,34.00656044185355,8.029008016781173,5.8279701979035465,4,0.0,1241.5054593385494,1249.5344673553304,8.029008016781063,False,False
3045,1242.0150694023257,27.57979240193435,5.148103121227063,4.6725207481024675,5,0.0,1242.0150694023257,1247.1631725235527,5.148103121226995,False,False
3046,1242.4514763438667,28.250702736945925,25.556837972256833,1.6344104563891093,6,0.0,1242.4514763438667,1268.0083143161235,25.556837972256744,False,False
3047,1242.7682697368098,5.181669219789721,29.30541328657905,1.3836550247590464,7,0.0,1242.7682697368098,1272.0736830233889,29.305413286579096,False,False
3048,1243.7636394687793,18.118134539578826,21.169870879079582,2.0455504303131335,8,0.0,1243.7636394687793,1264.9335103478588,21.169870879079554,False,False
3049,1243.866492576162,23.546192106403623,21.8306587510972,4.637807220454271,9,0.0,1243.866492576162,1265.6971513272592,21.83065875109719,False,False
3050,1244.245279557573,30.534697296259967,14.637011628900284,7.34110726986233,10,0.0,1244.245279557573,1258.8822911864734,14.637011628900382,False,False
3051,1244.9502544645557,11.122833912595683,10.16431428780531,4.859218409906118,11,0.0,1244.9502544645557,1255.114568752361,10.164314287805382,False,False
3052,1245.1029647771995,18.894559049321003,7.417510892994075,7.241760940353326,12,0.0,1245.1029647771995,1252.5204756701937,7.417510892994187,False,False
3053,1246.4357111770971,11.161995068019237,9.875558932469445,1.8267924028333498,13,0.0,1246.4357111770971,1256.3112701095665,9.875558932469403,False,False
3054,1247.679371339663,10.919030641795334,14.917503800957851,6.921247882243142,14,0.0,1247.679371339663,1262.5968751406208,14.917503800957775,False,False
3055,1248.815586789359,10.45129949438977,14.487176488612624,6.386621280174381,15,0.0,1248.815586789359,1263.3027632779717,14.487176488612704,False,False
3056,1249.408840516438,5.103706986070312,16.746757689538015,2.7501215943615978,16,0.0,1249.408840516438,1266.155598205976,16.74675768953807,False,False
3057,1251.0597656652112,22.68346508262301,28.04941145893409,7.7153479959182745,17,0.0,1251.0597656652112,1279.1091771241454,28.049411458934173,False,False
3058,1251.254437649795,30.059115803276548,3.690142433270231,5.652954402684827,18,0.0,1251.254437649795,1254.9445800830651,3.690142433270239,False,False
3059,1251.3330046810645,9.794475533373314,4.820134455436292,2.5008376808664545,19,0.0,1251.3330046810645,1256.1531391365008,4.820134455436346,False,False
3060,1252.1929690204047,28.512145481540465,25.015350048279437,5.252075069209759,0,0.0,1252.1929690204047,1277.2083190686842,25.015350048279515,False,False
3061,1252.7274485770477,7.243150634233892,2.046604720354902,7.49818718567885,1,0.0,1252.7274485770477,1254.7740532974026,2.046604720354935,False,False
3062,1253.4245431834827,14.984606564569486,18.359298965519383,6.751077980342351,2,0.0,1253.4245431834827,1271.783842149002,18.35929896551943,False,False
3063,1255.3136747132821,33.86111273716493,25.97372804312085,7.294429205102218,3,0.0,1255.3136747132821,1281.287402756403,25.9737280431209,False,False
3064,1257.3104451262102,24.994035938142623,17.260422339446578,1.9430005430594197,4,0.0,1257.3104451262102,1274.5708674656569,17.260422339446677,False,False
3065,1257.407940139685,5.486084419393855,9.304576582947194,3.02663125451387,5,0.0,1257.407940139685,1266.7125167226322,9.30457658294722,False,False
3066,1259.2877496497285,26.538607473919114,17.83850755627906,6.868057950456553,6,0.0,1259.2877496497285,1277.1262572060075,17.838507556278955,False,False
3067,1259.5737707046314,20.2616427668597,22.619674445192373,4.5291411953089025,7,0.0,1259.5737707046314,1282.193445149824,22.61967444519246,False,False
3068,1260.059947771015,20.316596217638008,19.424856842716387,6.964219611433366,8,0.0,1260.059947771015,1279.4848046137313,19.42485684271628,False,False
3069,1260.2399020867795,6.763976897156717,7.630302766256822,1.8171507741095252,9,0.0,1260.2399020867795,1267.8702048530363,7.630302766256818,False,False
3070,1260.2608323468478,21.834956059830382,13.434954286125597,5.1854761114821475,10,0.0,1260.2608323468478,1273.6957866329733,13.434954286125503,False,False
3071,1263.198331941914,24.03564202716973,20.424065112782458,5.442553401556122,11,0.0,1263.198331941914,1283.6223970546964,20.4240651127825,False,False
3072,1264.5124870554275,11.004047568602122,27.968331801871805,6.530359661433204,12,0.0,1264.5124870554275,1292.4808188572993,27.968331801871727,False,False
3073,1265.6893786919015,13.887370215901205,8.694968622458198,2.824326923450645,13,0.0,1265.6893786919015,1274.3843473143597,8.694968622458191,False,False
3074,1266.1149314025752,17.91566611214393,17.80838993803696,3.4454826843232094,14,0.0,1266.1149314025752,1283.9233213406121,17.808389938036953,False,False
3075,1268.400262715521,20.53969991422907,22.46688559753354,7.484787468546774,15,0.0,1268.400262715521,1290.8671483130545,22.46688559753352,False,False
3076,1270.818498718826,33.120817512765115,29.84488620914753,5.691719534951302,16,0.0,1270.818498718826,1300.6633849279735,29.84488620914749,False,False
3077,1270.9314988855451,24.906968059965287,2.5811544297857276,3.110232278461709,17,0.0,1270.9314988855451,1273.512653315331,2.5811544297857836,False,False
3078,1271.026483625147,8.372674913930231,8.325906382918824,1.883238260859472,18,0.0,1271.026483625147,1279.3523900080659,8.325906382918902,False,False
3079,1272.9040823886473,15.442318086346578,14.110770670209508,1.6908537700751967,19,0.0,1272.9040823886473,1287.014853058857,14.110770670209604,False,False
3080,1273.2410884491815,7.604717605185557,14.331202129147513,6.236068214124903,0,0.0,1273.2410884491815,1287.5722905783289,14.331202129147414,False,False
3081,1273.3725379756565,22.748248771448967,15.500858636665976,6.57581515782258,1,0.0,1273.3725379756565,1288.8733966123225,15.500858636665953,False,False
3082,1273.5684450286976,10.62926875365828,25.638986552414806,5.317909476221221,2,0.0,1273.5684450286976,1299.2074315811124,25.638986552414735,False,False
3083,1274.0399503220376,25.393581156304627,10.434775578316863,7.045722303469339,3,0.0,1274.0399503220376,1284.4747259003545,10.43477557831693,False,False
3084,1274.3471996004364,28.317234234207326,12.116791346500914,2.930885150171244,4,0.0,1274.3471996004364,1286.4639909469372,12.116791346500804,False,False
3085,1274.9474722873001,21.54201154073442,6.67324185495057,1.7886100401560285,5,0.0,1274.9474722873001,1281.6207141422508,6.673241854950675,False,False
3086,1277.3828810401299,8.429657495484163,27.91447107075922,2.6748969734821735,6,0.0,1277.3828810401299,1305.297352110889,27.91447107075919,False,False
3087,1277.5150788803244,27.062709220436552,28.92399471970661,3.581552195766402,7,0.0,1277.5150788803244,1306.439073600031,28.92399471970657,False,False
3088,1280.084984225346,30.814665047461492,8.2799373234681,4.679893116786355,8,0.0,1280.084984225346,1288.3649215488142,8.279937323468175,False,False
3089,1280.350476660146,27.458398678159963,3.791718630579746,2.939976956965927,9,0.0,1280.350476660146,1284.1421952907256,3.7917186305796804,False,False
3090,1282.401145740394,28.17695413905827,12.11119101429796,6.57522290570884,10,0.0,1282.401145740394,1294.512336754692,12.111191014297901,False,False
3091,1282.7027370533633,33.9287823237739,6.641303048815283,3.08062797320538,11,0.0,1282.7027370533633,1289.3440401021785,6.641303048815189,False,False
3092,1283.6671970778439,11.452297156345246,29.95772081316941,4.867913963125151,12,0.0,1283.6671970778439,1313.6249178910132,29.957720813169317,False,False
3093,1284.758733698468,9.148710374466184,2.235487729077471,7.9056977946993685,13,0.0,1284.758733698468,1286.9942214275454,2.2354877290774766,False,False
3094,1287.4747934674742,26.492758219769165,6.523909504772629,7.51911297559895,14,0.0,1287.4747934674742,1293.9987029722467,6.523909504772519,False,False
3095,1292.8653746992438,31.98848897846796,27.09149643841271,3.9173912522618384,15,0.0,1292.8653746992438,1319.9568711376564,27.091496438412605,False,False
3096,1293.5451607250652,32.56905897010287,16.643283864048,1.9717899269209642,16,0.0,1293.5451607250652,1310.1884445891133,16.643283864048044,False,False
3097,1297.7744508579224,8.123069925586215,9.28817079018689,6.946599976467013,17,0.0,1297.7744508579224,1307.0626216481094,9.288170790186996,False,False
3098,1297.812749170427,30.603824920125245,12.49670318808267,5.121137834185783,18,0.0,1297.812749170427,1310.3094523585096,12.49670318808262,False,False
3099,1299.6933041645889,34.038592563336024,18.975025165821506,6.91965702938339,19,0.0,1299.6933041645889,1318.6683293304104,18.975025165821535,False,False
3100,1299.842130781625,29.80854352555715,17.059869445806402,5.138288385517677,0,0.0,1299.842130781625,1316.9020002274315,17.0598694458065,False,False
3101,1300.6102214158996,14.513649077664125,13.22544370935767,2.9906970091705896,1,0.0,1300.6102214158996,1313.8356651252573,13.225443709357705,False,False
3102,1300.7457141785528,5.599098266856909,18.46027083625266,2.8517125283214524,2,0.0,1300.7457141785528,1319.2059850148055,18.460270836252676,False,False
3103,1301.838739240703,33.52340772365377,3.898610577208192,2.046389710032112,3,0.0,1301.838739240703,1305.7373498179113,3.8986105772082738,False,False
3104,1304.0975795878765,17.595953234080927,7.388597776075267,6.586855500715998,4,0.0,1304.0975795878765,1311.4861773639518,7.388597776075358,False,False
3105,1304.5897767950771,33.751930369212914,17.569784338468768,2.317669981974078,5,0.0,1304.5897767950771,1322.1595611335458,17.569784338468708,False,False
3106,1305.2259559565475,20.50879084667129,26.765039297526283,7.205997235464131,6,0.0,1305.2259559565475,1331.9909952540738,26.7650392975263,False,False
3107,1306.2331118235727,27.420247912368843,3.5792860170957668,7.643283946266562,7,0.0,1306.2331118235727,1309.8123978406684,3.579286017095683,False,False
3108,1308.3328523293815,32.12105776407843,21.59971593756299,5.856880901063037,8,0.0,1308.3328523293815,1329.9325682669444,21.599715937562905,False,False
3109,1308.5948307983288,14.920186338899304,12.147356948325868,1.7785946529081844,9,0.0,1308.5948307983288,1320.7421877466547,12.147356948325978,False,False
3110,1308.616980440841,25.89248470970449,4.993344205903213,7.213393054058983,10,0.0,1308.616980440841,1313.6103246467442,4.993344205903213,False,False
3111,1310.5610774476352,12.108815281118279,25.2890266966995,7.240735012746738,11,0.0,1310.5610774476352,1335.8501041443346,25.289026696699466,False,False
3112,1312.2452094505875,23.464435108591147,15.792209799546631,6.452679122335431,12,0.0,1312.2452094505875,1328.037419250134,15.792209799546526,False,False
3113,1312.493753582671,21.2834796993916,7.161352781522342,6.085774620023094,13,0.0,1312.493753582671,1319.6551063641932,7.161352781522282,False,False
3114,1312.9764842611944,12.549560132042636,25.143960748096482,3.8414929117251537,14,0.0,1312.9764842611944,1338.120445009291,25.14396074809656,False,False
3115,1314.5052371339696,14.02628864585031,15.071335440532211,6.808168647016697,15,0.0,1314.5052371339696,1329.5765725745018,15.071335440532266,False,False
3116,1315.640033732969,29.919891888879622,17.642091351804794,6.258205724517138,16,0.0,1315.640033732969,1333.2821250847737,17.642091351804766,False,False
3117,1315.7734736170894,16.575392747473146,4.778352596247718,4.246400713755844,17,0.0,1315.7734736170894,1320.551826213337,4.778352596247714,False,False
3118,1315.8636004053458,31.901374060653886,5.448266446494218,5.591865749264895,18,0.0,1315.8636004053458,1321.31186685184,5.4482664464942445,False,False
3119,1316.078886383798,29.992861250657935,27.33660284792941,1.8948148362066137,19,0.0,1316.078886383798,1343.4154892317274,27.3366028479295,False,False
3120,1318.7644704604688,22.26005807046553,9.020483855169394,7.452947034486639,0,0.0,1318.7644704604688,1327.7849543156383,9.02048385516946,False,False
3121,1320.3554539643708,12.421055693998259,28.349287635111157,1.8261368400078473,1,0.0,1320.3554539643708,1348.7047415994818,28.349287635111068,False,False
3122,1326.3741011642128,7.321776774973264,4.085300985733987,4.213138822505897,2,0.0,1326.3741011642128,1330.4594021499468,4.085300985733966,False,False
3123,1327.0900566519256,19.93456439720601,27.89353016812129,1.286589594606403,3,0.0,1327.0900566519256,1354.9835868200469,27.893530168121288,False,False
3124,1327.2870480389101,20.13382902872719,4.49362029339616,5.794786284551132,4,0.0,1327.2870480389101,1331.7806683323063,4.493620293396134,False,False
3125,1327.75895161228,5.5196445869164386,3.8890718403865208,1.2210843537832259,5,0.0,1327.75895161228,1331.6480234526666,3.8890718403865776,False,False
3126,1330.2198552836085,6.850370821632393,23.058844879105212,7.256207340435838,6,0.0,1330.2198552836085,1353.2787001627137,23.05884487910521,False,False
3127,1330.8745889828883,27.11067592886906,8.738757710181556,2.7773786011517494,7,0.0,1330.8745889828883,1339.6133466930698,8.738757710181517,False,False
3128,1334.3699775999214,20.912908274056804,15.515365415070935,1.8722191375158013,8,0.0,1334.3699775999214,1349.8853430149923,15.515365415070846,False,False
3129,1336.070083367169,7.8807030641868785,4.307548871379806,5.164506255097375,9,0.0,1336.070083367169,1340.3776322385488,4.307548871379822,False,False
3130,1336.1947152984396,28.881766145065427,21.619264020600575,5.815307210965957,10,0.0,1336.1947152984396,1357.8139793190403,21.619264020600667,False,False
3131,1338.0848710519886,23.278402179216293,22.517841098113035,2.825983656460777,11,0.0,1338.0848710519886,1360.6027121501015,22.517841098112967,False,False
3132,1338.4433273940501,20.864960805279075,27.728753780270033,6.3620338028341346,12,0.0,1338.4433273940501,1366.17208117432,27.728753780269926,False,False
3133,1339.8655373593592,31.395834288434184,28.83732684732508,4.168500768384287,13,0.0,1339.8655373593592,1368.7028642066844,28.83732684732513,False,False
3134,1340.104948425399,11.865908012464164,4.065518674161128,7.760198456718134,14,0.0,1340.104948425399,1344.1704670995603,4.06551867416124,False,False
3135,1340.3744434390055,29.4196358618699,25.16334516955877,6.636678313597065,15,0.0,1340.3744434390055,1365.5377886085644,25.163345169558852,False,False
3136,1340.9393634119415,20.57524440084766,12.211705317146139,4.018665516091107,16,0.0,1340.9393634119415,1353.1510687290877,12.211705317146198,False,False
3137,1341.0031710692338,28.40033000650745,19.579482264298832,4.695412020110869,17,0.0,1341.0031710692338,1360.5826533335326,19.579482264298804,False,False
3138,1342.103090490211,14.929258024498687,7.69954302563743,1.6062808101579296,18,0.0,1342.103090490211,1349.8026335158484,7.6995430256374675,False,False
3139,1343.2888864639835,12.611332941039777,2.7072131383272278,1.044890296078703,19,0.0,1343.2888864639835,1345.9960996023108,2.7072131383272335,False,False
3140,1345.6729277827653,30.907916142354974,26.6802798040793,3.2445180271905194,0,0.0,1345.6729277827653,1372.3532075868445,26.68027980407919,False,False
3141,1348.5480841712372,33.611774125483294,8.635674173169134,5.8588433746720145,1,0.0,1348.5480841712372,1357.1837583444062,8.635674173169036,False,False
3142,1348.7226436304638,16.039762189747492,22.041798385017724,7.975046794185812,2,0.0,1348.7226436304638,1370.7644420154816,22.041798385017728,False,False
3143,1355.3227338924796,20.78989062661629,16.93137326688774,2.1429244169052803,3,0.0,1355.3227338924796,1372.2541071593673,16.931373266887704,False,False
3144,1356.1316660127559,23.827200261790285,23.915015200628726,5.3075439868843,4,0.0,1356.1316660127559,1380.0466812133845,23.91501520062866,False,False
3145,1356.6826365369295,32.191300172800325,7.2846029775843295,4.068043517262975,5,0.0,1356.6826365369295,1363.967239514514,7.284602977584427,False,False
3146,1357.3039971041621,9.038378798996169,5.5157997083845105,5.952939268897456,6,0.0,1357.3039971041621,1362.8197968125467,5.51579970838452,False,False
3147,1357.4781352586426,22.870836481550484,3.907998197722793,2.4153999653984677,7,0.0,1357.4781352586426,1361.3861334563653,3.9079981977226907,False,False
3148,1359.1044625742718,29.029510933739108,9.379458255118427,6.724489933782537,8,0.0,1359.1044625742718,1368.4839208293902,9.37945825511838,False,False
3149,1360.240165116164,34.01364586819692,26.733576035797096,6.005458447816829,9,0.0,1360.240165116164,1386.9737411519611,26.733576035797114,False,False
3150,1366.352131276541,14.065208431542992,15.788765797337563,1.6047721697110027,10,0.0,1366.352131276541,1382.1408970738787,15.788765797337646,False,False
3151,1367.870793089767,20.102397620574386,5.460282487521336,2.1297821797954146,11,0.0,1367.870793089767,1373.3310755772882,5.460282487521226,False,False
3152,1369.5258369451528,27.54541414588435,11.865718244537819,4.336454498813639,12,0.0,1369.5258369451528,1381.3915551896907,11.865718244537902,False,False
3153,1370.6073860469482,20.307004991445467,22.48050612372529,7.527480105621087,13,0.0,1370.6073860469482,1393.0878921706735,22.480506123725263,False,False
3154,1371.5578605731225,9.082635559511527,26.96452015804361,2.049835368388783,14,0.0,1371.5578605731225,1398.522380731166,26.96452015804357,False,False
3155,1373.1153830966816,34.04052310506104,16.7050217692564,6.465226017496841,15,0.0,1373.1153830966816,1389.820404865938,16.70502176925629,False,False
3156,1376.1297674004688,27.591024986669066,3.9590645429416282,3.2581369893058847,16,0.0,1376.1297674004688,1380.0888319434105,3.9590645429416327,False,False
3157,1379.5421299790924,23.641985507107698,9.387541341509007,4.185169973297244,17,0.0,1379.5421299790924,1388.9296713206013,9.38754134150895,False,False
3158,1381.8081228826777,19.306045993362147,2.60451529030227,4.578490819666868,18,0.0,1381.8081228826777,1384.41263817298,2.604515290302288,False,False
3159,1383.7093608839884,32.18035681008869,6.630384194165092,2.284347950471987,19,0.0,1383.7093608839884,1390.3397450781536,6.630384194165117,False,False
3160,1388.9935021125557,17.930185726335953,12.999805698224582,1.9711984698154228,0,0.0,1388.9935021125557,1401.9933078107804,12.99980569822469,False,False
3161,1391.6350670315085,20.56437657823223,3.9539603304735285,5.223763320226467,1,0.0,1391.6350670315085,1395.589027361982,3.953960330473592,False,False
3162,1395.8161044856108,25.85654224199992,10.496952048298958,4.758224276294411,2,0.0,1395.8161044856108,1406.3130565339097,10.496952048298908,False,False
3163,1399.1137082935186,14.337906805060088,13.59335815264921,2.689157831653008,3,0.0,1399.1137082935186,1412.7070664461678,13.593358152649216,False,False
3164,1399.117440400636,32.718980694533855,22.574577121004054,5.888766962951783,4,0.0,1399.117440400636,1421.69201752164,22.57457712100404,False,False
3165,1400.3113542306698,21.6720359620823,8.119717848393744,7.4898108258949545,5,0.0,1400.3113542306698,1408.4310720790636,8.119717848393748,False,False
3166,1402.1272710808853,31.06504884346853,24.247470621536323,5.468804219745238,6,0.0,1402.1272710808853,1426.3747417024217,24.247470621536422,False,False
3167,1402.568166527873,14.36870336577196,11.160731255842819,2.348325144234877,7,0.0,1402.568166527873,1413.7288977837159,11.160731255842848,False,False
3168,1404.2915763971587,24.31024570561689,19.18191763230793,6.080748744559082,8,0.0,1404.2915763971587,1423.4734940294666,19.181917632307886,False,False
3169,1404.5805588416274,24.65976517789775,5.369248077654353,1.6224111137103119,9,0.0,1404.5805588416274,1409.9498069192819,5.369248077654447,False,False
3170,1406.1536089862502,16.51414176205917,29.116254032388206,4.868682558138383,10,0.0,1406.1536089862502,1435.2698630186385,29.11625403238827,False,False
3171,1407.5702646977456,33.31289113238037,12.263295445646182,4.380783648982012,11,0.0,1407.5702646977456,1419.8335601433919,12.263295445646236,False,False
3172,1409.3967460638985,12.777990529169738,16.708616389457816,5.202207871963912,12,0.0,1409.3967460638985,1426.1053624533563,16.708616389457802,False,False
3173,1410.969108138381,15.46183928902795,16.860688050633932,4.988539688671933,13,0.0,1410.969108138381,1427.8297961890148,16.860688050633826,False,False
3174,1411.245621378533,6.074228544091913,29.758641758793722,3.183597598881741,14,0.0,1411.245621378533,0.0,,False,False
3175,1414.6826991125001,7.383623148531616,19.08674663399681,3.591908210714781,15,0.0,1414.6826991125001,1433.769445746497,19.08674663399688,False,False
3176,1415.291161871585,5.994387133031176,24.617213270665143,7.544884745739376,16,0.0,1415.291161871585,1439.9083751422502,24.61721327066516,False,False
3177,1415.4845729966978,25.44275639155184,5.486068360114178,1.5728883397791016,17,0.0,1415.4845729966978,1420.970641356812,5.486068360114132,False,False
3178,1416.1036153594628,12.662227795291638,11.693800193907641,3.747822625589467,18,0.0,1416.1036153594628,1427.7974155533705,11.693800193907691,False,False
3179,1416.306717566725,23.423401322550387,16.90348893644984,6.869319573342394,19,0.0,1416.306717566725,1433.2102065031747,16.903488936449776,False,False
3180,1416.508449695519,21.994800831170796,4.269729922457737,7.507483216150284,0,0.0,1416.508449695519,1420.7781796179768,4.269729922457827,False,False
3181,1417.837834589638,33.77141387649963,22.04195935583619,6.500729284078107,1,0.0,1417.837834589638,1439.8797939454744,22.041959355836298,False,False
3182,1418.149848169901,34.173681808244815,28.809418235169534,2.387959563480522,2,0.0,1418.149848169901,0.0,,False,False
3183,1418.4495204051038,27.711894475425126,5.325381615689012,1.553600373826776,3,0.0,1418.4495204051038,1423.7749020207928,5.3253816156889116,False,False
3184,1419.8694068574894,13.435261388307072,21.33371331492864,2.322381943790116,4,0.0,1419.8694068574894,0.0,,False,False
3185,1420.5449935496267,22.886852411748244,10.965770047480222,7.03438706272088,5,0.0,1420.5449935496267,1431.510763597107,10.965770047480191,False,False
3186,1423.901635515521,11.560726582663548,9.795151951651224,5.815902124730746,6,0.0,1423.901635515521,1433.6967874671723,9.795151951651178,False,False
3187,1427.669681684788,11.014692772757375,12.944958094200965,7.158344883722515,7,0.0,1427.669681684788,0.0,,False,False
3188,1428.7238996952,23.810719183364515,16.970582820647103,6.875801035986377,8,0.0,1428.7238996952,0.0,,False,False
3189,1429.3932784273466,25.447834239956684,24.392046422147974,1.1545583222686795,9,0.0,1429.3932784273466,0.0,,False,False
3190,1430.3138105957187,12.177623940687722,24.396723478227873,5.655643425273319,10,0.0,1430.3138105957187,0.0,,False,False
3191,1432.211353304607,14.475108285500482,9.62012912954268,4.812251754593773,11,0.0,1432.211353304607,0.0,,False,False
3192,1432.3572359035209,30.11688981534779,13.353193197533013,1.4317384165694318,12,0.0,1432.3572359035209,0.0,,False,False
3193,1433.2768892777804,31.526628349782992,26.36786069196281,4.9389992053277965,13,0.0,1433.2768892777804,0.0,,False,False
3194,1436.099178810938,21.577730523603567,22.72920532828779,5.104391342464346,14,0.0,1436.099178810938,0.0,,False,False
3195,1436.9230067896426,15.076579086837615,29.64229534743265,7.750645089843863,15,0.0,1436.9230067896426,0.0,,False,False
3196,1438.920037604291,18.4681888974562,13.187709081257708,6.282606046396274,16,0.0,1438.920037604291,0.0,,False,False
3197,1439.2328910952938,10.849977046732212,17.626452350782603,7.265555882751028,17,0.0,1439.2328910952938,0.0,,False,False
